Imgs;Steering
C:\Users\Tune and Tones\Documents\traindata\IMG\center_2026_08_02_18_56_16_590.jpg;-0.45
C:\Users\Tune and Tones\Documents\traindata\IMG\center_2026_08_02_18_56_16_680.jpg;0
C:\Users\Tune and Tones\Documents\traindata\IMG\center_2026_08_02_18_56_16_763.jpg;0
C:\Users\Tune and Tones\Documents\traindata\IMG\center_2026_08_02_18_56_16_845.jpg;0
C:\Users\Tune and Tones\Documents\traindata\IMG\center_2026_08_02_18_56_16_930.jpg;0
C:\Users\Tune and Tones\Documents\traindata\IMG\center_2026_08_02_18_56_17_016.jpg;0
C:\Users\Tune and Tones\Documents\traindata\IMG\center_2026_08_02_18_56_17_099.jpg;-0.2
C:\Users\Tune and Tones\Documents\traindata\IMG\center_2026_08_02_18_56_17_185.jpg;-0.4
C:\Users\Tune and Tones\Documents\traindata\IMG\center_2026_08_02_18_56_17_271.jpg;-0.6000001
C:\Users\Tune and Tones\Documents\traindata\IMG\center_2026_08_02_18_56_17_357.jpg;-0.8500001
C:\Users\Tune and Tones\Documents\traindata\IMG\center_2026_08_02_18_56_17_446.jpg;-1
C:\Users\Tune and Tones\Documents\traindata\IMG\center_2026_08_02_18_56_17_528.jpg;-1
C:\Users\Tune and Tones\Documents\traindata\IMG\center_2026_08_02_18_56_17_616.jpg;0
C:\Users\Tune and Tones\Documents\traindata\IMG\center_2026_08_02_18_56_17_703.jpg;0
C:\Users\Tune and Tones\Documents\traindata\IMG\center_2026_08_02_18_56_17_789.jpg;0
C:\Users\Tune and Tones\Documents\traindata\IMG\center_2026_08_02_18_56_17_877.jpg;0
C:\Users\Tune and Tones\Documents\traindata\IMG\center_2026_08_02_18_56_17_964.jpg;0
C:\Users\Tune and Tones\Documents\traindata\IMG\center_2026_08_02_18_56_18_055.jpg;0
C:\Users\Tune and Tones\Documents\traindata\IMG\center_2026_08_02_18_56_18_141.jpg;0
C:\Users\Tune and Tones\Documents\traindata\IMG\center_2026_08_02_18_56_18_227.jpg;0
C:\Users\Tune and Tones\Documents\traindata\IMG\center_2026_08_02_18_56_18_318.jpg;0
C:\Users\Tune and Tones\Documents\traindata\IMG\center_2026_08_02_18_56_18_404.jpg;0
C:\Users\Tune and Tones\Documents\traindata\IMG\center_2026_08_02_18_56_18_495.jpg;0
C:\Users\Tune and Tones\Documents\traindata\IMG\center_2026_08_02_18_56_18_588.jpg;0
C:\Users\Tune and Tones\Documents\traindata\IMG\center_2026_08_02_18_56_18_674.jpg;0
C:\Users\Tune and Tones\Documents\traindata\IMG\center_2026_08_02_18_56_18_763.jpg;0
C:\Users\Tune and Tones\Documents\traindata\IMG\center_2026_08_02_18_56_18_853.jpg;-0.2
C:\Users\Tune and Tones\Documents\traindata\IMG\center_2026_08_02_18_56_18_942.jpg;-0.45
C:\Users\Tune and Tones\Documents\traindata\IMG\center_2026_08_02_18_56_19_032.jpg;-0.6500001
C:\Users\Tune and Tones\Documents\traindata\IMG\center_2026_08_02_18_56_19_116.jpg;-0.9000002
C:\Users\Tune and Tones\Documents\traindata\IMG\center_2026_08_02_18_56_19_213.jpg;-1
C:\Users\Tune and Tones\Documents\traindata\IMG\center_2026_08_02_18_56_19_306.jpg;-1
C:\Users\Tune and Tones\Documents\traindata\IMG\center_2026_08_02_18_56_19_397.jpg;-1
C:\Users\Tune and Tones\Documents\traindata\IMG\center_2026_08_02_18_56_19_491.jpg;-1
C:\Users\Tune and Tones\Documents\traindata\IMG\center_2026_08_02_18_56_19_580.jpg;-1
C:\Users\Tune and Tones\Documents\traindata\IMG\center_2026_08_02_18_56_19_676.jpg;-1
C:\Users\Tune and Tones\Documents\traindata\IMG\center_2026_08_02_18_56_19_768.jpg;0
C:\Users\Tune and Tones\Documents\traindata\IMG\center_2026_08_02_18_56_19_854.jpg;0
C:\Users\Tune and Tones\Documents\traindata\IMG\center_2026_08_02_18_56_19_940.jpg;0
C:\Users\Tune and Tones\Documents\traindata\IMG\center_2026_08_02_18_56_20_026.jpg;0.2
C:\Users\Tune and Tones\Documents\traindata\IMG\center_2026_08_02_18_56_20_094.jpg;0
C:\Users\Tune and Tones\Documents\traindata\IMG\center_2026_08_02_18_56_20_182.jpg;0.2
C:\Users\Tune and Tones\Documents\traindata\IMG\center_2026_08_02_18_56_20_267.jpg;0.4
C:\Users\Tune and Tones\Documents\traindata\IMG\center_2026_08_02_18_56_20_354.jpg;0.6500001
C:\Users\Tune and Tones\Documents\traindata\IMG\center_2026_08_02_18_56_20_439.jpg;0.8500001
C:\Users\Tune and Tones\Documents\traindata\IMG\center_2026_08_02_18_56_20_526.jpg;1
C:\Users\Tune and Tones\Documents\traindata\IMG\center_2026_08_02_18_56_20_613.jpg;0
C:\Users\Tune and Tones\Documents\traindata\IMG\center_2026_08_02_18_56_20_695.jpg;0
C:\Users\Tune and Tones\Documents\traindata\IMG\center_2026_08_02_18_56_20_796.jpg;0
C:\Users\Tune and Tones\Documents\traindata\IMG\center_2026_08_02_18_56_20_879.jpg;0
C:\Users\Tune and Tones\Documents\traindata\IMG\center_2026_08_02_18_56_20_964.jpg;0
C:\Users\Tune and Tones\Documents\traindata\IMG\center_2026_08_02_18_56_21_052.jpg;-0.2
C:\Users\Tune and Tones\Documents\traindata\IMG\center_2026_08_02_18_56_21_140.jpg;-0.45
C:\Users\Tune and Tones\Documents\traindata\IMG\center_2026_08_02_18_56_21_230.jpg;-0.6500001
C:\Users\Tune and Tones\Documents\traindata\IMG\center_2026_08_02_18_56_21_316.jpg;-0.9000002
C:\Users\Tune and Tones\Documents\traindata\IMG\center_2026_08_02_18_56_21_396.jpg;-1
C:\Users\Tune and Tones\Documents\traindata\IMG\center_2026_08_02_18_56_21_500.jpg;0
C:\Users\Tune and Tones\Documents\traindata\IMG\center_2026_08_02_18_56_21_590.jpg;0
C:\Users\Tune and Tones\Documents\traindata\IMG\center_2026_08_02_18_56_21_678.jpg;0
C:\Users\Tune and Tones\Documents\traindata\IMG\center_2026_08_02_18_56_21_766.jpg;0
C:\Users\Tune and Tones\Documents\traindata\IMG\center_2026_08_02_18_56_21_852.jpg;0
C:\Users\Tune and Tones\Documents\traindata\IMG\center_2026_08_02_18_56_21_925.jpg;0
C:\Users\Tune and Tones\Documents\traindata\IMG\center_2026_08_02_18_56_22_012.jpg;0
C:\Users\Tune and Tones\Documents\traindata\IMG\center_2026_08_02_18_56_22_098.jpg;0
C:\Users\Tune and Tones\Documents\traindata\IMG\center_2026_08_02_18_56_22_186.jpg;0
C:\Users\Tune and Tones\Documents\traindata\IMG\center_2026_08_02_18_56_22_277.jpg;0
C:\Users\Tune and Tones\Documents\traindata\IMG\center_2026_08_02_18_56_22_361.jpg;0
C:\Users\Tune and Tones\Documents\traindata\IMG\center_2026_08_02_18_56_22_449.jpg;0
C:\Users\Tune and Tones\Documents\traindata\IMG\center_2026_08_02_18_56_22_537.jpg;0
C:\Users\Tune and Tones\Documents\traindata\IMG\center_2026_08_02_18_56_22_623.jpg;-0.2
C:\Users\Tune and Tones\Documents\traindata\IMG\center_2026_08_02_18_56_22_709.jpg;-0.45
C:\Users\Tune and Tones\Documents\traindata\IMG\center_2026_08_02_18_56_22_794.jpg;0
C:\Users\Tune and Tones\Documents\traindata\IMG\center_2026_08_02_18_56_22_883.jpg;0
C:\Users\Tune and Tones\Documents\traindata\IMG\center_2026_08_02_18_56_22_969.jpg;0
C:\Users\Tune and Tones\Documents\traindata\IMG\center_2026_08_02_18_56_23_054.jpg;0
C:\Users\Tune and Tones\Documents\traindata\IMG\center_2026_08_02_18_56_23_136.jpg;0
C:\Users\Tune and Tones\Documents\traindata\IMG\center_2026_08_02_18_56_23_223.jpg;0
C:\Users\Tune and Tones\Documents\traindata\IMG\center_2026_08_02_18_56_23_313.jpg;-0.25
C:\Users\Tune and Tones\Documents\traindata\IMG\center_2026_08_02_18_56_23_401.jpg;-0.45
C:\Users\Tune and Tones\Documents\traindata\IMG\center_2026_08_02_18_56_23_483.jpg;0
C:\Users\Tune and Tones\Documents\traindata\IMG\center_2026_08_02_18_56_23_571.jpg;0
C:\Users\Tune and Tones\Documents\traindata\IMG\center_2026_08_02_18_56_23_657.jpg;0
C:\Users\Tune and Tones\Documents\traindata\IMG\center_2026_08_02_18_56_23_742.jpg;0
C:\Users\Tune and Tones\Documents\traindata\IMG\center_2026_08_02_18_56_23_832.jpg;0
C:\Users\Tune and Tones\Documents\traindata\IMG\center_2026_08_02_18_56_23_918.jpg;0
C:\Users\Tune and Tones\Documents\traindata\IMG\center_2026_08_02_18_56_24_005.jpg;-0.2
C:\Users\Tune and Tones\Documents\traindata\IMG\center_2026_08_02_18_56_24_095.jpg;-0.45
C:\Users\Tune and Tones\Documents\traindata\IMG\center_2026_08_02_18_56_24_179.jpg;-0.6500001
C:\Users\Tune and Tones\Documents\traindata\IMG\center_2026_08_02_18_56_24_269.jpg;0
C:\Users\Tune and Tones\Documents\traindata\IMG\center_2026_08_02_18_56_24_362.jpg;0
C:\Users\Tune and Tones\Documents\traindata\IMG\center_2026_08_02_18_56_24_451.jpg;0
C:\Users\Tune and Tones\Documents\traindata\IMG\center_2026_08_02_18_56_24_539.jpg;0
C:\Users\Tune and Tones\Documents\traindata\IMG\center_2026_08_02_18_56_24_620.jpg;0
C:\Users\Tune and Tones\Documents\traindata\IMG\center_2026_08_02_18_56_24_712.jpg;0
C:\Users\Tune and Tones\Documents\traindata\IMG\center_2026_08_02_18_56_24_800.jpg;0
C:\Users\Tune and Tones\Documents\traindata\IMG\center_2026_08_02_18_56_24_889.jpg;0
C:\Users\Tune and Tones\Documents\traindata\IMG\center_2026_08_02_18_56_24_978.jpg;-0.2
C:\Users\Tune and Tones\Documents\traindata\IMG\center_2026_08_02_18_56_25_065.jpg;-0.4
C:\Users\Tune and Tones\Documents\traindata\IMG\center_2026_08_02_18_56_25_153.jpg;-0.6500001
C:\Users\Tune and Tones\Documents\traindata\IMG\center_2026_08_02_18_56_25_242.jpg;-0.8500001
C:\Users\Tune and Tones\Documents\traindata\IMG\center_2026_08_02_18_56_25_331.jpg;0
C:\Users\Tune and Tones\Documents\traindata\IMG\center_2026_08_02_18_56_25_430.jpg;0
C:\Users\Tune and Tones\Documents\traindata\IMG\center_2026_08_02_18_56_25_526.jpg;0
C:\Users\Tune and Tones\Documents\traindata\IMG\center_2026_08_02_18_56_25_624.jpg;0
C:\Users\Tune and Tones\Documents\traindata\IMG\center_2026_08_02_18_56_25_713.jpg;0
C:\Users\Tune and Tones\Documents\traindata\IMG\center_2026_08_02_18_56_25_806.jpg;0
C:\Users\Tune and Tones\Documents\traindata\IMG\center_2026_08_02_18_56_25_908.jpg;0
C:\Users\Tune and Tones\Documents\traindata\IMG\center_2026_08_02_18_56_25_998.jpg;0
C:\Users\Tune and Tones\Documents\traindata\IMG\center_2026_08_02_18_56_26_093.jpg;0
C:\Users\Tune and Tones\Documents\traindata\IMG\center_2026_08_02_18_56_26_185.jpg;-0.2
C:\Users\Tune and Tones\Documents\traindata\IMG\center_2026_08_02_18_56_26_280.jpg;-0.45
C:\Users\Tune and Tones\Documents\traindata\IMG\center_2026_08_02_18_56_26_374.jpg;0
C:\Users\Tune and Tones\Documents\traindata\IMG\center_2026_08_02_18_56_26_468.jpg;0
C:\Users\Tune and Tones\Documents\traindata\IMG\center_2026_08_02_18_56_26_564.jpg;0
C:\Users\Tune and Tones\Documents\traindata\IMG\center_2026_08_02_18_56_26_664.jpg;0
C:\Users\Tune and Tones\Documents\traindata\IMG\center_2026_08_02_18_56_26_775.jpg;0
C:\Users\Tune and Tones\Documents\traindata\IMG\center_2026_08_02_18_56_26_858.jpg;0
C:\Users\Tune and Tones\Documents\traindata\IMG\center_2026_08_02_18_56_26_970.jpg;0
C:\Users\Tune and Tones\Documents\traindata\IMG\center_2026_08_02_18_56_27_064.jpg;0
C:\Users\Tune and Tones\Documents\traindata\IMG\center_2026_08_02_18_56_27_143.jpg;0
C:\Users\Tune and Tones\Documents\traindata\IMG\center_2026_08_02_18_56_27_241.jpg;-0.25
C:\Users\Tune and Tones\Documents\traindata\IMG\center_2026_08_02_18_56_27_335.jpg;-0.5000001
C:\Users\Tune and Tones\Documents\traindata\IMG\center_2026_08_02_18_56_27_431.jpg;0
C:\Users\Tune and Tones\Documents\traindata\IMG\center_2026_08_02_18_56_27_529.jpg;0
C:\Users\Tune and Tones\Documents\traindata\IMG\center_2026_08_02_18_56_27_626.jpg;0
C:\Users\Tune and Tones\Documents\traindata\IMG\center_2026_08_02_18_56_27_719.jpg;0
C:\Users\Tune and Tones\Documents\traindata\IMG\center_2026_08_02_18_56_27_815.jpg;0
C:\Users\Tune and Tones\Documents\traindata\IMG\center_2026_08_02_18_56_27_910.jpg;0
C:\Users\Tune and Tones\Documents\traindata\IMG\center_2026_08_02_18_56_28_002.jpg;0
C:\Users\Tune and Tones\Documents\traindata\IMG\center_2026_08_02_18_56_28_095.jpg;0
C:\Users\Tune and Tones\Documents\traindata\IMG\center_2026_08_02_18_56_28_186.jpg;0
C:\Users\Tune and Tones\Documents\traindata\IMG\center_2026_08_02_18_56_28_279.jpg;-0.25
C:\Users\Tune and Tones\Documents\traindata\IMG\center_2026_08_02_18_56_28_374.jpg;-0.5000001
C:\Users\Tune and Tones\Documents\traindata\IMG\center_2026_08_02_18_56_28_470.jpg;-0.7500002
C:\Users\Tune and Tones\Documents\traindata\IMG\center_2026_08_02_18_56_28_559.jpg;0
C:\Users\Tune and Tones\Documents\traindata\IMG\center_2026_08_02_18_56_28_651.jpg;0
C:\Users\Tune and Tones\Documents\traindata\IMG\center_2026_08_02_18_56_28_742.jpg;0
C:\Users\Tune and Tones\Documents\traindata\IMG\center_2026_08_02_18_56_28_836.jpg;0
C:\Users\Tune and Tones\Documents\traindata\IMG\center_2026_08_02_18_56_28_926.jpg;0
C:\Users\Tune and Tones\Documents\traindata\IMG\center_2026_08_02_18_56_29_019.jpg;0
C:\Users\Tune and Tones\Documents\traindata\IMG\center_2026_08_02_18_56_29_112.jpg;0
C:\Users\Tune and Tones\Documents\traindata\IMG\center_2026_08_02_18_56_29_205.jpg;0.2
C:\Users\Tune and Tones\Documents\traindata\IMG\center_2026_08_02_18_56_29_298.jpg;0
C:\Users\Tune and Tones\Documents\traindata\IMG\center_2026_08_02_18_56_29_390.jpg;0
C:\Users\Tune and Tones\Documents\traindata\IMG\center_2026_08_02_18_56_29_483.jpg;0
C:\Users\Tune and Tones\Documents\traindata\IMG\center_2026_08_02_18_56_29_581.jpg;0
C:\Users\Tune and Tones\Documents\traindata\IMG\center_2026_08_02_18_56_29_670.jpg;0
C:\Users\Tune and Tones\Documents\traindata\IMG\center_2026_08_02_18_56_29_762.jpg;0
C:\Users\Tune and Tones\Documents\traindata\IMG\center_2026_08_02_18_56_29_860.jpg;0
C:\Users\Tune and Tones\Documents\traindata\IMG\center_2026_08_02_18_56_29_959.jpg;0
C:\Users\Tune and Tones\Documents\traindata\IMG\center_2026_08_02_18_56_30_054.jpg;0
C:\Users\Tune and Tones\Documents\traindata\IMG\center_2026_08_02_18_56_30_152.jpg;0
C:\Users\Tune and Tones\Documents\traindata\IMG\center_2026_08_02_18_56_30_246.jpg;0
C:\Users\Tune and Tones\Documents\traindata\IMG\center_2026_08_02_18_56_30_344.jpg;0
C:\Users\Tune and Tones\Documents\traindata\IMG\center_2026_08_02_18_56_30_445.jpg;0
C:\Users\Tune and Tones\Documents\traindata\IMG\center_2026_08_02_18_56_30_538.jpg;0
C:\Users\Tune and Tones\Documents\traindata\IMG\center_2026_08_02_18_56_30_636.jpg;-0.25
C:\Users\Tune and Tones\Documents\traindata\IMG\center_2026_08_02_18_56_30_734.jpg;0
C:\Users\Tune and Tones\Documents\traindata\IMG\center_2026_08_02_18_56_30_833.jpg;0
C:\Users\Tune and Tones\Documents\traindata\IMG\center_2026_08_02_18_56_30_924.jpg;0
C:\Users\Tune and Tones\Documents\traindata\IMG\center_2026_08_02_18_56_31_026.jpg;0
C:\Users\Tune and Tones\Documents\traindata\IMG\center_2026_08_02_18_56_31_125.jpg;0
C:\Users\Tune and Tones\Documents\traindata\IMG\center_2026_08_02_18_56_31_227.jpg;0
C:\Users\Tune and Tones\Documents\traindata\IMG\center_2026_08_02_18_56_31_324.jpg;0
C:\Users\Tune and Tones\Documents\traindata\IMG\center_2026_08_02_18_56_31_425.jpg;-0.25
C:\Users\Tune and Tones\Documents\traindata\IMG\center_2026_08_02_18_56_31_527.jpg;-0.5000001
C:\Users\Tune and Tones\Documents\traindata\IMG\center_2026_08_02_18_56_31_617.jpg;-0.7500002
C:\Users\Tune and Tones\Documents\traindata\IMG\center_2026_08_02_18_56_31_717.jpg;0
C:\Users\Tune and Tones\Documents\traindata\IMG\center_2026_08_02_18_56_31_819.jpg;0
C:\Users\Tune and Tones\Documents\traindata\IMG\center_2026_08_02_18_56_31_919.jpg;0
C:\Users\Tune and Tones\Documents\traindata\IMG\center_2026_08_02_18_56_32_022.jpg;0
C:\Users\Tune and Tones\Documents\traindata\IMG\center_2026_08_02_18_56_32_116.jpg;0
C:\Users\Tune and Tones\Documents\traindata\IMG\center_2026_08_02_18_56_32_213.jpg;0
C:\Users\Tune and Tones\Documents\traindata\IMG\center_2026_08_02_18_56_32_311.jpg;0
C:\Users\Tune and Tones\Documents\traindata\IMG\center_2026_08_02_18_56_32_410.jpg;0.25
C:\Users\Tune and Tones\Documents\traindata\IMG\center_2026_08_02_18_56_32_505.jpg;0.45
C:\Users\Tune and Tones\Documents\traindata\IMG\center_2026_08_02_18_56_32_600.jpg;0
C:\Users\Tune and Tones\Documents\traindata\IMG\center_2026_08_02_18_56_32_698.jpg;0
C:\Users\Tune and Tones\Documents\traindata\IMG\center_2026_08_02_18_56_32_791.jpg;0
C:\Users\Tune and Tones\Documents\traindata\IMG\center_2026_08_02_18_56_32_889.jpg;0
C:\Users\Tune and Tones\Documents\traindata\IMG\center_2026_08_02_18_56_32_983.jpg;-0.25
C:\Users\Tune and Tones\Documents\traindata\IMG\center_2026_08_02_18_56_33_084.jpg;-0.5000001
C:\Users\Tune and Tones\Documents\traindata\IMG\center_2026_08_02_18_56_33_179.jpg;0
C:\Users\Tune and Tones\Documents\traindata\IMG\center_2026_08_02_18_56_33_275.jpg;0
C:\Users\Tune and Tones\Documents\traindata\IMG\center_2026_08_02_18_56_33_367.jpg;0
C:\Users\Tune and Tones\Documents\traindata\IMG\center_2026_08_02_18_56_33_469.jpg;0
C:\Users\Tune and Tones\Documents\traindata\IMG\center_2026_08_02_18_56_33_552.jpg;0
C:\Users\Tune and Tones\Documents\traindata\IMG\center_2026_08_02_18_56_33_640.jpg;0
C:\Users\Tune and Tones\Documents\traindata\IMG\center_2026_08_02_18_56_33_744.jpg;0
C:\Users\Tune and Tones\Documents\traindata\IMG\center_2026_08_02_18_56_33_838.jpg;0
C:\Users\Tune and Tones\Documents\traindata\IMG\center_2026_08_02_18_56_33_947.jpg;0
C:\Users\Tune and Tones\Documents\traindata\IMG\center_2026_08_02_18_56_34_042.jpg;0
C:\Users\Tune and Tones\Documents\traindata\IMG\center_2026_08_02_18_56_34_137.jpg;0
C:\Users\Tune and Tones\Documents\traindata\IMG\center_2026_08_02_18_56_34_233.jpg;0
C:\Users\Tune and Tones\Documents\traindata\IMG\center_2026_08_02_18_56_34_332.jpg;0
C:\Users\Tune and Tones\Documents\traindata\IMG\center_2026_08_02_18_56_34_420.jpg;0
C:\Users\Tune and Tones\Documents\traindata\IMG\center_2026_08_02_18_56_34_520.jpg;-0.25
C:\Users\Tune and Tones\Documents\traindata\IMG\center_2026_08_02_18_56_34_618.jpg;-0.5000001
C:\Users\Tune and Tones\Documents\traindata\IMG\center_2026_08_02_18_56_34_713.jpg;0
C:\Users\Tune and Tones\Documents\traindata\IMG\center_2026_08_02_18_56_34_809.jpg;0
C:\Users\Tune and Tones\Documents\traindata\IMG\center_2026_08_02_18_56_34_908.jpg;0
C:\Users\Tune and Tones\Documents\traindata\IMG\center_2026_08_02_18_56_34_993.jpg;0
C:\Users\Tune and Tones\Documents\traindata\IMG\center_2026_08_02_18_56_35_092.jpg;0
C:\Users\Tune and Tones\Documents\traindata\IMG\center_2026_08_02_18_56_35_190.jpg;0
C:\Users\Tune and Tones\Documents\traindata\IMG\center_2026_08_02_18_56_35_277.jpg;0
C:\Users\Tune and Tones\Documents\traindata\IMG\center_2026_08_02_18_56_35_376.jpg;0
C:\Users\Tune and Tones\Documents\traindata\IMG\center_2026_08_02_18_56_35_482.jpg;0
C:\Users\Tune and Tones\Documents\traindata\IMG\center_2026_08_02_18_56_35_579.jpg;0
C:\Users\Tune and Tones\Documents\traindata\IMG\center_2026_08_02_18_56_35_672.jpg;0
C:\Users\Tune and Tones\Documents\traindata\IMG\center_2026_08_02_18_56_35_771.jpg;0
C:\Users\Tune and Tones\Documents\traindata\IMG\center_2026_08_02_18_56_35_870.jpg;0
C:\Users\Tune and Tones\Documents\traindata\IMG\center_2026_08_02_18_56_35_969.jpg;0
C:\Users\Tune and Tones\Documents\traindata\IMG\center_2026_08_02_18_56_36_065.jpg;0
C:\Users\Tune and Tones\Documents\traindata\IMG\center_2026_08_02_18_56_36_154.jpg;0
C:\Users\Tune and Tones\Documents\traindata\IMG\center_2026_08_02_18_56_36_264.jpg;0
C:\Users\Tune and Tones\Documents\traindata\IMG\center_2026_08_02_18_56_36_364.jpg;0
C:\Users\Tune and Tones\Documents\traindata\IMG\center_2026_08_02_18_56_36_462.jpg;0
C:\Users\Tune and Tones\Documents\traindata\IMG\center_2026_08_02_18_56_36_561.jpg;0
C:\Users\Tune and Tones\Documents\traindata\IMG\center_2026_08_02_18_56_36_661.jpg;0
C:\Users\Tune and Tones\Documents\traindata\IMG\center_2026_08_02_18_56_36_762.jpg;0
C:\Users\Tune and Tones\Documents\traindata\IMG\center_2026_08_02_18_56_36_863.jpg;0
C:\Users\Tune and Tones\Documents\traindata\IMG\center_2026_08_02_18_56_36_960.jpg;0
C:\Users\Tune and Tones\Documents\traindata\IMG\center_2026_08_02_18_56_37_062.jpg;0
C:\Users\Tune and Tones\Documents\traindata\IMG\center_2026_08_02_18_56_37_156.jpg;0
C:\Users\Tune and Tones\Documents\traindata\IMG\center_2026_08_02_18_56_37_249.jpg;0
C:\Users\Tune and Tones\Documents\traindata\IMG\center_2026_08_02_18_56_37_353.jpg;0
C:\Users\Tune and Tones\Documents\traindata\IMG\center_2026_08_02_18_56_37_458.jpg;-0.25
C:\Users\Tune and Tones\Documents\traindata\IMG\center_2026_08_02_18_56_37_559.jpg;0
C:\Users\Tune and Tones\Documents\traindata\IMG\center_2026_08_02_18_56_37_661.jpg;0
C:\Users\Tune and Tones\Documents\traindata\IMG\center_2026_08_02_18_56_37_762.jpg;0
C:\Users\Tune and Tones\Documents\traindata\IMG\center_2026_08_02_18_56_37_860.jpg;0
C:\Users\Tune and Tones\Documents\traindata\IMG\center_2026_08_02_18_56_37_954.jpg;0
C:\Users\Tune and Tones\Documents\traindata\IMG\center_2026_08_02_18_56_38_060.jpg;0
C:\Users\Tune and Tones\Documents\traindata\IMG\center_2026_08_02_18_56_38_161.jpg;0
C:\Users\Tune and Tones\Documents\traindata\IMG\center_2026_08_02_18_56_38_252.jpg;0
C:\Users\Tune and Tones\Documents\traindata\IMG\center_2026_08_02_18_56_38_347.jpg;-0.2
C:\Users\Tune and Tones\Documents\traindata\IMG\center_2026_08_02_18_56_38_462.jpg;0
C:\Users\Tune and Tones\Documents\traindata\IMG\center_2026_08_02_18_56_38_572.jpg;0
C:\Users\Tune and Tones\Documents\traindata\IMG\center_2026_08_02_18_56_38_651.jpg;0
C:\Users\Tune and Tones\Documents\traindata\IMG\center_2026_08_02_18_56_38_761.jpg;0
C:\Users\Tune and Tones\Documents\traindata\IMG\center_2026_08_02_18_56_38_871.jpg;0
C:\Users\Tune and Tones\Documents\traindata\IMG\center_2026_08_02_18_56_38_963.jpg;0
C:\Users\Tune and Tones\Documents\traindata\IMG\center_2026_08_02_18_56_39_057.jpg;0
C:\Users\Tune and Tones\Documents\traindata\IMG\center_2026_08_02_18_56_39_160.jpg;0
C:\Users\Tune and Tones\Documents\traindata\IMG\center_2026_08_02_18_56_39_260.jpg;-0.25
C:\Users\Tune and Tones\Documents\traindata\IMG\center_2026_08_02_18_56_39_365.jpg;-0.5000001
C:\Users\Tune and Tones\Documents\traindata\IMG\center_2026_08_02_18_56_39_469.jpg;0
C:\Users\Tune and Tones\Documents\traindata\IMG\center_2026_08_02_18_56_39_568.jpg;0
C:\Users\Tune and Tones\Documents\traindata\IMG\center_2026_08_02_18_56_39_672.jpg;0
C:\Users\Tune and Tones\Documents\traindata\IMG\center_2026_08_02_18_56_39_771.jpg;0
C:\Users\Tune and Tones\Documents\traindata\IMG\center_2026_08_02_18_56_39_868.jpg;0
C:\Users\Tune and Tones\Documents\traindata\IMG\center_2026_08_02_18_56_39_972.jpg;0
C:\Users\Tune and Tones\Documents\traindata\IMG\center_2026_08_02_18_56_40_074.jpg;0
C:\Users\Tune and Tones\Documents\traindata\IMG\center_2026_08_02_18_56_40_172.jpg;0
C:\Users\Tune and Tones\Documents\traindata\IMG\center_2026_08_02_18_56_40_276.jpg;0
C:\Users\Tune and Tones\Documents\traindata\IMG\center_2026_08_02_18_56_40_382.jpg;0
C:\Users\Tune and Tones\Documents\traindata\IMG\center_2026_08_02_18_56_40_496.jpg;0
C:\Users\Tune and Tones\Documents\traindata\IMG\center_2026_08_02_18_56_40_594.jpg;0
C:\Users\Tune and Tones\Documents\traindata\IMG\center_2026_08_02_18_56_40_690.jpg;0
C:\Users\Tune and Tones\Documents\traindata\IMG\center_2026_08_02_18_56_40_794.jpg;0
C:\Users\Tune and Tones\Documents\traindata\IMG\center_2026_08_02_18_56_40_904.jpg;0
C:\Users\Tune and Tones\Documents\traindata\IMG\center_2026_08_02_18_56_40_991.jpg;-0.25
C:\Users\Tune and Tones\Documents\traindata\IMG\center_2026_08_02_18_56_41_096.jpg;-0.5000001
C:\Users\Tune and Tones\Documents\traindata\IMG\center_2026_08_02_18_56_41_209.jpg;0
C:\Users\Tune and Tones\Documents\traindata\IMG\center_2026_08_02_18_56_41_308.jpg;0
C:\Users\Tune and Tones\Documents\traindata\IMG\center_2026_08_02_18_56_41_413.jpg;0
C:\Users\Tune and Tones\Documents\traindata\IMG\center_2026_08_02_18_56_41_502.jpg;0
C:\Users\Tune and Tones\Documents\traindata\IMG\center_2026_08_02_18_56_41_594.jpg;0
C:\Users\Tune and Tones\Documents\traindata\IMG\center_2026_08_02_18_56_41_691.jpg;0
C:\Users\Tune and Tones\Documents\traindata\IMG\center_2026_08_02_18_56_41_788.jpg;0
C:\Users\Tune and Tones\Documents\traindata\IMG\center_2026_08_02_18_56_41_886.jpg;0
C:\Users\Tune and Tones\Documents\traindata\IMG\center_2026_08_02_18_56_41_982.jpg;0
C:\Users\Tune and Tones\Documents\traindata\IMG\center_2026_08_02_18_56_42_078.jpg;0
C:\Users\Tune and Tones\Documents\traindata\IMG\center_2026_08_02_18_56_42_180.jpg;0
C:\Users\Tune and Tones\Documents\traindata\IMG\center_2026_08_02_18_56_42_280.jpg;0
C:\Users\Tune and Tones\Documents\traindata\IMG\center_2026_08_02_18_56_42_377.jpg;0
C:\Users\Tune and Tones\Documents\traindata\IMG\center_2026_08_02_18_56_42_471.jpg;0
C:\Users\Tune and Tones\Documents\traindata\IMG\center_2026_08_02_18_56_42_567.jpg;0
C:\Users\Tune and Tones\Documents\traindata\IMG\center_2026_08_02_18_56_42_667.jpg;0
C:\Users\Tune and Tones\Documents\traindata\IMG\center_2026_08_02_18_56_42_765.jpg;0
C:\Users\Tune and Tones\Documents\traindata\IMG\center_2026_08_02_18_56_42_863.jpg;0
C:\Users\Tune and Tones\Documents\traindata\IMG\center_2026_08_02_18_56_42_963.jpg;0
C:\Users\Tune and Tones\Documents\traindata\IMG\center_2026_08_02_18_56_43_066.jpg;0
C:\Users\Tune and Tones\Documents\traindata\IMG\center_2026_08_02_18_56_43_162.jpg;0.25
C:\Users\Tune and Tones\Documents\traindata\IMG\center_2026_08_02_18_56_43_260.jpg;0.5000001
C:\Users\Tune and Tones\Documents\traindata\IMG\center_2026_08_02_18_56_43_364.jpg;0
C:\Users\Tune and Tones\Documents\traindata\IMG\center_2026_08_02_18_56_43_463.jpg;0
C:\Users\Tune and Tones\Documents\traindata\IMG\center_2026_08_02_18_56_43_563.jpg;0
C:\Users\Tune and Tones\Documents\traindata\IMG\center_2026_08_02_18_56_43_674.jpg;0
C:\Users\Tune and Tones\Documents\traindata\IMG\center_2026_08_02_18_56_43_790.jpg;0
C:\Users\Tune and Tones\Documents\traindata\IMG\center_2026_08_02_18_56_43_877.jpg;0
C:\Users\Tune and Tones\Documents\traindata\IMG\center_2026_08_02_18_56_43_974.jpg;0
C:\Users\Tune and Tones\Documents\traindata\IMG\center_2026_08_02_18_56_44_080.jpg;-0.25
C:\Users\Tune and Tones\Documents\traindata\IMG\center_2026_08_02_18_56_44_188.jpg;0
C:\Users\Tune and Tones\Documents\traindata\IMG\center_2026_08_02_18_56_44_293.jpg;0
C:\Users\Tune and Tones\Documents\traindata\IMG\center_2026_08_02_18_56_44_399.jpg;0
C:\Users\Tune and Tones\Documents\traindata\IMG\center_2026_08_02_18_56_44_503.jpg;0
C:\Users\Tune and Tones\Documents\traindata\IMG\center_2026_08_02_18_56_44_609.jpg;0
C:\Users\Tune and Tones\Documents\traindata\IMG\center_2026_08_02_18_56_44_713.jpg;0
C:\Users\Tune and Tones\Documents\traindata\IMG\center_2026_08_02_18_56_44_823.jpg;0
C:\Users\Tune and Tones\Documents\traindata\IMG\center_2026_08_02_18_56_44_945.jpg;0
C:\Users\Tune and Tones\Documents\traindata\IMG\center_2026_08_02_18_56_45_048.jpg;-0.25
C:\Users\Tune and Tones\Documents\traindata\IMG\center_2026_08_02_18_56_45_144.jpg;-0.5000001
C:\Users\Tune and Tones\Documents\traindata\IMG\center_2026_08_02_18_56_45_261.jpg;0
C:\Users\Tune and Tones\Documents\traindata\IMG\center_2026_08_02_18_56_45_363.jpg;0
C:\Users\Tune and Tones\Documents\traindata\IMG\center_2026_08_02_18_56_45_465.jpg;0
C:\Users\Tune and Tones\Documents\traindata\IMG\center_2026_08_02_18_56_45_569.jpg;0
C:\Users\Tune and Tones\Documents\traindata\IMG\center_2026_08_02_18_56_45_667.jpg;0
C:\Users\Tune and Tones\Documents\traindata\IMG\center_2026_08_02_18_56_45_756.jpg;0
C:\Users\Tune and Tones\Documents\traindata\IMG\center_2026_08_02_18_56_45_846.jpg;0
C:\Users\Tune and Tones\Documents\traindata\IMG\center_2026_08_02_18_56_45_956.jpg;0
C:\Users\Tune and Tones\Documents\traindata\IMG\center_2026_08_02_18_56_46_065.jpg;0
C:\Users\Tune and Tones\Documents\traindata\IMG\center_2026_08_02_18_56_46_161.jpg;0
C:\Users\Tune and Tones\Documents\traindata\IMG\center_2026_08_02_18_56_46_264.jpg;0
C:\Users\Tune and Tones\Documents\traindata\IMG\center_2026_08_02_18_56_46_350.jpg;0
C:\Users\Tune and Tones\Documents\traindata\IMG\center_2026_08_02_18_56_46_446.jpg;0
C:\Users\Tune and Tones\Documents\traindata\IMG\center_2026_08_02_18_56_46_567.jpg;0
C:\Users\Tune and Tones\Documents\traindata\IMG\center_2026_08_02_18_56_46_670.jpg;0
C:\Users\Tune and Tones\Documents\traindata\IMG\center_2026_08_02_18_56_46_773.jpg;0
C:\Users\Tune and Tones\Documents\traindata\IMG\center_2026_08_02_18_56_46_872.jpg;0
C:\Users\Tune and Tones\Documents\traindata\IMG\center_2026_08_02_18_56_46_969.jpg;0
C:\Users\Tune and Tones\Documents\traindata\IMG\center_2026_08_02_18_56_47_064.jpg;0
C:\Users\Tune and Tones\Documents\traindata\IMG\center_2026_08_02_18_56_47_158.jpg;-0.25
C:\Users\Tune and Tones\Documents\traindata\IMG\center_2026_08_02_18_56_47_256.jpg;-0.5000001
C:\Users\Tune and Tones\Documents\traindata\IMG\center_2026_08_02_18_56_47_357.jpg;0
C:\Users\Tune and Tones\Documents\traindata\IMG\center_2026_08_02_18_56_47_455.jpg;0
C:\Users\Tune and Tones\Documents\traindata\IMG\center_2026_08_02_18_56_47_561.jpg;0
C:\Users\Tune and Tones\Documents\traindata\IMG\center_2026_08_02_18_56_47_653.jpg;0
C:\Users\Tune and Tones\Documents\traindata\IMG\center_2026_08_02_18_56_47_753.jpg;0
C:\Users\Tune and Tones\Documents\traindata\IMG\center_2026_08_02_18_56_47_849.jpg;0
C:\Users\Tune and Tones\Documents\traindata\IMG\center_2026_08_02_18_56_47_947.jpg;0
C:\Users\Tune and Tones\Documents\traindata\IMG\center_2026_08_02_18_56_48_042.jpg;0
C:\Users\Tune and Tones\Documents\traindata\IMG\center_2026_08_02_18_56_48_139.jpg;0
C:\Users\Tune and Tones\Documents\traindata\IMG\center_2026_08_02_18_56_48_234.jpg;0
C:\Users\Tune and Tones\Documents\traindata\IMG\center_2026_08_02_18_56_48_330.jpg;0
C:\Users\Tune and Tones\Documents\traindata\IMG\center_2026_08_02_18_56_48_426.jpg;0
C:\Users\Tune and Tones\Documents\traindata\IMG\center_2026_08_02_18_56_48_526.jpg;0
C:\Users\Tune and Tones\Documents\traindata\IMG\center_2026_08_02_18_56_48_619.jpg;0.25
C:\Users\Tune and Tones\Documents\traindata\IMG\center_2026_08_02_18_56_48_715.jpg;0.5000001
C:\Users\Tune and Tones\Documents\traindata\IMG\center_2026_08_02_18_56_48_811.jpg;0
C:\Users\Tune and Tones\Documents\traindata\IMG\center_2026_08_02_18_56_48_908.jpg;0
C:\Users\Tune and Tones\Documents\traindata\IMG\center_2026_08_02_18_56_49_008.jpg;0
C:\Users\Tune and Tones\Documents\traindata\IMG\center_2026_08_02_18_56_49_106.jpg;0
C:\Users\Tune and Tones\Documents\traindata\IMG\center_2026_08_02_18_56_49_211.jpg;0
C:\Users\Tune and Tones\Documents\traindata\IMG\center_2026_08_02_18_56_49_309.jpg;0
C:\Users\Tune and Tones\Documents\traindata\IMG\center_2026_08_02_18_56_49_407.jpg;0
C:\Users\Tune and Tones\Documents\traindata\IMG\center_2026_08_02_18_56_49_508.jpg;0
C:\Users\Tune and Tones\Documents\traindata\IMG\center_2026_08_02_18_56_49_609.jpg;-0.25
C:\Users\Tune and Tones\Documents\traindata\IMG\center_2026_08_02_18_56_49_709.jpg;-0.5000001
C:\Users\Tune and Tones\Documents\traindata\IMG\center_2026_08_02_18_56_49_807.jpg;0
C:\Users\Tune and Tones\Documents\traindata\IMG\center_2026_08_02_18_56_49_908.jpg;0
C:\Users\Tune and Tones\Documents\traindata\IMG\center_2026_08_02_18_56_50_007.jpg;0
C:\Users\Tune and Tones\Documents\traindata\IMG\center_2026_08_02_18_56_50_094.jpg;0
C:\Users\Tune and Tones\Documents\traindata\IMG\center_2026_08_02_18_56_50_203.jpg;0
C:\Users\Tune and Tones\Documents\traindata\IMG\center_2026_08_02_18_56_50_302.jpg;0
C:\Users\Tune and Tones\Documents\traindata\IMG\center_2026_08_02_18_56_50_397.jpg;0
C:\Users\Tune and Tones\Documents\traindata\IMG\center_2026_08_02_18_56_50_496.jpg;0
C:\Users\Tune and Tones\Documents\traindata\IMG\center_2026_08_02_18_56_50_587.jpg;0
C:\Users\Tune and Tones\Documents\traindata\IMG\center_2026_08_02_18_56_50_675.jpg;-0.25
C:\Users\Tune and Tones\Documents\traindata\IMG\center_2026_08_02_18_56_50_774.jpg;-0.5000001
C:\Users\Tune and Tones\Documents\traindata\IMG\center_2026_08_02_18_56_50_872.jpg;0
C:\Users\Tune and Tones\Documents\traindata\IMG\center_2026_08_02_18_56_50_970.jpg;0
C:\Users\Tune and Tones\Documents\traindata\IMG\center_2026_08_02_18_56_51_067.jpg;0
C:\Users\Tune and Tones\Documents\traindata\IMG\center_2026_08_02_18_56_51_168.jpg;0
C:\Users\Tune and Tones\Documents\traindata\IMG\center_2026_08_02_18_56_51_259.jpg;0
C:\Users\Tune and Tones\Documents\traindata\IMG\center_2026_08_02_18_56_51_349.jpg;0
C:\Users\Tune and Tones\Documents\traindata\IMG\center_2026_08_02_18_56_51_446.jpg;0
C:\Users\Tune and Tones\Documents\traindata\IMG\center_2026_08_02_18_56_51_536.jpg;0
C:\Users\Tune and Tones\Documents\traindata\IMG\center_2026_08_02_18_56_51_627.jpg;0
C:\Users\Tune and Tones\Documents\traindata\IMG\center_2026_08_02_18_56_51_718.jpg;0
C:\Users\Tune and Tones\Documents\traindata\IMG\center_2026_08_02_18_56_51_815.jpg;0
C:\Users\Tune and Tones\Documents\traindata\IMG\center_2026_08_02_18_56_51_910.jpg;0
C:\Users\Tune and Tones\Documents\traindata\IMG\center_2026_08_02_18_56_52_002.jpg;0
C:\Users\Tune and Tones\Documents\traindata\IMG\center_2026_08_02_18_56_52_096.jpg;0
C:\Users\Tune and Tones\Documents\traindata\IMG\center_2026_08_02_18_56_52_189.jpg;0
C:\Users\Tune and Tones\Documents\traindata\IMG\center_2026_08_02_18_56_52_282.jpg;0
C:\Users\Tune and Tones\Documents\traindata\IMG\center_2026_08_02_18_56_52_375.jpg;0
C:\Users\Tune and Tones\Documents\traindata\IMG\center_2026_08_02_18_56_52_470.jpg;-0.25
C:\Users\Tune and Tones\Documents\traindata\IMG\center_2026_08_02_18_56_52_569.jpg;0
C:\Users\Tune and Tones\Documents\traindata\IMG\center_2026_08_02_18_56_52_663.jpg;0
C:\Users\Tune and Tones\Documents\traindata\IMG\center_2026_08_02_18_56_52_756.jpg;0
C:\Users\Tune and Tones\Documents\traindata\IMG\center_2026_08_02_18_56_52_853.jpg;0
C:\Users\Tune and Tones\Documents\traindata\IMG\center_2026_08_02_18_56_52_948.jpg;0
C:\Users\Tune and Tones\Documents\traindata\IMG\center_2026_08_02_18_56_53_037.jpg;0
C:\Users\Tune and Tones\Documents\traindata\IMG\center_2026_08_02_18_56_53_133.jpg;0
C:\Users\Tune and Tones\Documents\traindata\IMG\center_2026_08_02_18_56_53_222.jpg;0
C:\Users\Tune and Tones\Documents\traindata\IMG\center_2026_08_02_18_56_53_315.jpg;0
C:\Users\Tune and Tones\Documents\traindata\IMG\center_2026_08_02_18_56_53_406.jpg;0
C:\Users\Tune and Tones\Documents\traindata\IMG\center_2026_08_02_18_56_53_498.jpg;0
C:\Users\Tune and Tones\Documents\traindata\IMG\center_2026_08_02_18_56_53_591.jpg;0
C:\Users\Tune and Tones\Documents\traindata\IMG\center_2026_08_02_18_56_53_681.jpg;0
C:\Users\Tune and Tones\Documents\traindata\IMG\center_2026_08_02_18_56_53_774.jpg;0
C:\Users\Tune and Tones\Documents\traindata\IMG\center_2026_08_02_18_56_53_856.jpg;0
C:\Users\Tune and Tones\Documents\traindata\IMG\center_2026_08_02_18_56_53_954.jpg;0
C:\Users\Tune and Tones\Documents\traindata\IMG\center_2026_08_02_18_56_54_043.jpg;-0.2
C:\Users\Tune and Tones\Documents\traindata\IMG\center_2026_08_02_18_56_54_143.jpg;0
C:\Users\Tune and Tones\Documents\traindata\IMG\center_2026_08_02_18_56_54_235.jpg;0
C:\Users\Tune and Tones\Documents\traindata\IMG\center_2026_08_02_18_56_54_329.jpg;0
C:\Users\Tune and Tones\Documents\traindata\IMG\center_2026_08_02_18_56_54_423.jpg;0
C:\Users\Tune and Tones\Documents\traindata\IMG\center_2026_08_02_18_56_54_514.jpg;0
C:\Users\Tune and Tones\Documents\traindata\IMG\center_2026_08_02_18_56_54_618.jpg;0
C:\Users\Tune and Tones\Documents\traindata\IMG\center_2026_08_02_18_56_54_714.jpg;0
C:\Users\Tune and Tones\Documents\traindata\IMG\center_2026_08_02_18_56_54_807.jpg;0
C:\Users\Tune and Tones\Documents\traindata\IMG\center_2026_08_02_18_56_54_900.jpg;-0.25
C:\Users\Tune and Tones\Documents\traindata\IMG\center_2026_08_02_18_56_54_995.jpg;-0.5000001
C:\Users\Tune and Tones\Documents\traindata\IMG\center_2026_08_02_18_56_55_089.jpg;0
C:\Users\Tune and Tones\Documents\traindata\IMG\center_2026_08_02_18_56_55_180.jpg;0
C:\Users\Tune and Tones\Documents\traindata\IMG\center_2026_08_02_18_56_55_266.jpg;0
C:\Users\Tune and Tones\Documents\traindata\IMG\center_2026_08_02_18_56_55_358.jpg;0
C:\Users\Tune and Tones\Documents\traindata\IMG\center_2026_08_02_18_56_55_454.jpg;0
C:\Users\Tune and Tones\Documents\traindata\IMG\center_2026_08_02_18_56_55_542.jpg;0
C:\Users\Tune and Tones\Documents\traindata\IMG\center_2026_08_02_18_56_55_630.jpg;0
C:\Users\Tune and Tones\Documents\traindata\IMG\center_2026_08_02_18_56_55_721.jpg;0
C:\Users\Tune and Tones\Documents\traindata\IMG\center_2026_08_02_18_56_55_811.jpg;0
C:\Users\Tune and Tones\Documents\traindata\IMG\center_2026_08_02_18_56_55_903.jpg;-0.2
C:\Users\Tune and Tones\Documents\traindata\IMG\center_2026_08_02_18_56_55_993.jpg;-0.45
C:\Users\Tune and Tones\Documents\traindata\IMG\center_2026_08_02_18_56_56_080.jpg;-0.6500001
C:\Users\Tune and Tones\Documents\traindata\IMG\center_2026_08_02_18_56_56_170.jpg;0
C:\Users\Tune and Tones\Documents\traindata\IMG\center_2026_08_02_18_56_56_258.jpg;0
C:\Users\Tune and Tones\Documents\traindata\IMG\center_2026_08_02_18_56_56_350.jpg;0
C:\Users\Tune and Tones\Documents\traindata\IMG\center_2026_08_02_18_56_56_435.jpg;0
C:\Users\Tune and Tones\Documents\traindata\IMG\center_2026_08_02_18_56_56_519.jpg;0
C:\Users\Tune and Tones\Documents\traindata\IMG\center_2026_08_02_18_56_56_602.jpg;0
C:\Users\Tune and Tones\Documents\traindata\IMG\center_2026_08_02_18_56_56_689.jpg;0
C:\Users\Tune and Tones\Documents\traindata\IMG\center_2026_08_02_18_56_56_774.jpg;0
C:\Users\Tune and Tones\Documents\traindata\IMG\center_2026_08_02_18_56_56_856.jpg;0
C:\Users\Tune and Tones\Documents\traindata\IMG\center_2026_08_02_18_56_56_941.jpg;0
C:\Users\Tune and Tones\Documents\traindata\IMG\center_2026_08_02_18_56_57_024.jpg;0
C:\Users\Tune and Tones\Documents\traindata\IMG\center_2026_08_02_18_56_57_111.jpg;0
C:\Users\Tune and Tones\Documents\traindata\IMG\center_2026_08_02_18_56_57_193.jpg;0
C:\Users\Tune and Tones\Documents\traindata\IMG\center_2026_08_02_18_56_57_278.jpg;0
C:\Users\Tune and Tones\Documents\traindata\IMG\center_2026_08_02_18_56_57_364.jpg;0
C:\Users\Tune and Tones\Documents\traindata\IMG\center_2026_08_02_18_56_57_445.jpg;0
C:\Users\Tune and Tones\Documents\traindata\IMG\center_2026_08_02_18_56_57_530.jpg;0
C:\Users\Tune and Tones\Documents\traindata\IMG\center_2026_08_02_18_56_57_613.jpg;0
C:\Users\Tune and Tones\Documents\traindata\IMG\center_2026_08_02_18_56_57_697.jpg;0
C:\Users\Tune and Tones\Documents\traindata\IMG\center_2026_08_02_18_56_57_777.jpg;0
C:\Users\Tune and Tones\Documents\traindata\IMG\center_2026_08_02_18_56_57_859.jpg;0
C:\Users\Tune and Tones\Documents\traindata\IMG\center_2026_08_02_18_56_57_942.jpg;0
C:\Users\Tune and Tones\Documents\traindata\IMG\center_2026_08_02_18_56_58_025.jpg;-0.2
C:\Users\Tune and Tones\Documents\traindata\IMG\center_2026_08_02_18_56_58_104.jpg;-0.4
C:\Users\Tune and Tones\Documents\traindata\IMG\center_2026_08_02_18_56_58_183.jpg;0
C:\Users\Tune and Tones\Documents\traindata\IMG\center_2026_08_02_18_56_58_267.jpg;0
C:\Users\Tune and Tones\Documents\traindata\IMG\center_2026_08_02_18_56_58_345.jpg;0
C:\Users\Tune and Tones\Documents\traindata\IMG\center_2026_08_02_18_56_58_426.jpg;0
C:\Users\Tune and Tones\Documents\traindata\IMG\center_2026_08_02_18_56_58_504.jpg;0
C:\Users\Tune and Tones\Documents\traindata\IMG\center_2026_08_02_18_56_58_584.jpg;0
C:\Users\Tune and Tones\Documents\traindata\IMG\center_2026_08_02_18_56_58_663.jpg;0
C:\Users\Tune and Tones\Documents\traindata\IMG\center_2026_08_02_18_56_58_743.jpg;0
C:\Users\Tune and Tones\Documents\traindata\IMG\center_2026_08_02_18_56_58_826.jpg;0
C:\Users\Tune and Tones\Documents\traindata\IMG\center_2026_08_02_18_56_58_902.jpg;-0.2
C:\Users\Tune and Tones\Documents\traindata\IMG\center_2026_08_02_18_56_58_980.jpg;-0.4
C:\Users\Tune and Tones\Documents\traindata\IMG\center_2026_08_02_18_56_59_060.jpg;-0.6000001
C:\Users\Tune and Tones\Documents\traindata\IMG\center_2026_08_02_18_56_59_137.jpg;0
C:\Users\Tune and Tones\Documents\traindata\IMG\center_2026_08_02_18_56_59_214.jpg;0
C:\Users\Tune and Tones\Documents\traindata\IMG\center_2026_08_02_18_56_59_291.jpg;0
C:\Users\Tune and Tones\Documents\traindata\IMG\center_2026_08_02_18_56_59_368.jpg;0
C:\Users\Tune and Tones\Documents\traindata\IMG\center_2026_08_02_18_56_59_448.jpg;0
C:\Users\Tune and Tones\Documents\traindata\IMG\center_2026_08_02_18_56_59_524.jpg;0
C:\Users\Tune and Tones\Documents\traindata\IMG\center_2026_08_02_18_56_59_602.jpg;0
C:\Users\Tune and Tones\Documents\traindata\IMG\center_2026_08_02_18_56_59_681.jpg;0
C:\Users\Tune and Tones\Documents\traindata\IMG\center_2026_08_02_18_56_59_758.jpg;-0.2
C:\Users\Tune and Tones\Documents\traindata\IMG\center_2026_08_02_18_56_59_835.jpg;-0.4
C:\Users\Tune and Tones\Documents\traindata\IMG\center_2026_08_02_18_56_59_916.jpg;-0.6000001
C:\Users\Tune and Tones\Documents\traindata\IMG\center_2026_08_02_18_56_59_993.jpg;-0.8000001
C:\Users\Tune and Tones\Documents\traindata\IMG\center_2026_08_02_18_57_00_065.jpg;0
C:\Users\Tune and Tones\Documents\traindata\IMG\center_2026_08_02_18_57_00_142.jpg;0
C:\Users\Tune and Tones\Documents\traindata\IMG\center_2026_08_02_18_57_00_217.jpg;0
C:\Users\Tune and Tones\Documents\traindata\IMG\center_2026_08_02_18_57_00_297.jpg;0
C:\Users\Tune and Tones\Documents\traindata\IMG\center_2026_08_02_18_57_00_370.jpg;0
C:\Users\Tune and Tones\Documents\traindata\IMG\center_2026_08_02_18_57_00_446.jpg;0
C:\Users\Tune and Tones\Documents\traindata\IMG\center_2026_08_02_18_57_00_517.jpg;0
C:\Users\Tune and Tones\Documents\traindata\IMG\center_2026_08_02_18_57_00_588.jpg;0
C:\Users\Tune and Tones\Documents\traindata\IMG\center_2026_08_02_18_57_00_663.jpg;0
C:\Users\Tune and Tones\Documents\traindata\IMG\center_2026_08_02_18_57_00_735.jpg;0
C:\Users\Tune and Tones\Documents\traindata\IMG\center_2026_08_02_18_57_00_808.jpg;0
C:\Users\Tune and Tones\Documents\traindata\IMG\center_2026_08_02_18_57_00_883.jpg;-0.15
C:\Users\Tune and Tones\Documents\traindata\IMG\center_2026_08_02_18_57_00_957.jpg;-0.35
C:\Users\Tune and Tones\Documents\traindata\IMG\center_2026_08_02_18_57_01_032.jpg;-0.5500001
C:\Users\Tune and Tones\Documents\traindata\IMG\center_2026_08_02_18_57_01_105.jpg;0
C:\Users\Tune and Tones\Documents\traindata\IMG\center_2026_08_02_18_57_01_175.jpg;0
C:\Users\Tune and Tones\Documents\traindata\IMG\center_2026_08_02_18_57_01_250.jpg;0
C:\Users\Tune and Tones\Documents\traindata\IMG\center_2026_08_02_18_57_01_319.jpg;0
C:\Users\Tune and Tones\Documents\traindata\IMG\center_2026_08_02_18_57_01_395.jpg;0
C:\Users\Tune and Tones\Documents\traindata\IMG\center_2026_08_02_18_57_01_465.jpg;0
C:\Users\Tune and Tones\Documents\traindata\IMG\center_2026_08_02_18_57_01_539.jpg;0
C:\Users\Tune and Tones\Documents\traindata\IMG\center_2026_08_02_18_57_01_610.jpg;0
C:\Users\Tune and Tones\Documents\traindata\IMG\center_2026_08_02_18_57_01_682.jpg;0
C:\Users\Tune and Tones\Documents\traindata\IMG\center_2026_08_02_18_57_01_755.jpg;0
C:\Users\Tune and Tones\Documents\traindata\IMG\center_2026_08_02_18_57_01_826.jpg;0
C:\Users\Tune and Tones\Documents\traindata\IMG\center_2026_08_02_18_57_01_903.jpg;0
C:\Users\Tune and Tones\Documents\traindata\IMG\center_2026_08_02_18_57_01_974.jpg;0
C:\Users\Tune and Tones\Documents\traindata\IMG\center_2026_08_02_18_57_02_049.jpg;-0.2
C:\Users\Tune and Tones\Documents\traindata\IMG\center_2026_08_02_18_57_02_118.jpg;-0.35
C:\Users\Tune and Tones\Documents\traindata\IMG\center_2026_08_02_18_57_02_198.jpg;-0.5500001
C:\Users\Tune and Tones\Documents\traindata\IMG\center_2026_08_02_18_57_02_265.jpg;-0.7
C:\Users\Tune and Tones\Documents\traindata\IMG\center_2026_08_02_18_57_02_338.jpg;0
C:\Users\Tune and Tones\Documents\traindata\IMG\center_2026_08_02_18_57_02_409.jpg;0
C:\Users\Tune and Tones\Documents\traindata\IMG\center_2026_08_02_18_57_02_480.jpg;0
C:\Users\Tune and Tones\Documents\traindata\IMG\center_2026_08_02_18_57_02_557.jpg;0
C:\Users\Tune and Tones\Documents\traindata\IMG\center_2026_08_02_18_57_02_624.jpg;0
C:\Users\Tune and Tones\Documents\traindata\IMG\center_2026_08_02_18_57_02_699.jpg;0
C:\Users\Tune and Tones\Documents\traindata\IMG\center_2026_08_02_18_57_02_769.jpg;0
C:\Users\Tune and Tones\Documents\traindata\IMG\center_2026_08_02_18_57_02_840.jpg;0
C:\Users\Tune and Tones\Documents\traindata\IMG\center_2026_08_02_18_57_02_914.jpg;0
C:\Users\Tune and Tones\Documents\traindata\IMG\center_2026_08_02_18_57_02_987.jpg;-0.15
C:\Users\Tune and Tones\Documents\traindata\IMG\center_2026_08_02_18_57_03_062.jpg;-0.35
C:\Users\Tune and Tones\Documents\traindata\IMG\center_2026_08_02_18_57_03_133.jpg;-0.5500001
C:\Users\Tune and Tones\Documents\traindata\IMG\center_2026_08_02_18_57_03_204.jpg;-0.7
C:\Users\Tune and Tones\Documents\traindata\IMG\center_2026_08_02_18_57_03_282.jpg;0
C:\Users\Tune and Tones\Documents\traindata\IMG\center_2026_08_02_18_57_03_352.jpg;0
C:\Users\Tune and Tones\Documents\traindata\IMG\center_2026_08_02_18_57_03_423.jpg;0
C:\Users\Tune and Tones\Documents\traindata\IMG\center_2026_08_02_18_57_03_499.jpg;0
C:\Users\Tune and Tones\Documents\traindata\IMG\center_2026_08_02_18_57_03_578.jpg;0
C:\Users\Tune and Tones\Documents\traindata\IMG\center_2026_08_02_18_57_03_661.jpg;0
C:\Users\Tune and Tones\Documents\traindata\IMG\center_2026_08_02_18_57_03_730.jpg;0
C:\Users\Tune and Tones\Documents\traindata\IMG\center_2026_08_02_18_57_03_810.jpg;0
C:\Users\Tune and Tones\Documents\traindata\IMG\center_2026_08_02_18_57_03_883.jpg;0
C:\Users\Tune and Tones\Documents\traindata\IMG\center_2026_08_02_18_57_03_962.jpg;0
C:\Users\Tune and Tones\Documents\traindata\IMG\center_2026_08_02_18_57_04_035.jpg;-0.2
C:\Users\Tune and Tones\Documents\traindata\IMG\center_2026_08_02_18_57_04_113.jpg;-0.4
C:\Users\Tune and Tones\Documents\traindata\IMG\center_2026_08_02_18_57_04_192.jpg;-0.6000001
C:\Users\Tune and Tones\Documents\traindata\IMG\center_2026_08_02_18_57_04_269.jpg;-0.8000001
C:\Users\Tune and Tones\Documents\traindata\IMG\center_2026_08_02_18_57_04_352.jpg;0
C:\Users\Tune and Tones\Documents\traindata\IMG\center_2026_08_02_18_57_04_430.jpg;0
C:\Users\Tune and Tones\Documents\traindata\IMG\center_2026_08_02_18_57_04_513.jpg;0
C:\Users\Tune and Tones\Documents\traindata\IMG\center_2026_08_02_18_57_04_594.jpg;0
C:\Users\Tune and Tones\Documents\traindata\IMG\center_2026_08_02_18_57_04_670.jpg;0
C:\Users\Tune and Tones\Documents\traindata\IMG\center_2026_08_02_18_57_04_756.jpg;0
C:\Users\Tune and Tones\Documents\traindata\IMG\center_2026_08_02_18_57_04_826.jpg;0
C:\Users\Tune and Tones\Documents\traindata\IMG\center_2026_08_02_18_57_04_898.jpg;0.2
C:\Users\Tune and Tones\Documents\traindata\IMG\center_2026_08_02_18_57_04_977.jpg;0.4
C:\Users\Tune and Tones\Documents\traindata\IMG\center_2026_08_02_18_57_05_053.jpg;0.6000001
C:\Users\Tune and Tones\Documents\traindata\IMG\center_2026_08_02_18_57_05_133.jpg;0
C:\Users\Tune and Tones\Documents\traindata\IMG\center_2026_08_02_18_57_05_206.jpg;0
C:\Users\Tune and Tones\Documents\traindata\IMG\center_2026_08_02_18_57_05_280.jpg;0
C:\Users\Tune and Tones\Documents\traindata\IMG\center_2026_08_02_18_57_05_361.jpg;0
C:\Users\Tune and Tones\Documents\traindata\IMG\center_2026_08_02_18_57_05_435.jpg;0
C:\Users\Tune and Tones\Documents\traindata\IMG\center_2026_08_02_18_57_05_512.jpg;0
C:\Users\Tune and Tones\Documents\traindata\IMG\center_2026_08_02_18_57_05_592.jpg;-0.2
C:\Users\Tune and Tones\Documents\traindata\IMG\center_2026_08_02_18_57_05_669.jpg;-0.4
C:\Users\Tune and Tones\Documents\traindata\IMG\center_2026_08_02_18_57_05_746.jpg;-0.5500001
C:\Users\Tune and Tones\Documents\traindata\IMG\center_2026_08_02_18_57_05_826.jpg;0
C:\Users\Tune and Tones\Documents\traindata\IMG\center_2026_08_02_18_57_05_907.jpg;0
C:\Users\Tune and Tones\Documents\traindata\IMG\center_2026_08_02_18_57_05_980.jpg;0
C:\Users\Tune and Tones\Documents\traindata\IMG\center_2026_08_02_18_57_06_060.jpg;0
C:\Users\Tune and Tones\Documents\traindata\IMG\center_2026_08_02_18_57_06_137.jpg;0
C:\Users\Tune and Tones\Documents\traindata\IMG\center_2026_08_02_18_57_06_216.jpg;0
C:\Users\Tune and Tones\Documents\traindata\IMG\center_2026_08_02_18_57_06_290.jpg;0
C:\Users\Tune and Tones\Documents\traindata\IMG\center_2026_08_02_18_57_06_374.jpg;0
C:\Users\Tune and Tones\Documents\traindata\IMG\center_2026_08_02_18_57_06_455.jpg;0
C:\Users\Tune and Tones\Documents\traindata\IMG\center_2026_08_02_18_57_06_531.jpg;0
C:\Users\Tune and Tones\Documents\traindata\IMG\center_2026_08_02_18_57_06_605.jpg;-0.15
C:\Users\Tune and Tones\Documents\traindata\IMG\center_2026_08_02_18_57_06_683.jpg;-0.35
C:\Users\Tune and Tones\Documents\traindata\IMG\center_2026_08_02_18_57_06_760.jpg;-0.5500001
C:\Users\Tune and Tones\Documents\traindata\IMG\center_2026_08_02_18_57_06_839.jpg;0
C:\Users\Tune and Tones\Documents\traindata\IMG\center_2026_08_02_18_57_06_920.jpg;0
C:\Users\Tune and Tones\Documents\traindata\IMG\center_2026_08_02_18_57_06_997.jpg;0
C:\Users\Tune and Tones\Documents\traindata\IMG\center_2026_08_02_18_57_07_070.jpg;0
C:\Users\Tune and Tones\Documents\traindata\IMG\center_2026_08_02_18_57_07_145.jpg;0
C:\Users\Tune and Tones\Documents\traindata\IMG\center_2026_08_02_18_57_07_229.jpg;0
C:\Users\Tune and Tones\Documents\traindata\IMG\center_2026_08_02_18_57_07_307.jpg;0
C:\Users\Tune and Tones\Documents\traindata\IMG\center_2026_08_02_18_57_07_382.jpg;0
C:\Users\Tune and Tones\Documents\traindata\IMG\center_2026_08_02_18_57_07_455.jpg;-0.2
C:\Users\Tune and Tones\Documents\traindata\IMG\center_2026_08_02_18_57_07_529.jpg;-0.4
C:\Users\Tune and Tones\Documents\traindata\IMG\center_2026_08_02_18_57_07_607.jpg;-0.6000001
C:\Users\Tune and Tones\Documents\traindata\IMG\center_2026_08_02_18_57_07_685.jpg;0
C:\Users\Tune and Tones\Documents\traindata\IMG\center_2026_08_02_18_57_07_770.jpg;0
C:\Users\Tune and Tones\Documents\traindata\IMG\center_2026_08_02_18_57_07_844.jpg;0
C:\Users\Tune and Tones\Documents\traindata\IMG\center_2026_08_02_18_57_07_920.jpg;0
C:\Users\Tune and Tones\Documents\traindata\IMG\center_2026_08_02_18_57_07_995.jpg;0
C:\Users\Tune and Tones\Documents\traindata\IMG\center_2026_08_02_18_57_08_065.jpg;0
C:\Users\Tune and Tones\Documents\traindata\IMG\center_2026_08_02_18_57_08_149.jpg;0
C:\Users\Tune and Tones\Documents\traindata\IMG\center_2026_08_02_18_57_08_220.jpg;0
C:\Users\Tune and Tones\Documents\traindata\IMG\center_2026_08_02_18_57_08_296.jpg;0
C:\Users\Tune and Tones\Documents\traindata\IMG\center_2026_08_02_18_57_08_377.jpg;0
C:\Users\Tune and Tones\Documents\traindata\IMG\center_2026_08_02_18_57_08_462.jpg;0
C:\Users\Tune and Tones\Documents\traindata\IMG\center_2026_08_02_18_57_08_539.jpg;0
C:\Users\Tune and Tones\Documents\traindata\IMG\center_2026_08_02_18_57_08_612.jpg;0.2
C:\Users\Tune and Tones\Documents\traindata\IMG\center_2026_08_02_18_57_08_699.jpg;0.4
C:\Users\Tune and Tones\Documents\traindata\IMG\center_2026_08_02_18_57_08_780.jpg;0
C:\Users\Tune and Tones\Documents\traindata\IMG\center_2026_08_02_18_57_08_862.jpg;0
C:\Users\Tune and Tones\Documents\traindata\IMG\center_2026_08_02_18_57_08_940.jpg;0
C:\Users\Tune and Tones\Documents\traindata\IMG\center_2026_08_02_18_57_09_022.jpg;0
C:\Users\Tune and Tones\Documents\traindata\IMG\center_2026_08_02_18_57_09_101.jpg;0
C:\Users\Tune and Tones\Documents\traindata\IMG\center_2026_08_02_18_57_09_181.jpg;0
C:\Users\Tune and Tones\Documents\traindata\IMG\center_2026_08_02_18_57_09_263.jpg;0
C:\Users\Tune and Tones\Documents\traindata\IMG\center_2026_08_02_18_57_09_333.jpg;0
C:\Users\Tune and Tones\Documents\traindata\IMG\center_2026_08_02_18_57_09_410.jpg;0
C:\Users\Tune and Tones\Documents\traindata\IMG\center_2026_08_02_18_57_09_490.jpg;0
C:\Users\Tune and Tones\Documents\traindata\IMG\center_2026_08_02_18_57_09_567.jpg;0
C:\Users\Tune and Tones\Documents\traindata\IMG\center_2026_08_02_18_57_09_639.jpg;0
C:\Users\Tune and Tones\Documents\traindata\IMG\center_2026_08_02_18_57_09_708.jpg;0
C:\Users\Tune and Tones\Documents\traindata\IMG\center_2026_08_02_18_57_09_785.jpg;0
C:\Users\Tune and Tones\Documents\traindata\IMG\center_2026_08_02_18_57_09_856.jpg;0
C:\Users\Tune and Tones\Documents\traindata\IMG\center_2026_08_02_18_57_09_930.jpg;0
C:\Users\Tune and Tones\Documents\traindata\IMG\center_2026_08_02_18_57_10_006.jpg;0
C:\Users\Tune and Tones\Documents\traindata\IMG\center_2026_08_02_18_57_10_074.jpg;0
C:\Users\Tune and Tones\Documents\traindata\IMG\center_2026_08_02_18_57_10_150.jpg;0
C:\Users\Tune and Tones\Documents\traindata\IMG\center_2026_08_02_18_57_10_217.jpg;0
C:\Users\Tune and Tones\Documents\traindata\IMG\center_2026_08_02_18_57_10_293.jpg;0
C:\Users\Tune and Tones\Documents\traindata\IMG\center_2026_08_02_18_57_10_363.jpg;0
C:\Users\Tune and Tones\Documents\traindata\IMG\center_2026_08_02_18_57_10_434.jpg;0
C:\Users\Tune and Tones\Documents\traindata\IMG\center_2026_08_02_18_57_10_504.jpg;0
C:\Users\Tune and Tones\Documents\traindata\IMG\center_2026_08_02_18_57_10_573.jpg;0
C:\Users\Tune and Tones\Documents\traindata\IMG\center_2026_08_02_18_57_10_646.jpg;0
C:\Users\Tune and Tones\Documents\traindata\IMG\center_2026_08_02_18_57_10_717.jpg;0
C:\Users\Tune and Tones\Documents\traindata\IMG\center_2026_08_02_18_57_10_785.jpg;0
C:\Users\Tune and Tones\Documents\traindata\IMG\center_2026_08_02_18_57_10_859.jpg;0
C:\Users\Tune and Tones\Documents\traindata\IMG\center_2026_08_02_18_57_10_933.jpg;-0.2
C:\Users\Tune and Tones\Documents\traindata\IMG\center_2026_08_02_18_57_11_002.jpg;-0.35
C:\Users\Tune and Tones\Documents\traindata\IMG\center_2026_08_02_18_57_11_074.jpg;0
C:\Users\Tune and Tones\Documents\traindata\IMG\center_2026_08_02_18_57_11_144.jpg;0
C:\Users\Tune and Tones\Documents\traindata\IMG\center_2026_08_02_18_57_11_216.jpg;0
C:\Users\Tune and Tones\Documents\traindata\IMG\center_2026_08_02_18_57_11_288.jpg;0
C:\Users\Tune and Tones\Documents\traindata\IMG\center_2026_08_02_18_57_11_364.jpg;0
C:\Users\Tune and Tones\Documents\traindata\IMG\center_2026_08_02_18_57_11_437.jpg;0
C:\Users\Tune and Tones\Documents\traindata\IMG\center_2026_08_02_18_57_11_505.jpg;0
C:\Users\Tune and Tones\Documents\traindata\IMG\center_2026_08_02_18_57_11_580.jpg;0
C:\Users\Tune and Tones\Documents\traindata\IMG\center_2026_08_02_18_57_11_652.jpg;0
C:\Users\Tune and Tones\Documents\traindata\IMG\center_2026_08_02_18_57_11_723.jpg;-0.15
C:\Users\Tune and Tones\Documents\traindata\IMG\center_2026_08_02_18_57_11_805.jpg;-0.35
C:\Users\Tune and Tones\Documents\traindata\IMG\center_2026_08_02_18_57_11_875.jpg;-0.5500001
C:\Users\Tune and Tones\Documents\traindata\IMG\center_2026_08_02_18_57_11_947.jpg;0
C:\Users\Tune and Tones\Documents\traindata\IMG\center_2026_08_02_18_57_12_021.jpg;0
C:\Users\Tune and Tones\Documents\traindata\IMG\center_2026_08_02_18_57_12_091.jpg;0
C:\Users\Tune and Tones\Documents\traindata\IMG\center_2026_08_02_18_57_12_168.jpg;0
C:\Users\Tune and Tones\Documents\traindata\IMG\center_2026_08_02_18_57_12_242.jpg;0
C:\Users\Tune and Tones\Documents\traindata\IMG\center_2026_08_02_18_57_12_314.jpg;0
C:\Users\Tune and Tones\Documents\traindata\IMG\center_2026_08_02_18_57_12_387.jpg;0
C:\Users\Tune and Tones\Documents\traindata\IMG\center_2026_08_02_18_57_12_464.jpg;0
C:\Users\Tune and Tones\Documents\traindata\IMG\center_2026_08_02_18_57_12_538.jpg;0
C:\Users\Tune and Tones\Documents\traindata\IMG\center_2026_08_02_18_57_12_613.jpg;0
C:\Users\Tune and Tones\Documents\traindata\IMG\center_2026_08_02_18_57_12_688.jpg;0
C:\Users\Tune and Tones\Documents\traindata\IMG\center_2026_08_02_18_57_12_759.jpg;0.15
C:\Users\Tune and Tones\Documents\traindata\IMG\center_2026_08_02_18_57_12_834.jpg;0.35
C:\Users\Tune and Tones\Documents\traindata\IMG\center_2026_08_02_18_57_12_915.jpg;0
C:\Users\Tune and Tones\Documents\traindata\IMG\center_2026_08_02_18_57_12_983.jpg;0
C:\Users\Tune and Tones\Documents\traindata\IMG\center_2026_08_02_18_57_13_059.jpg;0
C:\Users\Tune and Tones\Documents\traindata\IMG\center_2026_08_02_18_57_13_132.jpg;0
C:\Users\Tune and Tones\Documents\traindata\IMG\center_2026_08_02_18_57_13_206.jpg;0
C:\Users\Tune and Tones\Documents\traindata\IMG\center_2026_08_02_18_57_13_282.jpg;0
C:\Users\Tune and Tones\Documents\traindata\IMG\center_2026_08_02_18_57_13_358.jpg;0
C:\Users\Tune and Tones\Documents\traindata\IMG\center_2026_08_02_18_57_13_435.jpg;0
C:\Users\Tune and Tones\Documents\traindata\IMG\center_2026_08_02_18_57_13_510.jpg;0
C:\Users\Tune and Tones\Documents\traindata\IMG\center_2026_08_02_18_57_13_586.jpg;0
C:\Users\Tune and Tones\Documents\traindata\IMG\center_2026_08_02_18_57_13_661.jpg;0
C:\Users\Tune and Tones\Documents\traindata\IMG\center_2026_08_02_18_57_13_735.jpg;0
C:\Users\Tune and Tones\Documents\traindata\IMG\center_2026_08_02_18_57_13_809.jpg;0
C:\Users\Tune and Tones\Documents\traindata\IMG\center_2026_08_02_18_57_13_888.jpg;0
C:\Users\Tune and Tones\Documents\traindata\IMG\center_2026_08_02_18_57_13_963.jpg;0
C:\Users\Tune and Tones\Documents\traindata\IMG\center_2026_08_02_18_57_14_043.jpg;-0.2
C:\Users\Tune and Tones\Documents\traindata\IMG\center_2026_08_02_18_57_14_115.jpg;0
C:\Users\Tune and Tones\Documents\traindata\IMG\center_2026_08_02_18_57_14_191.jpg;0
C:\Users\Tune and Tones\Documents\traindata\IMG\center_2026_08_02_18_57_14_268.jpg;0
C:\Users\Tune and Tones\Documents\traindata\IMG\center_2026_08_02_18_57_14_345.jpg;0
C:\Users\Tune and Tones\Documents\traindata\IMG\center_2026_08_02_18_57_14_418.jpg;0
C:\Users\Tune and Tones\Documents\traindata\IMG\center_2026_08_02_18_57_14_496.jpg;0
C:\Users\Tune and Tones\Documents\traindata\IMG\center_2026_08_02_18_57_14_571.jpg;0
C:\Users\Tune and Tones\Documents\traindata\IMG\center_2026_08_02_18_57_14_651.jpg;0
C:\Users\Tune and Tones\Documents\traindata\IMG\center_2026_08_02_18_57_14_724.jpg;0
C:\Users\Tune and Tones\Documents\traindata\IMG\center_2026_08_02_18_57_14_803.jpg;0
C:\Users\Tune and Tones\Documents\traindata\IMG\center_2026_08_02_18_57_14_879.jpg;0
C:\Users\Tune and Tones\Documents\traindata\IMG\center_2026_08_02_18_57_14_956.jpg;0
C:\Users\Tune and Tones\Documents\traindata\IMG\center_2026_08_02_18_57_15_034.jpg;0
C:\Users\Tune and Tones\Documents\traindata\IMG\center_2026_08_02_18_57_15_113.jpg;0
C:\Users\Tune and Tones\Documents\traindata\IMG\center_2026_08_02_18_57_15_193.jpg;0
C:\Users\Tune and Tones\Documents\traindata\IMG\center_2026_08_02_18_57_15_264.jpg;0
C:\Users\Tune and Tones\Documents\traindata\IMG\center_2026_08_02_18_57_15_342.jpg;0
C:\Users\Tune and Tones\Documents\traindata\IMG\center_2026_08_02_18_57_15_422.jpg;0
C:\Users\Tune and Tones\Documents\traindata\IMG\center_2026_08_02_18_57_15_499.jpg;0
C:\Users\Tune and Tones\Documents\traindata\IMG\center_2026_08_02_18_57_15_577.jpg;0
C:\Users\Tune and Tones\Documents\traindata\IMG\center_2026_08_02_18_57_15_655.jpg;0
C:\Users\Tune and Tones\Documents\traindata\IMG\center_2026_08_02_18_57_15_733.jpg;0
C:\Users\Tune and Tones\Documents\traindata\IMG\center_2026_08_02_18_57_15_811.jpg;0
C:\Users\Tune and Tones\Documents\traindata\IMG\center_2026_08_02_18_57_15_889.jpg;0
C:\Users\Tune and Tones\Documents\traindata\IMG\center_2026_08_02_18_57_15_967.jpg;0
C:\Users\Tune and Tones\Documents\traindata\IMG\center_2026_08_02_18_57_16_043.jpg;0
C:\Users\Tune and Tones\Documents\traindata\IMG\center_2026_08_02_18_57_16_127.jpg;0
C:\Users\Tune and Tones\Documents\traindata\IMG\center_2026_08_02_18_57_16_202.jpg;0
C:\Users\Tune and Tones\Documents\traindata\IMG\center_2026_08_02_18_57_16_282.jpg;0
C:\Users\Tune and Tones\Documents\traindata\IMG\center_2026_08_02_18_57_16_367.jpg;0
C:\Users\Tune and Tones\Documents\traindata\IMG\center_2026_08_02_18_57_16_444.jpg;0
C:\Users\Tune and Tones\Documents\traindata\IMG\center_2026_08_02_18_57_16_526.jpg;0
C:\Users\Tune and Tones\Documents\traindata\IMG\center_2026_08_02_18_57_16_614.jpg;0
C:\Users\Tune and Tones\Documents\traindata\IMG\center_2026_08_02_18_57_16_688.jpg;0
C:\Users\Tune and Tones\Documents\traindata\IMG\center_2026_08_02_18_57_16_771.jpg;0
C:\Users\Tune and Tones\Documents\traindata\IMG\center_2026_08_02_18_57_16_856.jpg;0
C:\Users\Tune and Tones\Documents\traindata\IMG\center_2026_08_02_18_57_16_940.jpg;0
C:\Users\Tune and Tones\Documents\traindata\IMG\center_2026_08_02_18_57_17_024.jpg;0
C:\Users\Tune and Tones\Documents\traindata\IMG\center_2026_08_02_18_57_17_105.jpg;0
C:\Users\Tune and Tones\Documents\traindata\IMG\center_2026_08_02_18_57_17_190.jpg;0
C:\Users\Tune and Tones\Documents\traindata\IMG\center_2026_08_02_18_57_17_276.jpg;0
C:\Users\Tune and Tones\Documents\traindata\IMG\center_2026_08_02_18_57_17_362.jpg;0
C:\Users\Tune and Tones\Documents\traindata\IMG\center_2026_08_02_18_57_17_446.jpg;0
C:\Users\Tune and Tones\Documents\traindata\IMG\center_2026_08_02_18_57_17_531.jpg;0
C:\Users\Tune and Tones\Documents\traindata\IMG\center_2026_08_02_18_57_17_612.jpg;0
C:\Users\Tune and Tones\Documents\traindata\IMG\center_2026_08_02_18_57_17_704.jpg;0
C:\Users\Tune and Tones\Documents\traindata\IMG\center_2026_08_02_18_57_17_785.jpg;0
C:\Users\Tune and Tones\Documents\traindata\IMG\center_2026_08_02_18_57_17_875.jpg;0
C:\Users\Tune and Tones\Documents\traindata\IMG\center_2026_08_02_18_57_17_961.jpg;0
C:\Users\Tune and Tones\Documents\traindata\IMG\center_2026_08_02_18_57_18_045.jpg;0
C:\Users\Tune and Tones\Documents\traindata\IMG\center_2026_08_02_18_57_18_139.jpg;0
C:\Users\Tune and Tones\Documents\traindata\IMG\center_2026_08_02_18_57_18_226.jpg;0
C:\Users\Tune and Tones\Documents\traindata\IMG\center_2026_08_02_18_57_18_319.jpg;0
C:\Users\Tune and Tones\Documents\traindata\IMG\center_2026_08_02_18_57_18_409.jpg;0
C:\Users\Tune and Tones\Documents\traindata\IMG\center_2026_08_02_18_57_18_498.jpg;0
C:\Users\Tune and Tones\Documents\traindata\IMG\center_2026_08_02_18_57_18_588.jpg;0
C:\Users\Tune and Tones\Documents\traindata\IMG\center_2026_08_02_18_57_18_678.jpg;0
C:\Users\Tune and Tones\Documents\traindata\IMG\center_2026_08_02_18_57_18_766.jpg;0
C:\Users\Tune and Tones\Documents\traindata\IMG\center_2026_08_02_18_57_18_868.jpg;0
C:\Users\Tune and Tones\Documents\traindata\IMG\center_2026_08_02_18_57_18_950.jpg;0
C:\Users\Tune and Tones\Documents\traindata\IMG\center_2026_08_02_18_57_19_040.jpg;0
C:\Users\Tune and Tones\Documents\traindata\IMG\center_2026_08_02_18_57_19_136.jpg;0
C:\Users\Tune and Tones\Documents\traindata\IMG\center_2026_08_02_18_57_19_227.jpg;0
C:\Users\Tune and Tones\Documents\traindata\IMG\center_2026_08_02_18_57_19_318.jpg;0
C:\Users\Tune and Tones\Documents\traindata\IMG\center_2026_08_02_18_57_19_413.jpg;0
C:\Users\Tune and Tones\Documents\traindata\IMG\center_2026_08_02_18_57_19_506.jpg;0
C:\Users\Tune and Tones\Documents\traindata\IMG\center_2026_08_02_18_57_19_602.jpg;0
C:\Users\Tune and Tones\Documents\traindata\IMG\center_2026_08_02_18_57_19_700.jpg;0
C:\Users\Tune and Tones\Documents\traindata\IMG\center_2026_08_02_18_57_19_796.jpg;0
C:\Users\Tune and Tones\Documents\traindata\IMG\center_2026_08_02_18_57_19_891.jpg;0
C:\Users\Tune and Tones\Documents\traindata\IMG\center_2026_08_02_18_57_19_993.jpg;0
C:\Users\Tune and Tones\Documents\traindata\IMG\center_2026_08_02_18_57_20_080.jpg;0
C:\Users\Tune and Tones\Documents\traindata\IMG\center_2026_08_02_18_57_20_252.jpg;0
C:\Users\Tune and Tones\Documents\traindata\IMG\center_2026_08_02_18_57_20_283.jpg;0
C:\Users\Tune and Tones\Documents\traindata\IMG\center_2026_08_02_18_57_20_375.jpg;-0.25
C:\Users\Tune and Tones\Documents\traindata\IMG\center_2026_08_02_18_57_20_469.jpg;-0.5000001
C:\Users\Tune and Tones\Documents\traindata\IMG\center_2026_08_02_18_57_20_572.jpg;0
C:\Users\Tune and Tones\Documents\traindata\IMG\center_2026_08_02_18_57_20_671.jpg;0
C:\Users\Tune and Tones\Documents\traindata\IMG\center_2026_08_02_18_57_20_772.jpg;0
C:\Users\Tune and Tones\Documents\traindata\IMG\center_2026_08_02_18_57_20_867.jpg;0
C:\Users\Tune and Tones\Documents\traindata\IMG\center_2026_08_02_18_57_20_965.jpg;0
C:\Users\Tune and Tones\Documents\traindata\IMG\center_2026_08_02_18_57_21_072.jpg;0
C:\Users\Tune and Tones\Documents\traindata\IMG\center_2026_08_02_18_57_21_166.jpg;0
C:\Users\Tune and Tones\Documents\traindata\IMG\center_2026_08_02_18_57_21_265.jpg;0
C:\Users\Tune and Tones\Documents\traindata\IMG\center_2026_08_02_18_57_21_366.jpg;-0.25
C:\Users\Tune and Tones\Documents\traindata\IMG\center_2026_08_02_18_57_21_463.jpg;-0.5000001
C:\Users\Tune and Tones\Documents\traindata\IMG\center_2026_08_02_18_57_21_565.jpg;-0.7500002
C:\Users\Tune and Tones\Documents\traindata\IMG\center_2026_08_02_18_57_21_661.jpg;0
C:\Users\Tune and Tones\Documents\traindata\IMG\center_2026_08_02_18_57_21_765.jpg;0
C:\Users\Tune and Tones\Documents\traindata\IMG\center_2026_08_02_18_57_21_862.jpg;0
C:\Users\Tune and Tones\Documents\traindata\IMG\center_2026_08_02_18_57_21_960.jpg;0
C:\Users\Tune and Tones\Documents\traindata\IMG\center_2026_08_02_18_57_22_062.jpg;0
C:\Users\Tune and Tones\Documents\traindata\IMG\center_2026_08_02_18_57_22_150.jpg;0
C:\Users\Tune and Tones\Documents\traindata\IMG\center_2026_08_02_18_57_22_239.jpg;0
C:\Users\Tune and Tones\Documents\traindata\IMG\center_2026_08_02_18_57_22_329.jpg;0.2
C:\Users\Tune and Tones\Documents\traindata\IMG\center_2026_08_02_18_57_22_416.jpg;0.45
C:\Users\Tune and Tones\Documents\traindata\IMG\center_2026_08_02_18_57_22_510.jpg;0
C:\Users\Tune and Tones\Documents\traindata\IMG\center_2026_08_02_18_57_22_593.jpg;0
C:\Users\Tune and Tones\Documents\traindata\IMG\center_2026_08_02_18_57_22_678.jpg;0
C:\Users\Tune and Tones\Documents\traindata\IMG\center_2026_08_02_18_57_22_755.jpg;0
C:\Users\Tune and Tones\Documents\traindata\IMG\center_2026_08_02_18_57_22_846.jpg;0
C:\Users\Tune and Tones\Documents\traindata\IMG\center_2026_08_02_18_57_22_925.jpg;0
C:\Users\Tune and Tones\Documents\traindata\IMG\center_2026_08_02_18_57_23_012.jpg;0
C:\Users\Tune and Tones\Documents\traindata\IMG\center_2026_08_02_18_57_23_103.jpg;0
C:\Users\Tune and Tones\Documents\traindata\IMG\center_2026_08_02_18_57_23_193.jpg;0
C:\Users\Tune and Tones\Documents\traindata\IMG\center_2026_08_02_18_57_23_280.jpg;0
C:\Users\Tune and Tones\Documents\traindata\IMG\center_2026_08_02_18_57_23_365.jpg;0
C:\Users\Tune and Tones\Documents\traindata\IMG\center_2026_08_02_18_57_23_452.jpg;-0.25
C:\Users\Tune and Tones\Documents\traindata\IMG\center_2026_08_02_18_57_23_540.jpg;-0.45
C:\Users\Tune and Tones\Documents\traindata\IMG\center_2026_08_02_18_57_23_635.jpg;-0.7
C:\Users\Tune and Tones\Documents\traindata\IMG\center_2026_08_02_18_57_23_715.jpg;0
C:\Users\Tune and Tones\Documents\traindata\IMG\center_2026_08_02_18_57_23_806.jpg;0
C:\Users\Tune and Tones\Documents\traindata\IMG\center_2026_08_02_18_57_23_896.jpg;0
C:\Users\Tune and Tones\Documents\traindata\IMG\center_2026_08_02_18_57_23_992.jpg;0
C:\Users\Tune and Tones\Documents\traindata\IMG\center_2026_08_02_18_57_24_086.jpg;0
C:\Users\Tune and Tones\Documents\traindata\IMG\center_2026_08_02_18_57_24_175.jpg;0
C:\Users\Tune and Tones\Documents\traindata\IMG\center_2026_08_02_18_57_24_266.jpg;-0.2
C:\Users\Tune and Tones\Documents\traindata\IMG\center_2026_08_02_18_57_24_350.jpg;-0.45
C:\Users\Tune and Tones\Documents\traindata\IMG\center_2026_08_02_18_57_24_443.jpg;-0.6500001
C:\Users\Tune and Tones\Documents\traindata\IMG\center_2026_08_02_18_57_24_528.jpg;-0.9000002
C:\Users\Tune and Tones\Documents\traindata\IMG\center_2026_08_02_18_57_24_619.jpg;0
C:\Users\Tune and Tones\Documents\traindata\IMG\center_2026_08_02_18_57_24_710.jpg;0
C:\Users\Tune and Tones\Documents\traindata\IMG\center_2026_08_02_18_57_24_801.jpg;0
C:\Users\Tune and Tones\Documents\traindata\IMG\center_2026_08_02_18_57_24_884.jpg;0
C:\Users\Tune and Tones\Documents\traindata\IMG\center_2026_08_02_18_57_24_971.jpg;0
C:\Users\Tune and Tones\Documents\traindata\IMG\center_2026_08_02_18_57_25_056.jpg;-0.2
C:\Users\Tune and Tones\Documents\traindata\IMG\center_2026_08_02_18_57_25_150.jpg;-0.45
C:\Users\Tune and Tones\Documents\traindata\IMG\center_2026_08_02_18_57_25_237.jpg;-0.6500001
C:\Users\Tune and Tones\Documents\traindata\IMG\center_2026_08_02_18_57_25_327.jpg;-0.8500001
C:\Users\Tune and Tones\Documents\traindata\IMG\center_2026_08_02_18_57_25_416.jpg;0
C:\Users\Tune and Tones\Documents\traindata\IMG\center_2026_08_02_18_57_25_504.jpg;0
C:\Users\Tune and Tones\Documents\traindata\IMG\center_2026_08_02_18_57_25_593.jpg;0
C:\Users\Tune and Tones\Documents\traindata\IMG\center_2026_08_02_18_57_25_685.jpg;0
C:\Users\Tune and Tones\Documents\traindata\IMG\center_2026_08_02_18_57_25_773.jpg;0
C:\Users\Tune and Tones\Documents\traindata\IMG\center_2026_08_02_18_57_25_869.jpg;0
C:\Users\Tune and Tones\Documents\traindata\IMG\center_2026_08_02_18_57_25_946.jpg;-0.15
C:\Users\Tune and Tones\Documents\traindata\IMG\center_2026_08_02_18_57_26_046.jpg;-0.4
C:\Users\Tune and Tones\Documents\traindata\IMG\center_2026_08_02_18_57_26_135.jpg;-0.6500001
C:\Users\Tune and Tones\Documents\traindata\IMG\center_2026_08_02_18_57_26_223.jpg;-0.8500001
C:\Users\Tune and Tones\Documents\traindata\IMG\center_2026_08_02_18_57_26_320.jpg;-1
C:\Users\Tune and Tones\Documents\traindata\IMG\center_2026_08_02_18_57_26_405.jpg;0
C:\Users\Tune and Tones\Documents\traindata\IMG\center_2026_08_02_18_57_26_495.jpg;0
C:\Users\Tune and Tones\Documents\traindata\IMG\center_2026_08_02_18_57_26_589.jpg;0
C:\Users\Tune and Tones\Documents\traindata\IMG\center_2026_08_02_18_57_26_688.jpg;0
C:\Users\Tune and Tones\Documents\traindata\IMG\center_2026_08_02_18_57_26_783.jpg;0
C:\Users\Tune and Tones\Documents\traindata\IMG\center_2026_08_02_18_57_26_882.jpg;0
C:\Users\Tune and Tones\Documents\traindata\IMG\center_2026_08_02_18_57_26_985.jpg;0
C:\Users\Tune and Tones\Documents\traindata\IMG\center_2026_08_02_18_57_27_078.jpg;0
C:\Users\Tune and Tones\Documents\traindata\IMG\center_2026_08_02_18_57_27_177.jpg;0
C:\Users\Tune and Tones\Documents\traindata\IMG\center_2026_08_02_18_57_27_276.jpg;0
C:\Users\Tune and Tones\Documents\traindata\IMG\center_2026_08_02_18_57_27_374.jpg;-0.25
C:\Users\Tune and Tones\Documents\traindata\IMG\center_2026_08_02_18_57_27_475.jpg;-0.5000001
C:\Users\Tune and Tones\Documents\traindata\IMG\center_2026_08_02_18_57_27_577.jpg;0
C:\Users\Tune and Tones\Documents\traindata\IMG\center_2026_08_02_18_57_27_678.jpg;0
C:\Users\Tune and Tones\Documents\traindata\IMG\center_2026_08_02_18_57_27_783.jpg;0
C:\Users\Tune and Tones\Documents\traindata\IMG\center_2026_08_02_18_57_27_877.jpg;0
C:\Users\Tune and Tones\Documents\traindata\IMG\center_2026_08_02_18_57_27_981.jpg;0
C:\Users\Tune and Tones\Documents\traindata\IMG\center_2026_08_02_18_57_28_087.jpg;0
C:\Users\Tune and Tones\Documents\traindata\IMG\center_2026_08_02_18_57_28_192.jpg;-0.3
C:\Users\Tune and Tones\Documents\traindata\IMG\center_2026_08_02_18_57_28_301.jpg;-0.5500001
C:\Users\Tune and Tones\Documents\traindata\IMG\center_2026_08_02_18_57_28_407.jpg;-0.8000001
C:\Users\Tune and Tones\Documents\traindata\IMG\center_2026_08_02_18_57_28_500.jpg;0
C:\Users\Tune and Tones\Documents\traindata\IMG\center_2026_08_02_18_57_28_593.jpg;0
C:\Users\Tune and Tones\Documents\traindata\IMG\center_2026_08_02_18_57_28_680.jpg;0
C:\Users\Tune and Tones\Documents\traindata\IMG\center_2026_08_02_18_57_28_775.jpg;0
C:\Users\Tune and Tones\Documents\traindata\IMG\center_2026_08_02_18_57_28_867.jpg;0
C:\Users\Tune and Tones\Documents\traindata\IMG\center_2026_08_02_18_57_28_961.jpg;0
C:\Users\Tune and Tones\Documents\traindata\IMG\center_2026_08_02_18_57_29_056.jpg;0
C:\Users\Tune and Tones\Documents\traindata\IMG\center_2026_08_02_18_57_29_150.jpg;0.25
C:\Users\Tune and Tones\Documents\traindata\IMG\center_2026_08_02_18_57_29_240.jpg;0.45
C:\Users\Tune and Tones\Documents\traindata\IMG\center_2026_08_02_18_57_29_335.jpg;0
C:\Users\Tune and Tones\Documents\traindata\IMG\center_2026_08_02_18_57_29_431.jpg;0
C:\Users\Tune and Tones\Documents\traindata\IMG\center_2026_08_02_18_57_29_531.jpg;0
C:\Users\Tune and Tones\Documents\traindata\IMG\center_2026_08_02_18_57_29_625.jpg;0
C:\Users\Tune and Tones\Documents\traindata\IMG\center_2026_08_02_18_57_29_726.jpg;0
C:\Users\Tune and Tones\Documents\traindata\IMG\center_2026_08_02_18_57_29_830.jpg;0
C:\Users\Tune and Tones\Documents\traindata\IMG\center_2026_08_02_18_57_29_935.jpg;0
C:\Users\Tune and Tones\Documents\traindata\IMG\center_2026_08_02_18_57_30_039.jpg;0
C:\Users\Tune and Tones\Documents\traindata\IMG\center_2026_08_02_18_57_30_144.jpg;0
C:\Users\Tune and Tones\Documents\traindata\IMG\center_2026_08_02_18_57_30_250.jpg;0
C:\Users\Tune and Tones\Documents\traindata\IMG\center_2026_08_02_18_57_30_355.jpg;0
C:\Users\Tune and Tones\Documents\traindata\IMG\center_2026_08_02_18_57_30_457.jpg;0
C:\Users\Tune and Tones\Documents\traindata\IMG\center_2026_08_02_18_57_30_562.jpg;0
C:\Users\Tune and Tones\Documents\traindata\IMG\center_2026_08_02_18_57_30_668.jpg;0
C:\Users\Tune and Tones\Documents\traindata\IMG\center_2026_08_02_18_57_30_769.jpg;0
C:\Users\Tune and Tones\Documents\traindata\IMG\center_2026_08_02_18_57_30_868.jpg;0
C:\Users\Tune and Tones\Documents\traindata\IMG\center_2026_08_02_18_57_30_967.jpg;0
C:\Users\Tune and Tones\Documents\traindata\IMG\center_2026_08_02_18_57_31_063.jpg;0
C:\Users\Tune and Tones\Documents\traindata\IMG\center_2026_08_02_18_57_31_159.jpg;0
C:\Users\Tune and Tones\Documents\traindata\IMG\center_2026_08_02_18_57_31_255.jpg;0
C:\Users\Tune and Tones\Documents\traindata\IMG\center_2026_08_02_18_57_31_338.jpg;0
C:\Users\Tune and Tones\Documents\traindata\IMG\center_2026_08_02_18_57_31_421.jpg;0
C:\Users\Tune and Tones\Documents\traindata\IMG\center_2026_08_02_18_57_31_509.jpg;0
C:\Users\Tune and Tones\Documents\traindata\IMG\center_2026_08_02_18_57_31_594.jpg;0
C:\Users\Tune and Tones\Documents\traindata\IMG\center_2026_08_02_18_57_31_679.jpg;0
C:\Users\Tune and Tones\Documents\traindata\IMG\center_2026_08_02_18_57_31_766.jpg;0
C:\Users\Tune and Tones\Documents\traindata\IMG\center_2026_08_02_18_57_31_856.jpg;0
C:\Users\Tune and Tones\Documents\traindata\IMG\center_2026_08_02_18_57_31_935.jpg;0.2
C:\Users\Tune and Tones\Documents\traindata\IMG\center_2026_08_02_18_57_32_018.jpg;0.4
C:\Users\Tune and Tones\Documents\traindata\IMG\center_2026_08_02_18_57_32_105.jpg;0
C:\Users\Tune and Tones\Documents\traindata\IMG\center_2026_08_02_18_57_32_185.jpg;0
C:\Users\Tune and Tones\Documents\traindata\IMG\center_2026_08_02_18_57_32_266.jpg;0
C:\Users\Tune and Tones\Documents\traindata\IMG\center_2026_08_02_18_57_32_343.jpg;0
C:\Users\Tune and Tones\Documents\traindata\IMG\center_2026_08_02_18_57_32_420.jpg;0
C:\Users\Tune and Tones\Documents\traindata\IMG\center_2026_08_02_18_57_32_506.jpg;0
C:\Users\Tune and Tones\Documents\traindata\IMG\center_2026_08_02_18_57_32_584.jpg;0
C:\Users\Tune and Tones\Documents\traindata\IMG\center_2026_08_02_18_57_32_663.jpg;0
C:\Users\Tune and Tones\Documents\traindata\IMG\center_2026_08_02_18_57_32_740.jpg;0
C:\Users\Tune and Tones\Documents\traindata\IMG\center_2026_08_02_18_57_32_813.jpg;0
C:\Users\Tune and Tones\Documents\traindata\IMG\center_2026_08_02_18_57_32_893.jpg;0
C:\Users\Tune and Tones\Documents\traindata\IMG\center_2026_08_02_18_57_32_976.jpg;0.2
C:\Users\Tune and Tones\Documents\traindata\IMG\center_2026_08_02_18_57_33_054.jpg;0.4
C:\Users\Tune and Tones\Documents\traindata\IMG\center_2026_08_02_18_57_33_127.jpg;0.5500001
C:\Users\Tune and Tones\Documents\traindata\IMG\center_2026_08_02_18_57_33_205.jpg;0
C:\Users\Tune and Tones\Documents\traindata\IMG\center_2026_08_02_18_57_33_286.jpg;0.2
C:\Users\Tune and Tones\Documents\traindata\IMG\center_2026_08_02_18_57_33_361.jpg;0
C:\Users\Tune and Tones\Documents\traindata\IMG\center_2026_08_02_18_57_33_436.jpg;0
C:\Users\Tune and Tones\Documents\traindata\IMG\center_2026_08_02_18_57_33_512.jpg;0
C:\Users\Tune and Tones\Documents\traindata\IMG\center_2026_08_02_18_57_33_588.jpg;0
C:\Users\Tune and Tones\Documents\traindata\IMG\center_2026_08_02_18_57_33_662.jpg;0
C:\Users\Tune and Tones\Documents\traindata\IMG\center_2026_08_02_18_57_33_736.jpg;0
C:\Users\Tune and Tones\Documents\traindata\IMG\center_2026_08_02_18_57_33_809.jpg;0
C:\Users\Tune and Tones\Documents\traindata\IMG\center_2026_08_02_18_57_33_882.jpg;0
C:\Users\Tune and Tones\Documents\traindata\IMG\center_2026_08_02_18_57_33_955.jpg;0
C:\Users\Tune and Tones\Documents\traindata\IMG\center_2026_08_02_18_57_34_026.jpg;0
C:\Users\Tune and Tones\Documents\traindata\IMG\center_2026_08_02_18_57_34_101.jpg;0
C:\Users\Tune and Tones\Documents\traindata\IMG\center_2026_08_02_18_57_34_173.jpg;0.2
C:\Users\Tune and Tones\Documents\traindata\IMG\center_2026_08_02_18_57_34_244.jpg;0.35
C:\Users\Tune and Tones\Documents\traindata\IMG\center_2026_08_02_18_57_34_317.jpg;0.5500001
C:\Users\Tune and Tones\Documents\traindata\IMG\center_2026_08_02_18_57_34_392.jpg;0
C:\Users\Tune and Tones\Documents\traindata\IMG\center_2026_08_02_18_57_34_462.jpg;0
C:\Users\Tune and Tones\Documents\traindata\IMG\center_2026_08_02_18_57_34_531.jpg;0
C:\Users\Tune and Tones\Documents\traindata\IMG\center_2026_08_02_18_57_34_599.jpg;0
C:\Users\Tune and Tones\Documents\traindata\IMG\center_2026_08_02_18_57_34_668.jpg;0
C:\Users\Tune and Tones\Documents\traindata\IMG\center_2026_08_02_18_57_34_737.jpg;0.15
C:\Users\Tune and Tones\Documents\traindata\IMG\center_2026_08_02_18_57_34_803.jpg;0.3
C:\Users\Tune and Tones\Documents\traindata\IMG\center_2026_08_02_18_57_34_876.jpg;0.5000001
C:\Users\Tune and Tones\Documents\traindata\IMG\center_2026_08_02_18_57_35_007.jpg;0.8000001
C:\Users\Tune and Tones\Documents\traindata\IMG\center_2026_08_02_18_57_35_137.jpg;1
C:\Users\Tune and Tones\Documents\traindata\IMG\center_2026_08_02_18_57_35_264.jpg;0
C:\Users\Tune and Tones\Documents\traindata\IMG\center_2026_08_02_18_57_35_398.jpg;0
C:\Users\Tune and Tones\Documents\traindata\IMG\center_2026_08_02_18_57_35_465.jpg;0
C:\Users\Tune and Tones\Documents\traindata\IMG\center_2026_08_02_18_57_35_537.jpg;0.2
C:\Users\Tune and Tones\Documents\traindata\IMG\center_2026_08_02_18_57_35_670.jpg;0.5500001
C:\Users\Tune and Tones\Documents\traindata\IMG\center_2026_08_02_18_57_35_743.jpg;0.7
C:\Users\Tune and Tones\Documents\traindata\IMG\center_2026_08_02_18_57_35_813.jpg;0.9000002
C:\Users\Tune and Tones\Documents\traindata\IMG\center_2026_08_02_18_57_35_885.jpg;1
C:\Users\Tune and Tones\Documents\traindata\IMG\center_2026_08_02_18_57_35_958.jpg;0
C:\Users\Tune and Tones\Documents\traindata\IMG\center_2026_08_02_18_57_36_037.jpg;0
C:\Users\Tune and Tones\Documents\traindata\IMG\center_2026_08_02_18_57_36_112.jpg;0
C:\Users\Tune and Tones\Documents\traindata\IMG\center_2026_08_02_18_57_36_189.jpg;0
C:\Users\Tune and Tones\Documents\traindata\IMG\center_2026_08_02_18_57_36_263.jpg;0
C:\Users\Tune and Tones\Documents\traindata\IMG\center_2026_08_02_18_57_36_345.jpg;0
C:\Users\Tune and Tones\Documents\traindata\IMG\center_2026_08_02_18_57_36_419.jpg;0
C:\Users\Tune and Tones\Documents\traindata\IMG\center_2026_08_02_18_57_36_497.jpg;0
C:\Users\Tune and Tones\Documents\traindata\IMG\center_2026_08_02_18_57_36_573.jpg;0
C:\Users\Tune and Tones\Documents\traindata\IMG\center_2026_08_02_18_57_36_661.jpg;0
C:\Users\Tune and Tones\Documents\traindata\IMG\center_2026_08_02_18_57_36_739.jpg;0
C:\Users\Tune and Tones\Documents\traindata\IMG\center_2026_08_02_18_57_36_813.jpg;0.2
C:\Users\Tune and Tones\Documents\traindata\IMG\center_2026_08_02_18_57_36_894.jpg;0.4
C:\Users\Tune and Tones\Documents\traindata\IMG\center_2026_08_02_18_57_36_968.jpg;0.5500001
C:\Users\Tune and Tones\Documents\traindata\IMG\center_2026_08_02_18_57_37_047.jpg;0
C:\Users\Tune and Tones\Documents\traindata\IMG\center_2026_08_02_18_57_37_126.jpg;0
C:\Users\Tune and Tones\Documents\traindata\IMG\center_2026_08_02_18_57_37_203.jpg;0
C:\Users\Tune and Tones\Documents\traindata\IMG\center_2026_08_02_18_57_37_278.jpg;0
C:\Users\Tune and Tones\Documents\traindata\IMG\center_2026_08_02_18_57_37_355.jpg;0
C:\Users\Tune and Tones\Documents\traindata\IMG\center_2026_08_02_18_57_37_437.jpg;0
C:\Users\Tune and Tones\Documents\traindata\IMG\center_2026_08_02_18_57_37_514.jpg;0
C:\Users\Tune and Tones\Documents\traindata\IMG\center_2026_08_02_18_57_37_593.jpg;0
C:\Users\Tune and Tones\Documents\traindata\IMG\center_2026_08_02_18_57_37_674.jpg;0
C:\Users\Tune and Tones\Documents\traindata\IMG\center_2026_08_02_18_57_37_752.jpg;0.2
C:\Users\Tune and Tones\Documents\traindata\IMG\center_2026_08_02_18_57_37_890.jpg;0.5500001
C:\Users\Tune and Tones\Documents\traindata\IMG\center_2026_08_02_18_57_37_968.jpg;0.7500002
C:\Users\Tune and Tones\Documents\traindata\IMG\center_2026_08_02_18_57_38_047.jpg;0
C:\Users\Tune and Tones\Documents\traindata\IMG\center_2026_08_02_18_57_38_130.jpg;0
C:\Users\Tune and Tones\Documents\traindata\IMG\center_2026_08_02_18_57_38_208.jpg;0
C:\Users\Tune and Tones\Documents\traindata\IMG\center_2026_08_02_18_57_38_278.jpg;0
C:\Users\Tune and Tones\Documents\traindata\IMG\center_2026_08_02_18_57_38_355.jpg;0
C:\Users\Tune and Tones\Documents\traindata\IMG\center_2026_08_02_18_57_38_434.jpg;0
C:\Users\Tune and Tones\Documents\traindata\IMG\center_2026_08_02_18_57_38_519.jpg;0
C:\Users\Tune and Tones\Documents\traindata\IMG\center_2026_08_02_18_57_38_599.jpg;0
C:\Users\Tune and Tones\Documents\traindata\IMG\center_2026_08_02_18_57_38_675.jpg;0
C:\Users\Tune and Tones\Documents\traindata\IMG\center_2026_08_02_18_57_38_751.jpg;-0.2
C:\Users\Tune and Tones\Documents\traindata\IMG\center_2026_08_02_18_57_38_828.jpg;-0.4
C:\Users\Tune and Tones\Documents\traindata\IMG\center_2026_08_02_18_57_38_911.jpg;-0.6000001
C:\Users\Tune and Tones\Documents\traindata\IMG\center_2026_08_02_18_57_38_986.jpg;0
C:\Users\Tune and Tones\Documents\traindata\IMG\center_2026_08_02_18_57_39_068.jpg;0
C:\Users\Tune and Tones\Documents\traindata\IMG\center_2026_08_02_18_57_39_143.jpg;0
C:\Users\Tune and Tones\Documents\traindata\IMG\center_2026_08_02_18_57_39_223.jpg;0
C:\Users\Tune and Tones\Documents\traindata\IMG\center_2026_08_02_18_57_39_299.jpg;0
C:\Users\Tune and Tones\Documents\traindata\IMG\center_2026_08_02_18_57_39_381.jpg;0
C:\Users\Tune and Tones\Documents\traindata\IMG\center_2026_08_02_18_57_39_457.jpg;0
C:\Users\Tune and Tones\Documents\traindata\IMG\center_2026_08_02_18_57_39_537.jpg;0
C:\Users\Tune and Tones\Documents\traindata\IMG\center_2026_08_02_18_57_39_618.jpg;0
C:\Users\Tune and Tones\Documents\traindata\IMG\center_2026_08_02_18_57_39_696.jpg;0
C:\Users\Tune and Tones\Documents\traindata\IMG\center_2026_08_02_18_57_39_773.jpg;0
C:\Users\Tune and Tones\Documents\traindata\IMG\center_2026_08_02_18_57_39_854.jpg;0
C:\Users\Tune and Tones\Documents\traindata\IMG\center_2026_08_02_18_57_39_934.jpg;0
C:\Users\Tune and Tones\Documents\traindata\IMG\center_2026_08_02_18_57_40_013.jpg;0
C:\Users\Tune and Tones\Documents\traindata\IMG\center_2026_08_02_18_57_40_084.jpg;0
C:\Users\Tune and Tones\Documents\traindata\IMG\center_2026_08_02_18_57_40_168.jpg;0
C:\Users\Tune and Tones\Documents\traindata\IMG\center_2026_08_02_18_57_40_245.jpg;0
C:\Users\Tune and Tones\Documents\traindata\IMG\center_2026_08_02_18_57_40_329.jpg;0
C:\Users\Tune and Tones\Documents\traindata\IMG\center_2026_08_02_18_57_40_404.jpg;0
C:\Users\Tune and Tones\Documents\traindata\IMG\center_2026_08_02_18_57_40_484.jpg;0
C:\Users\Tune and Tones\Documents\traindata\IMG\center_2026_08_02_18_57_40_559.jpg;0
C:\Users\Tune and Tones\Documents\traindata\IMG\center_2026_08_02_18_57_40_639.jpg;0
C:\Users\Tune and Tones\Documents\traindata\IMG\center_2026_08_02_18_57_40_717.jpg;0
C:\Users\Tune and Tones\Documents\traindata\IMG\center_2026_08_02_18_57_40_796.jpg;0
C:\Users\Tune and Tones\Documents\traindata\IMG\center_2026_08_02_18_57_40_872.jpg;0
C:\Users\Tune and Tones\Documents\traindata\IMG\center_2026_08_02_18_57_40_950.jpg;0
C:\Users\Tune and Tones\Documents\traindata\IMG\center_2026_08_02_18_57_41_029.jpg;-0.2
C:\Users\Tune and Tones\Documents\traindata\IMG\center_2026_08_02_18_57_41_104.jpg;-0.35
C:\Users\Tune and Tones\Documents\traindata\IMG\center_2026_08_02_18_57_41_180.jpg;-0.5500001
C:\Users\Tune and Tones\Documents\traindata\IMG\center_2026_08_02_18_57_41_259.jpg;0
C:\Users\Tune and Tones\Documents\traindata\IMG\center_2026_08_02_18_57_41_334.jpg;0
C:\Users\Tune and Tones\Documents\traindata\IMG\center_2026_08_02_18_57_41_414.jpg;0
C:\Users\Tune and Tones\Documents\traindata\IMG\center_2026_08_02_18_57_41_496.jpg;0
C:\Users\Tune and Tones\Documents\traindata\IMG\center_2026_08_02_18_57_41_568.jpg;0
C:\Users\Tune and Tones\Documents\traindata\IMG\center_2026_08_02_18_57_41_643.jpg;0
C:\Users\Tune and Tones\Documents\traindata\IMG\center_2026_08_02_18_57_41_727.jpg;0
C:\Users\Tune and Tones\Documents\traindata\IMG\center_2026_08_02_18_57_41_800.jpg;0
C:\Users\Tune and Tones\Documents\traindata\IMG\center_2026_08_02_18_57_41_878.jpg;0
C:\Users\Tune and Tones\Documents\traindata\IMG\center_2026_08_02_18_57_41_959.jpg;0
C:\Users\Tune and Tones\Documents\traindata\IMG\center_2026_08_02_18_57_42_036.jpg;0
C:\Users\Tune and Tones\Documents\traindata\IMG\center_2026_08_02_18_57_42_116.jpg;0
C:\Users\Tune and Tones\Documents\traindata\IMG\center_2026_08_02_18_57_42_195.jpg;0
C:\Users\Tune and Tones\Documents\traindata\IMG\center_2026_08_02_18_57_42_276.jpg;0
C:\Users\Tune and Tones\Documents\traindata\IMG\center_2026_08_02_18_57_42_358.jpg;0
C:\Users\Tune and Tones\Documents\traindata\IMG\center_2026_08_02_18_57_42_440.jpg;-0.2
C:\Users\Tune and Tones\Documents\traindata\IMG\center_2026_08_02_18_57_42_522.jpg;0
C:\Users\Tune and Tones\Documents\traindata\IMG\center_2026_08_02_18_57_42_607.jpg;0
C:\Users\Tune and Tones\Documents\traindata\IMG\center_2026_08_02_18_57_42_686.jpg;0
C:\Users\Tune and Tones\Documents\traindata\IMG\center_2026_08_02_18_57_42_773.jpg;0
C:\Users\Tune and Tones\Documents\traindata\IMG\center_2026_08_02_18_57_42_853.jpg;0
C:\Users\Tune and Tones\Documents\traindata\IMG\center_2026_08_02_18_57_42_938.jpg;0
C:\Users\Tune and Tones\Documents\traindata\IMG\center_2026_08_02_18_57_43_022.jpg;0
C:\Users\Tune and Tones\Documents\traindata\IMG\center_2026_08_02_18_57_43_106.jpg;-0.2
C:\Users\Tune and Tones\Documents\traindata\IMG\center_2026_08_02_18_57_43_185.jpg;-0.4
C:\Users\Tune and Tones\Documents\traindata\IMG\center_2026_08_02_18_57_43_272.jpg;-0.6500001
C:\Users\Tune and Tones\Documents\traindata\IMG\center_2026_08_02_18_57_43_353.jpg;-0.8500001
C:\Users\Tune and Tones\Documents\traindata\IMG\center_2026_08_02_18_57_43_438.jpg;-1
C:\Users\Tune and Tones\Documents\traindata\IMG\center_2026_08_02_18_57_43_522.jpg;0
C:\Users\Tune and Tones\Documents\traindata\IMG\center_2026_08_02_18_57_43_607.jpg;0
C:\Users\Tune and Tones\Documents\traindata\IMG\center_2026_08_02_18_57_43_693.jpg;0
C:\Users\Tune and Tones\Documents\traindata\IMG\center_2026_08_02_18_57_43_775.jpg;0
C:\Users\Tune and Tones\Documents\traindata\IMG\center_2026_08_02_18_57_43_859.jpg;0
C:\Users\Tune and Tones\Documents\traindata\IMG\center_2026_08_02_18_57_43_944.jpg;0
C:\Users\Tune and Tones\Documents\traindata\IMG\center_2026_08_02_18_57_44_028.jpg;0
C:\Users\Tune and Tones\Documents\traindata\IMG\center_2026_08_02_18_57_44_113.jpg;0
C:\Users\Tune and Tones\Documents\traindata\IMG\center_2026_08_02_18_57_44_199.jpg;0
C:\Users\Tune and Tones\Documents\traindata\IMG\center_2026_08_02_18_57_44_283.jpg;0
C:\Users\Tune and Tones\Documents\traindata\IMG\center_2026_08_02_18_57_44_367.jpg;0
C:\Users\Tune and Tones\Documents\traindata\IMG\center_2026_08_02_18_57_44_455.jpg;0
C:\Users\Tune and Tones\Documents\traindata\IMG\center_2026_08_02_18_57_44_543.jpg;0
C:\Users\Tune and Tones\Documents\traindata\IMG\center_2026_08_02_18_57_44_629.jpg;0
C:\Users\Tune and Tones\Documents\traindata\IMG\center_2026_08_02_18_57_44_716.jpg;0
C:\Users\Tune and Tones\Documents\traindata\IMG\center_2026_08_02_18_57_44_809.jpg;0
C:\Users\Tune and Tones\Documents\traindata\IMG\center_2026_08_02_18_57_44_895.jpg;0
C:\Users\Tune and Tones\Documents\traindata\IMG\center_2026_08_02_18_57_44_982.jpg;0
C:\Users\Tune and Tones\Documents\traindata\IMG\center_2026_08_02_18_57_45_071.jpg;0
C:\Users\Tune and Tones\Documents\traindata\IMG\center_2026_08_02_18_57_45_158.jpg;0
C:\Users\Tune and Tones\Documents\traindata\IMG\center_2026_08_02_18_57_45_249.jpg;0
C:\Users\Tune and Tones\Documents\traindata\IMG\center_2026_08_02_18_57_45_336.jpg;0
C:\Users\Tune and Tones\Documents\traindata\IMG\center_2026_08_02_18_57_45_426.jpg;-0.2
C:\Users\Tune and Tones\Documents\traindata\IMG\center_2026_08_02_18_57_45_516.jpg;-0.45
C:\Users\Tune and Tones\Documents\traindata\IMG\center_2026_08_02_18_57_45_608.jpg;-0.7
C:\Users\Tune and Tones\Documents\traindata\IMG\center_2026_08_02_18_57_45_697.jpg;-0.9000002
C:\Users\Tune and Tones\Documents\traindata\IMG\center_2026_08_02_18_57_45_790.jpg;0
C:\Users\Tune and Tones\Documents\traindata\IMG\center_2026_08_02_18_57_45_881.jpg;0
C:\Users\Tune and Tones\Documents\traindata\IMG\center_2026_08_02_18_57_45_974.jpg;0
C:\Users\Tune and Tones\Documents\traindata\IMG\center_2026_08_02_18_57_46_064.jpg;0
C:\Users\Tune and Tones\Documents\traindata\IMG\center_2026_08_02_18_57_46_157.jpg;-0.25
C:\Users\Tune and Tones\Documents\traindata\IMG\center_2026_08_02_18_57_46_249.jpg;-0.5000001
C:\Users\Tune and Tones\Documents\traindata\IMG\center_2026_08_02_18_57_46_339.jpg;-0.7
C:\Users\Tune and Tones\Documents\traindata\IMG\center_2026_08_02_18_57_46_434.jpg;-0.9500002
C:\Users\Tune and Tones\Documents\traindata\IMG\center_2026_08_02_18_57_46_522.jpg;0
C:\Users\Tune and Tones\Documents\traindata\IMG\center_2026_08_02_18_57_46_612.jpg;0
C:\Users\Tune and Tones\Documents\traindata\IMG\center_2026_08_02_18_57_46_703.jpg;0
C:\Users\Tune and Tones\Documents\traindata\IMG\center_2026_08_02_18_57_46_792.jpg;0
C:\Users\Tune and Tones\Documents\traindata\IMG\center_2026_08_02_18_57_46_879.jpg;-0.2
C:\Users\Tune and Tones\Documents\traindata\IMG\center_2026_08_02_18_57_46_966.jpg;-0.4
C:\Users\Tune and Tones\Documents\traindata\IMG\center_2026_08_02_18_57_47_057.jpg;-0.6500001
C:\Users\Tune and Tones\Documents\traindata\IMG\center_2026_08_02_18_57_47_144.jpg;0
C:\Users\Tune and Tones\Documents\traindata\IMG\center_2026_08_02_18_57_47_229.jpg;0
C:\Users\Tune and Tones\Documents\traindata\IMG\center_2026_08_02_18_57_47_319.jpg;0
C:\Users\Tune and Tones\Documents\traindata\IMG\center_2026_08_02_18_57_47_412.jpg;0
C:\Users\Tune and Tones\Documents\traindata\IMG\center_2026_08_02_18_57_47_496.jpg;0
C:\Users\Tune and Tones\Documents\traindata\IMG\center_2026_08_02_18_57_47_585.jpg;-0.2
C:\Users\Tune and Tones\Documents\traindata\IMG\center_2026_08_02_18_57_47_671.jpg;-0.45
C:\Users\Tune and Tones\Documents\traindata\IMG\center_2026_08_02_18_57_47_761.jpg;0
C:\Users\Tune and Tones\Documents\traindata\IMG\center_2026_08_02_18_57_47_851.jpg;0
C:\Users\Tune and Tones\Documents\traindata\IMG\center_2026_08_02_18_57_47_937.jpg;0
C:\Users\Tune and Tones\Documents\traindata\IMG\center_2026_08_02_18_57_48_027.jpg;0
C:\Users\Tune and Tones\Documents\traindata\IMG\center_2026_08_02_18_57_48_120.jpg;0
C:\Users\Tune and Tones\Documents\traindata\IMG\center_2026_08_02_18_57_48_213.jpg;-0.25
C:\Users\Tune and Tones\Documents\traindata\IMG\center_2026_08_02_18_57_48_300.jpg;-0.45
C:\Users\Tune and Tones\Documents\traindata\IMG\center_2026_08_02_18_57_48_390.jpg;-0.7
C:\Users\Tune and Tones\Documents\traindata\IMG\center_2026_08_02_18_57_48_483.jpg;0
C:\Users\Tune and Tones\Documents\traindata\IMG\center_2026_08_02_18_57_48_570.jpg;0
C:\Users\Tune and Tones\Documents\traindata\IMG\center_2026_08_02_18_57_48_672.jpg;0
C:\Users\Tune and Tones\Documents\traindata\IMG\center_2026_08_02_18_57_48_767.jpg;0
C:\Users\Tune and Tones\Documents\traindata\IMG\center_2026_08_02_18_57_48_858.jpg;0
C:\Users\Tune and Tones\Documents\traindata\IMG\center_2026_08_02_18_57_48_945.jpg;0
C:\Users\Tune and Tones\Documents\traindata\IMG\center_2026_08_02_18_57_49_042.jpg;0
C:\Users\Tune and Tones\Documents\traindata\IMG\center_2026_08_02_18_57_49_129.jpg;-0.25
C:\Users\Tune and Tones\Documents\traindata\IMG\center_2026_08_02_18_57_49_218.jpg;-0.45
C:\Users\Tune and Tones\Documents\traindata\IMG\center_2026_08_02_18_57_49_311.jpg;0
C:\Users\Tune and Tones\Documents\traindata\IMG\center_2026_08_02_18_57_49_401.jpg;0
C:\Users\Tune and Tones\Documents\traindata\IMG\center_2026_08_02_18_57_49_493.jpg;0
C:\Users\Tune and Tones\Documents\traindata\IMG\center_2026_08_02_18_57_49_595.jpg;0
C:\Users\Tune and Tones\Documents\traindata\IMG\center_2026_08_02_18_57_49_685.jpg;0
C:\Users\Tune and Tones\Documents\traindata\IMG\center_2026_08_02_18_57_49_780.jpg;0
C:\Users\Tune and Tones\Documents\traindata\IMG\center_2026_08_02_18_57_49_873.jpg;0
C:\Users\Tune and Tones\Documents\traindata\IMG\center_2026_08_02_18_57_49_968.jpg;0
C:\Users\Tune and Tones\Documents\traindata\IMG\center_2026_08_02_18_57_50_059.jpg;0
C:\Users\Tune and Tones\Documents\traindata\IMG\center_2026_08_02_18_57_50_148.jpg;-0.25
C:\Users\Tune and Tones\Documents\traindata\IMG\center_2026_08_02_18_57_50_236.jpg;-0.45
C:\Users\Tune and Tones\Documents\traindata\IMG\center_2026_08_02_18_57_50_332.jpg;0
C:\Users\Tune and Tones\Documents\traindata\IMG\center_2026_08_02_18_57_50_432.jpg;0
C:\Users\Tune and Tones\Documents\traindata\IMG\center_2026_08_02_18_57_50_529.jpg;0
C:\Users\Tune and Tones\Documents\traindata\IMG\center_2026_08_02_18_57_50_625.jpg;0
C:\Users\Tune and Tones\Documents\traindata\IMG\center_2026_08_02_18_57_50_730.jpg;0
C:\Users\Tune and Tones\Documents\traindata\IMG\center_2026_08_02_18_57_50_812.jpg;0
C:\Users\Tune and Tones\Documents\traindata\IMG\center_2026_08_02_18_57_50_908.jpg;0
C:\Users\Tune and Tones\Documents\traindata\IMG\center_2026_08_02_18_57_51_001.jpg;0
C:\Users\Tune and Tones\Documents\traindata\IMG\center_2026_08_02_18_57_51_105.jpg;0
C:\Users\Tune and Tones\Documents\traindata\IMG\center_2026_08_02_18_57_51_194.jpg;0
C:\Users\Tune and Tones\Documents\traindata\IMG\center_2026_08_02_18_57_51_291.jpg;-0.25
C:\Users\Tune and Tones\Documents\traindata\IMG\center_2026_08_02_18_57_51_386.jpg;-0.45
C:\Users\Tune and Tones\Documents\traindata\IMG\center_2026_08_02_18_57_51_481.jpg;0
C:\Users\Tune and Tones\Documents\traindata\IMG\center_2026_08_02_18_57_51_581.jpg;0
C:\Users\Tune and Tones\Documents\traindata\IMG\center_2026_08_02_18_57_51_677.jpg;0
C:\Users\Tune and Tones\Documents\traindata\IMG\center_2026_08_02_18_57_51_782.jpg;0
C:\Users\Tune and Tones\Documents\traindata\IMG\center_2026_08_02_18_57_51_877.jpg;0
C:\Users\Tune and Tones\Documents\traindata\IMG\center_2026_08_02_18_57_51_964.jpg;0
C:\Users\Tune and Tones\Documents\traindata\IMG\center_2026_08_02_18_57_52_065.jpg;0
C:\Users\Tune and Tones\Documents\traindata\IMG\center_2026_08_02_18_57_52_153.jpg;0
C:\Users\Tune and Tones\Documents\traindata\IMG\center_2026_08_02_18_57_52_251.jpg;-0.25
C:\Users\Tune and Tones\Documents\traindata\IMG\center_2026_08_02_18_57_52_338.jpg;-0.45
C:\Users\Tune and Tones\Documents\traindata\IMG\center_2026_08_02_18_57_52_425.jpg;-0.6500001
C:\Users\Tune and Tones\Documents\traindata\IMG\center_2026_08_02_18_57_52_519.jpg;0
C:\Users\Tune and Tones\Documents\traindata\IMG\center_2026_08_02_18_57_52_619.jpg;0
C:\Users\Tune and Tones\Documents\traindata\IMG\center_2026_08_02_18_57_52_724.jpg;0
C:\Users\Tune and Tones\Documents\traindata\IMG\center_2026_08_02_18_57_52_820.jpg;0
C:\Users\Tune and Tones\Documents\traindata\IMG\center_2026_08_02_18_57_52_913.jpg;0
C:\Users\Tune and Tones\Documents\traindata\IMG\center_2026_08_02_18_57_53_006.jpg;0
C:\Users\Tune and Tones\Documents\traindata\IMG\center_2026_08_02_18_57_53_102.jpg;0
C:\Users\Tune and Tones\Documents\traindata\IMG\center_2026_08_02_18_57_53_195.jpg;0
C:\Users\Tune and Tones\Documents\traindata\IMG\center_2026_08_02_18_57_53_286.jpg;0
C:\Users\Tune and Tones\Documents\traindata\IMG\center_2026_08_02_18_57_53_380.jpg;-0.25
C:\Users\Tune and Tones\Documents\traindata\IMG\center_2026_08_02_18_57_53_474.jpg;-0.5000001
C:\Users\Tune and Tones\Documents\traindata\IMG\center_2026_08_02_18_57_53_571.jpg;-0.7500002
C:\Users\Tune and Tones\Documents\traindata\IMG\center_2026_08_02_18_57_53_664.jpg;0
C:\Users\Tune and Tones\Documents\traindata\IMG\center_2026_08_02_18_57_53_761.jpg;0
C:\Users\Tune and Tones\Documents\traindata\IMG\center_2026_08_02_18_57_53_854.jpg;0
C:\Users\Tune and Tones\Documents\traindata\IMG\center_2026_08_02_18_57_53_945.jpg;0
C:\Users\Tune and Tones\Documents\traindata\IMG\center_2026_08_02_18_57_54_039.jpg;0
C:\Users\Tune and Tones\Documents\traindata\IMG\center_2026_08_02_18_57_54_133.jpg;0
C:\Users\Tune and Tones\Documents\traindata\IMG\center_2026_08_02_18_57_54_228.jpg;0
C:\Users\Tune and Tones\Documents\traindata\IMG\center_2026_08_02_18_57_54_323.jpg;0
C:\Users\Tune and Tones\Documents\traindata\IMG\center_2026_08_02_18_57_54_422.jpg;0
C:\Users\Tune and Tones\Documents\traindata\IMG\center_2026_08_02_18_57_54_513.jpg;0
C:\Users\Tune and Tones\Documents\traindata\IMG\center_2026_08_02_18_57_54_610.jpg;0
C:\Users\Tune and Tones\Documents\traindata\IMG\center_2026_08_02_18_57_54_704.jpg;0
C:\Users\Tune and Tones\Documents\traindata\IMG\center_2026_08_02_18_57_54_806.jpg;0
C:\Users\Tune and Tones\Documents\traindata\IMG\center_2026_08_02_18_57_54_897.jpg;0
C:\Users\Tune and Tones\Documents\traindata\IMG\center_2026_08_02_18_57_54_994.jpg;0
C:\Users\Tune and Tones\Documents\traindata\IMG\center_2026_08_02_18_57_55_092.jpg;0
C:\Users\Tune and Tones\Documents\traindata\IMG\center_2026_08_02_18_57_55_187.jpg;0
C:\Users\Tune and Tones\Documents\traindata\IMG\center_2026_08_02_18_57_55_286.jpg;0
C:\Users\Tune and Tones\Documents\traindata\IMG\center_2026_08_02_18_57_55_384.jpg;0
C:\Users\Tune and Tones\Documents\traindata\IMG\center_2026_08_02_18_57_55_484.jpg;0
C:\Users\Tune and Tones\Documents\traindata\IMG\center_2026_08_02_18_57_55_587.jpg;0
C:\Users\Tune and Tones\Documents\traindata\IMG\center_2026_08_02_18_57_55_683.jpg;0
C:\Users\Tune and Tones\Documents\traindata\IMG\center_2026_08_02_18_57_55_780.jpg;0
C:\Users\Tune and Tones\Documents\traindata\IMG\center_2026_08_02_18_57_55_881.jpg;0
C:\Users\Tune and Tones\Documents\traindata\IMG\center_2026_08_02_18_57_55_984.jpg;0
C:\Users\Tune and Tones\Documents\traindata\IMG\center_2026_08_02_18_57_56_081.jpg;0
C:\Users\Tune and Tones\Documents\traindata\IMG\center_2026_08_02_18_57_56_183.jpg;0
C:\Users\Tune and Tones\Documents\traindata\IMG\center_2026_08_02_18_57_56_277.jpg;0
C:\Users\Tune and Tones\Documents\traindata\IMG\center_2026_08_02_18_57_56_378.jpg;0
C:\Users\Tune and Tones\Documents\traindata\IMG\center_2026_08_02_18_57_56_477.jpg;0
C:\Users\Tune and Tones\Documents\traindata\IMG\center_2026_08_02_18_57_56_578.jpg;0
C:\Users\Tune and Tones\Documents\traindata\IMG\center_2026_08_02_18_57_56_680.jpg;0
C:\Users\Tune and Tones\Documents\traindata\IMG\center_2026_08_02_18_57_56_775.jpg;0
C:\Users\Tune and Tones\Documents\traindata\IMG\center_2026_08_02_18_57_56_875.jpg;0
C:\Users\Tune and Tones\Documents\traindata\IMG\center_2026_08_02_18_57_56_974.jpg;0
C:\Users\Tune and Tones\Documents\traindata\IMG\center_2026_08_02_18_57_57_075.jpg;0
C:\Users\Tune and Tones\Documents\traindata\IMG\center_2026_08_02_18_57_57_172.jpg;-0.25
C:\Users\Tune and Tones\Documents\traindata\IMG\center_2026_08_02_18_57_57_273.jpg;-0.5000001
C:\Users\Tune and Tones\Documents\traindata\IMG\center_2026_08_02_18_57_57_368.jpg;0
C:\Users\Tune and Tones\Documents\traindata\IMG\center_2026_08_02_18_57_57_467.jpg;0
C:\Users\Tune and Tones\Documents\traindata\IMG\center_2026_08_02_18_57_57_567.jpg;0
C:\Users\Tune and Tones\Documents\traindata\IMG\center_2026_08_02_18_57_57_664.jpg;0
C:\Users\Tune and Tones\Documents\traindata\IMG\center_2026_08_02_18_57_57_765.jpg;0
C:\Users\Tune and Tones\Documents\traindata\IMG\center_2026_08_02_18_57_57_856.jpg;0
C:\Users\Tune and Tones\Documents\traindata\IMG\center_2026_08_02_18_57_57_953.jpg;0
C:\Users\Tune and Tones\Documents\traindata\IMG\center_2026_08_02_18_57_58_052.jpg;-0.25
C:\Users\Tune and Tones\Documents\traindata\IMG\center_2026_08_02_18_57_58_142.jpg;-0.45
C:\Users\Tune and Tones\Documents\traindata\IMG\center_2026_08_02_18_57_58_232.jpg;-0.7
C:\Users\Tune and Tones\Documents\traindata\IMG\center_2026_08_02_18_57_58_334.jpg;0
C:\Users\Tune and Tones\Documents\traindata\IMG\center_2026_08_02_18_57_58_439.jpg;0
C:\Users\Tune and Tones\Documents\traindata\IMG\center_2026_08_02_18_57_58_521.jpg;0
C:\Users\Tune and Tones\Documents\traindata\IMG\center_2026_08_02_18_57_58_613.jpg;0
C:\Users\Tune and Tones\Documents\traindata\IMG\center_2026_08_02_18_57_58_705.jpg;0
C:\Users\Tune and Tones\Documents\traindata\IMG\center_2026_08_02_18_57_58_799.jpg;0
C:\Users\Tune and Tones\Documents\traindata\IMG\center_2026_08_02_18_57_58_902.jpg;0
C:\Users\Tune and Tones\Documents\traindata\IMG\center_2026_08_02_18_57_59_002.jpg;0
C:\Users\Tune and Tones\Documents\traindata\IMG\center_2026_08_02_18_57_59_099.jpg;0
C:\Users\Tune and Tones\Documents\traindata\IMG\center_2026_08_02_18_57_59_194.jpg;0
C:\Users\Tune and Tones\Documents\traindata\IMG\center_2026_08_02_18_57_59_289.jpg;0
C:\Users\Tune and Tones\Documents\traindata\IMG\center_2026_08_02_18_57_59_383.jpg;0
C:\Users\Tune and Tones\Documents\traindata\IMG\center_2026_08_02_18_57_59_465.jpg;0
C:\Users\Tune and Tones\Documents\traindata\IMG\center_2026_08_02_18_57_59_559.jpg;0
C:\Users\Tune and Tones\Documents\traindata\IMG\center_2026_08_02_18_57_59_655.jpg;0
C:\Users\Tune and Tones\Documents\traindata\IMG\center_2026_08_02_18_57_59_754.jpg;0
C:\Users\Tune and Tones\Documents\traindata\IMG\center_2026_08_02_18_57_59_853.jpg;0
C:\Users\Tune and Tones\Documents\traindata\IMG\center_2026_08_02_18_57_59_946.jpg;0
C:\Users\Tune and Tones\Documents\traindata\IMG\center_2026_08_02_18_58_00_039.jpg;0.25
C:\Users\Tune and Tones\Documents\traindata\IMG\center_2026_08_02_18_58_00_149.jpg;0
C:\Users\Tune and Tones\Documents\traindata\IMG\center_2026_08_02_18_58_00_249.jpg;0
C:\Users\Tune and Tones\Documents\traindata\IMG\center_2026_08_02_18_58_00_350.jpg;0
C:\Users\Tune and Tones\Documents\traindata\IMG\center_2026_08_02_18_58_00_447.jpg;0
C:\Users\Tune and Tones\Documents\traindata\IMG\center_2026_08_02_18_58_00_550.jpg;0
C:\Users\Tune and Tones\Documents\traindata\IMG\center_2026_08_02_18_58_00_646.jpg;0
C:\Users\Tune and Tones\Documents\traindata\IMG\center_2026_08_02_18_58_00_734.jpg;0
C:\Users\Tune and Tones\Documents\traindata\IMG\center_2026_08_02_18_58_00_844.jpg;0
C:\Users\Tune and Tones\Documents\traindata\IMG\center_2026_08_02_18_58_00_946.jpg;0
C:\Users\Tune and Tones\Documents\traindata\IMG\center_2026_08_02_18_58_01_044.jpg;0
C:\Users\Tune and Tones\Documents\traindata\IMG\center_2026_08_02_18_58_01_149.jpg;0
C:\Users\Tune and Tones\Documents\traindata\IMG\center_2026_08_02_18_58_01_251.jpg;0
C:\Users\Tune and Tones\Documents\traindata\IMG\center_2026_08_02_18_58_01_350.jpg;0
C:\Users\Tune and Tones\Documents\traindata\IMG\center_2026_08_02_18_58_01_451.jpg;0
C:\Users\Tune and Tones\Documents\traindata\IMG\center_2026_08_02_18_58_01_549.jpg;0
C:\Users\Tune and Tones\Documents\traindata\IMG\center_2026_08_02_18_58_01_650.jpg;0
C:\Users\Tune and Tones\Documents\traindata\IMG\center_2026_08_02_18_58_01_743.jpg;0
C:\Users\Tune and Tones\Documents\traindata\IMG\center_2026_08_02_18_58_01_850.jpg;0
C:\Users\Tune and Tones\Documents\traindata\IMG\center_2026_08_02_18_58_01_952.jpg;-0.3
C:\Users\Tune and Tones\Documents\traindata\IMG\center_2026_08_02_18_58_02_060.jpg;0
C:\Users\Tune and Tones\Documents\traindata\IMG\center_2026_08_02_18_58_02_155.jpg;0
C:\Users\Tune and Tones\Documents\traindata\IMG\center_2026_08_02_18_58_02_258.jpg;0
C:\Users\Tune and Tones\Documents\traindata\IMG\center_2026_08_02_18_58_02_359.jpg;0
C:\Users\Tune and Tones\Documents\traindata\IMG\center_2026_08_02_18_58_02_448.jpg;0
C:\Users\Tune and Tones\Documents\traindata\IMG\center_2026_08_02_18_58_02_564.jpg;0
C:\Users\Tune and Tones\Documents\traindata\IMG\center_2026_08_02_18_58_02_666.jpg;0
C:\Users\Tune and Tones\Documents\traindata\IMG\center_2026_08_02_18_58_02_756.jpg;0
C:\Users\Tune and Tones\Documents\traindata\IMG\center_2026_08_02_18_58_02_852.jpg;0
C:\Users\Tune and Tones\Documents\traindata\IMG\center_2026_08_02_18_58_02_964.jpg;-0.25
C:\Users\Tune and Tones\Documents\traindata\IMG\center_2026_08_02_18_58_03_077.jpg;-0.5500001
C:\Users\Tune and Tones\Documents\traindata\IMG\center_2026_08_02_18_58_03_167.jpg;0
C:\Users\Tune and Tones\Documents\traindata\IMG\center_2026_08_02_18_58_03_272.jpg;0
C:\Users\Tune and Tones\Documents\traindata\IMG\center_2026_08_02_18_58_03_384.jpg;0
C:\Users\Tune and Tones\Documents\traindata\IMG\center_2026_08_02_18_58_03_474.jpg;0
C:\Users\Tune and Tones\Documents\traindata\IMG\center_2026_08_02_18_58_03_569.jpg;0
C:\Users\Tune and Tones\Documents\traindata\IMG\center_2026_08_02_18_58_03_670.jpg;0
C:\Users\Tune and Tones\Documents\traindata\IMG\center_2026_08_02_18_58_03_775.jpg;0
C:\Users\Tune and Tones\Documents\traindata\IMG\center_2026_08_02_18_58_03_871.jpg;0
C:\Users\Tune and Tones\Documents\traindata\IMG\center_2026_08_02_18_58_03_975.jpg;0
C:\Users\Tune and Tones\Documents\traindata\IMG\center_2026_08_02_18_58_04_072.jpg;0
C:\Users\Tune and Tones\Documents\traindata\IMG\center_2026_08_02_18_58_04_177.jpg;0
C:\Users\Tune and Tones\Documents\traindata\IMG\center_2026_08_02_18_58_04_276.jpg;0
C:\Users\Tune and Tones\Documents\traindata\IMG\center_2026_08_02_18_58_04_378.jpg;0
C:\Users\Tune and Tones\Documents\traindata\IMG\center_2026_08_02_18_58_04_480.jpg;0
C:\Users\Tune and Tones\Documents\traindata\IMG\center_2026_08_02_18_58_04_583.jpg;0
C:\Users\Tune and Tones\Documents\traindata\IMG\center_2026_08_02_18_58_04_684.jpg;0
C:\Users\Tune and Tones\Documents\traindata\IMG\center_2026_08_02_18_58_04_784.jpg;0
C:\Users\Tune and Tones\Documents\traindata\IMG\center_2026_08_02_18_58_04_893.jpg;0
C:\Users\Tune and Tones\Documents\traindata\IMG\center_2026_08_02_18_58_05_000.jpg;0
C:\Users\Tune and Tones\Documents\traindata\IMG\center_2026_08_02_18_58_05_110.jpg;0
C:\Users\Tune and Tones\Documents\traindata\IMG\center_2026_08_02_18_58_05_205.jpg;0
C:\Users\Tune and Tones\Documents\traindata\IMG\center_2026_08_02_18_58_05_307.jpg;0
C:\Users\Tune and Tones\Documents\traindata\IMG\center_2026_08_02_18_58_05_403.jpg;0
C:\Users\Tune and Tones\Documents\traindata\IMG\center_2026_08_02_18_58_05_499.jpg;0
C:\Users\Tune and Tones\Documents\traindata\IMG\center_2026_08_02_18_58_05_613.jpg;0
C:\Users\Tune and Tones\Documents\traindata\IMG\center_2026_08_02_18_58_05_722.jpg;0
C:\Users\Tune and Tones\Documents\traindata\IMG\center_2026_08_02_18_58_05_822.jpg;0
C:\Users\Tune and Tones\Documents\traindata\IMG\center_2026_08_02_18_58_05_926.jpg;0
C:\Users\Tune and Tones\Documents\traindata\IMG\center_2026_08_02_18_58_06_030.jpg;0
C:\Users\Tune and Tones\Documents\traindata\IMG\center_2026_08_02_18_58_06_123.jpg;0
C:\Users\Tune and Tones\Documents\traindata\IMG\center_2026_08_02_18_58_06_219.jpg;0
C:\Users\Tune and Tones\Documents\traindata\IMG\center_2026_08_02_18_58_06_324.jpg;0
C:\Users\Tune and Tones\Documents\traindata\IMG\center_2026_08_02_18_58_06_426.jpg;0
C:\Users\Tune and Tones\Documents\traindata\IMG\center_2026_08_02_18_58_06_527.jpg;0
C:\Users\Tune and Tones\Documents\traindata\IMG\center_2026_08_02_18_58_06_631.jpg;0
C:\Users\Tune and Tones\Documents\traindata\IMG\center_2026_08_02_18_58_06_734.jpg;0
C:\Users\Tune and Tones\Documents\traindata\IMG\center_2026_08_02_18_58_06_837.jpg;-0.25
C:\Users\Tune and Tones\Documents\traindata\IMG\center_2026_08_02_18_58_06_949.jpg;0
C:\Users\Tune and Tones\Documents\traindata\IMG\center_2026_08_02_18_58_07_067.jpg;0
C:\Users\Tune and Tones\Documents\traindata\IMG\center_2026_08_02_18_58_07_152.jpg;0
C:\Users\Tune and Tones\Documents\traindata\IMG\center_2026_08_02_18_58_07_253.jpg;0
C:\Users\Tune and Tones\Documents\traindata\IMG\center_2026_08_02_18_58_07_359.jpg;0
C:\Users\Tune and Tones\Documents\traindata\IMG\center_2026_08_02_18_58_07_458.jpg;0
C:\Users\Tune and Tones\Documents\traindata\IMG\center_2026_08_02_18_58_07_564.jpg;-0.25
C:\Users\Tune and Tones\Documents\traindata\IMG\center_2026_08_02_18_58_07_666.jpg;0
C:\Users\Tune and Tones\Documents\traindata\IMG\center_2026_08_02_18_58_07_781.jpg;0
C:\Users\Tune and Tones\Documents\traindata\IMG\center_2026_08_02_18_58_07_894.jpg;0
C:\Users\Tune and Tones\Documents\traindata\IMG\center_2026_08_02_18_58_07_995.jpg;0
C:\Users\Tune and Tones\Documents\traindata\IMG\center_2026_08_02_18_58_08_099.jpg;0
C:\Users\Tune and Tones\Documents\traindata\IMG\center_2026_08_02_18_58_08_199.jpg;0
C:\Users\Tune and Tones\Documents\traindata\IMG\center_2026_08_02_18_58_08_305.jpg;0
C:\Users\Tune and Tones\Documents\traindata\IMG\center_2026_08_02_18_58_08_398.jpg;0
C:\Users\Tune and Tones\Documents\traindata\IMG\center_2026_08_02_18_58_08_496.jpg;0
C:\Users\Tune and Tones\Documents\traindata\IMG\center_2026_08_02_18_58_08_605.jpg;-0.25
C:\Users\Tune and Tones\Documents\traindata\IMG\center_2026_08_02_18_58_08_704.jpg;-0.5000001
C:\Users\Tune and Tones\Documents\traindata\IMG\center_2026_08_02_18_58_08_812.jpg;0
C:\Users\Tune and Tones\Documents\traindata\IMG\center_2026_08_02_18_58_08_917.jpg;0
C:\Users\Tune and Tones\Documents\traindata\IMG\center_2026_08_02_18_58_09_019.jpg;0
C:\Users\Tune and Tones\Documents\traindata\IMG\center_2026_08_02_18_58_09_118.jpg;0
C:\Users\Tune and Tones\Documents\traindata\IMG\center_2026_08_02_18_58_09_220.jpg;0
C:\Users\Tune and Tones\Documents\traindata\IMG\center_2026_08_02_18_58_09_318.jpg;0
C:\Users\Tune and Tones\Documents\traindata\IMG\center_2026_08_02_18_58_09_418.jpg;0
C:\Users\Tune and Tones\Documents\traindata\IMG\center_2026_08_02_18_58_09_517.jpg;0
C:\Users\Tune and Tones\Documents\traindata\IMG\center_2026_08_02_18_58_09_618.jpg;0
C:\Users\Tune and Tones\Documents\traindata\IMG\center_2026_08_02_18_58_09_719.jpg;0
C:\Users\Tune and Tones\Documents\traindata\IMG\center_2026_08_02_18_58_09_836.jpg;0
C:\Users\Tune and Tones\Documents\traindata\IMG\center_2026_08_02_18_58_09_932.jpg;0
C:\Users\Tune and Tones\Documents\traindata\IMG\center_2026_08_02_18_58_10_016.jpg;0
C:\Users\Tune and Tones\Documents\traindata\IMG\center_2026_08_02_18_58_10_110.jpg;0
C:\Users\Tune and Tones\Documents\traindata\IMG\center_2026_08_02_18_58_10_229.jpg;0
C:\Users\Tune and Tones\Documents\traindata\IMG\center_2026_08_02_18_58_10_317.jpg;0
C:\Users\Tune and Tones\Documents\traindata\IMG\center_2026_08_02_18_58_10_422.jpg;0
C:\Users\Tune and Tones\Documents\traindata\IMG\center_2026_08_02_18_58_10_522.jpg;0
C:\Users\Tune and Tones\Documents\traindata\IMG\center_2026_08_02_18_58_10_621.jpg;0
C:\Users\Tune and Tones\Documents\traindata\IMG\center_2026_08_02_18_58_10_711.jpg;0
C:\Users\Tune and Tones\Documents\traindata\IMG\center_2026_08_02_18_58_10_801.jpg;0
C:\Users\Tune and Tones\Documents\traindata\IMG\center_2026_08_02_18_58_10_901.jpg;0
C:\Users\Tune and Tones\Documents\traindata\IMG\center_2026_08_02_18_58_11_008.jpg;0
C:\Users\Tune and Tones\Documents\traindata\IMG\center_2026_08_02_18_58_11_100.jpg;0
C:\Users\Tune and Tones\Documents\traindata\IMG\center_2026_08_02_18_58_11_197.jpg;0
C:\Users\Tune and Tones\Documents\traindata\IMG\center_2026_08_02_18_58_11_303.jpg;0
C:\Users\Tune and Tones\Documents\traindata\IMG\center_2026_08_02_18_58_11_398.jpg;0
C:\Users\Tune and Tones\Documents\traindata\IMG\center_2026_08_02_18_58_11_496.jpg;0
C:\Users\Tune and Tones\Documents\traindata\IMG\center_2026_08_02_18_58_11_600.jpg;0
C:\Users\Tune and Tones\Documents\traindata\IMG\center_2026_08_02_18_58_11_697.jpg;0
C:\Users\Tune and Tones\Documents\traindata\IMG\center_2026_08_02_18_58_11_797.jpg;0
C:\Users\Tune and Tones\Documents\traindata\IMG\center_2026_08_02_18_58_11_898.jpg;0
C:\Users\Tune and Tones\Documents\traindata\IMG\center_2026_08_02_18_58_12_002.jpg;0
C:\Users\Tune and Tones\Documents\traindata\IMG\center_2026_08_02_18_58_12_102.jpg;0
C:\Users\Tune and Tones\Documents\traindata\IMG\center_2026_08_02_18_58_12_195.jpg;0
C:\Users\Tune and Tones\Documents\traindata\IMG\center_2026_08_02_18_58_12_293.jpg;0
C:\Users\Tune and Tones\Documents\traindata\IMG\center_2026_08_02_18_58_12_393.jpg;0
C:\Users\Tune and Tones\Documents\traindata\IMG\center_2026_08_02_18_58_12_493.jpg;0
C:\Users\Tune and Tones\Documents\traindata\IMG\center_2026_08_02_18_58_12_593.jpg;0
C:\Users\Tune and Tones\Documents\traindata\IMG\center_2026_08_02_18_58_12_693.jpg;0
C:\Users\Tune and Tones\Documents\traindata\IMG\center_2026_08_02_18_58_12_793.jpg;0
C:\Users\Tune and Tones\Documents\traindata\IMG\center_2026_08_02_18_58_12_892.jpg;0
C:\Users\Tune and Tones\Documents\traindata\IMG\center_2026_08_02_18_58_12_991.jpg;0
C:\Users\Tune and Tones\Documents\traindata\IMG\center_2026_08_02_18_58_13_092.jpg;0
C:\Users\Tune and Tones\Documents\traindata\IMG\center_2026_08_02_18_58_13_194.jpg;0
C:\Users\Tune and Tones\Documents\traindata\IMG\center_2026_08_02_18_58_13_293.jpg;-0.25
C:\Users\Tune and Tones\Documents\traindata\IMG\center_2026_08_02_18_58_13_393.jpg;-0.5000001
C:\Users\Tune and Tones\Documents\traindata\IMG\center_2026_08_02_18_58_13_495.jpg;0
C:\Users\Tune and Tones\Documents\traindata\IMG\center_2026_08_02_18_58_13_596.jpg;0
C:\Users\Tune and Tones\Documents\traindata\IMG\center_2026_08_02_18_58_13_696.jpg;0
C:\Users\Tune and Tones\Documents\traindata\IMG\center_2026_08_02_18_58_13_793.jpg;0
C:\Users\Tune and Tones\Documents\traindata\IMG\center_2026_08_02_18_58_13_887.jpg;0
C:\Users\Tune and Tones\Documents\traindata\IMG\center_2026_08_02_18_58_13_984.jpg;0
C:\Users\Tune and Tones\Documents\traindata\IMG\center_2026_08_02_18_58_14_079.jpg;0
C:\Users\Tune and Tones\Documents\traindata\IMG\center_2026_08_02_18_58_14_173.jpg;0
C:\Users\Tune and Tones\Documents\traindata\IMG\center_2026_08_02_18_58_14_267.jpg;0
C:\Users\Tune and Tones\Documents\traindata\IMG\center_2026_08_02_18_58_14_360.jpg;0
C:\Users\Tune and Tones\Documents\traindata\IMG\center_2026_08_02_18_58_14_454.jpg;0
C:\Users\Tune and Tones\Documents\traindata\IMG\center_2026_08_02_18_58_14_542.jpg;0
C:\Users\Tune and Tones\Documents\traindata\IMG\center_2026_08_02_18_58_14_647.jpg;0
C:\Users\Tune and Tones\Documents\traindata\IMG\center_2026_08_02_18_58_14_746.jpg;0
C:\Users\Tune and Tones\Documents\traindata\IMG\center_2026_08_02_18_58_14_843.jpg;0
C:\Users\Tune and Tones\Documents\traindata\IMG\center_2026_08_02_18_58_14_936.jpg;0
C:\Users\Tune and Tones\Documents\traindata\IMG\center_2026_08_02_18_58_15_034.jpg;0
C:\Users\Tune and Tones\Documents\traindata\IMG\center_2026_08_02_18_58_15_125.jpg;0
C:\Users\Tune and Tones\Documents\traindata\IMG\center_2026_08_02_18_58_15_212.jpg;0
C:\Users\Tune and Tones\Documents\traindata\IMG\center_2026_08_02_18_58_15_309.jpg;0
C:\Users\Tune and Tones\Documents\traindata\IMG\center_2026_08_02_18_58_15_404.jpg;0
C:\Users\Tune and Tones\Documents\traindata\IMG\center_2026_08_02_18_58_15_500.jpg;0
C:\Users\Tune and Tones\Documents\traindata\IMG\center_2026_08_02_18_58_15_597.jpg;0
C:\Users\Tune and Tones\Documents\traindata\IMG\center_2026_08_02_18_58_15_693.jpg;0
C:\Users\Tune and Tones\Documents\traindata\IMG\center_2026_08_02_18_58_15_795.jpg;0
C:\Users\Tune and Tones\Documents\traindata\IMG\center_2026_08_02_18_58_15_888.jpg;0
C:\Users\Tune and Tones\Documents\traindata\IMG\center_2026_08_02_18_58_15_985.jpg;0
C:\Users\Tune and Tones\Documents\traindata\IMG\center_2026_08_02_18_58_16_081.jpg;0
C:\Users\Tune and Tones\Documents\traindata\IMG\center_2026_08_02_18_58_16_175.jpg;0
C:\Users\Tune and Tones\Documents\traindata\IMG\center_2026_08_02_18_58_16_276.jpg;0
C:\Users\Tune and Tones\Documents\traindata\IMG\center_2026_08_02_18_58_16_374.jpg;-0.25
C:\Users\Tune and Tones\Documents\traindata\IMG\center_2026_08_02_18_58_16_469.jpg;-0.5000001
C:\Users\Tune and Tones\Documents\traindata\IMG\center_2026_08_02_18_58_16_568.jpg;0
C:\Users\Tune and Tones\Documents\traindata\IMG\center_2026_08_02_18_58_16_665.jpg;0
C:\Users\Tune and Tones\Documents\traindata\IMG\center_2026_08_02_18_58_16_761.jpg;0
C:\Users\Tune and Tones\Documents\traindata\IMG\center_2026_08_02_18_58_16_859.jpg;0
C:\Users\Tune and Tones\Documents\traindata\IMG\center_2026_08_02_18_58_16_951.jpg;0
C:\Users\Tune and Tones\Documents\traindata\IMG\center_2026_08_02_18_58_17_051.jpg;0
C:\Users\Tune and Tones\Documents\traindata\IMG\center_2026_08_02_18_58_17_141.jpg;0
C:\Users\Tune and Tones\Documents\traindata\IMG\center_2026_08_02_18_58_17_235.jpg;0
C:\Users\Tune and Tones\Documents\traindata\IMG\center_2026_08_02_18_58_17_329.jpg;0
C:\Users\Tune and Tones\Documents\traindata\IMG\center_2026_08_02_18_58_17_423.jpg;0
C:\Users\Tune and Tones\Documents\traindata\IMG\center_2026_08_02_18_58_17_519.jpg;0
C:\Users\Tune and Tones\Documents\traindata\IMG\center_2026_08_02_18_58_17_613.jpg;0
C:\Users\Tune and Tones\Documents\traindata\IMG\center_2026_08_02_18_58_17_708.jpg;0
C:\Users\Tune and Tones\Documents\traindata\IMG\center_2026_08_02_18_58_17_796.jpg;0
C:\Users\Tune and Tones\Documents\traindata\IMG\center_2026_08_02_18_58_17_888.jpg;0
C:\Users\Tune and Tones\Documents\traindata\IMG\center_2026_08_02_18_58_17_981.jpg;-0.2
C:\Users\Tune and Tones\Documents\traindata\IMG\center_2026_08_02_18_58_18_072.jpg;-0.45
C:\Users\Tune and Tones\Documents\traindata\IMG\center_2026_08_02_18_58_18_165.jpg;0
C:\Users\Tune and Tones\Documents\traindata\IMG\center_2026_08_02_18_58_18_257.jpg;0
C:\Users\Tune and Tones\Documents\traindata\IMG\center_2026_08_02_18_58_18_352.jpg;0
C:\Users\Tune and Tones\Documents\traindata\IMG\center_2026_08_02_18_58_18_443.jpg;0
C:\Users\Tune and Tones\Documents\traindata\IMG\center_2026_08_02_18_58_18_535.jpg;0
C:\Users\Tune and Tones\Documents\traindata\IMG\center_2026_08_02_18_58_18_617.jpg;0
C:\Users\Tune and Tones\Documents\traindata\IMG\center_2026_08_02_18_58_18_713.jpg;0
C:\Users\Tune and Tones\Documents\traindata\IMG\center_2026_08_02_18_58_18_801.jpg;0
C:\Users\Tune and Tones\Documents\traindata\IMG\center_2026_08_02_18_58_18_894.jpg;0
C:\Users\Tune and Tones\Documents\traindata\IMG\center_2026_08_02_18_58_18_986.jpg;0
C:\Users\Tune and Tones\Documents\traindata\IMG\center_2026_08_02_18_58_19_075.jpg;0
C:\Users\Tune and Tones\Documents\traindata\IMG\center_2026_08_02_18_58_19_178.jpg;0
C:\Users\Tune and Tones\Documents\traindata\IMG\center_2026_08_02_18_58_19_271.jpg;0
C:\Users\Tune and Tones\Documents\traindata\IMG\center_2026_08_02_18_58_19_362.jpg;0
C:\Users\Tune and Tones\Documents\traindata\IMG\center_2026_08_02_18_58_19_454.jpg;-0.25
C:\Users\Tune and Tones\Documents\traindata\IMG\center_2026_08_02_18_58_19_546.jpg;-0.45
C:\Users\Tune and Tones\Documents\traindata\IMG\center_2026_08_02_18_58_19_628.jpg;0
C:\Users\Tune and Tones\Documents\traindata\IMG\center_2026_08_02_18_58_19_720.jpg;0
C:\Users\Tune and Tones\Documents\traindata\IMG\center_2026_08_02_18_58_19_811.jpg;0
C:\Users\Tune and Tones\Documents\traindata\IMG\center_2026_08_02_18_58_19_900.jpg;0
C:\Users\Tune and Tones\Documents\traindata\IMG\center_2026_08_02_18_58_19_992.jpg;0
C:\Users\Tune and Tones\Documents\traindata\IMG\center_2026_08_02_18_58_20_074.jpg;0
C:\Users\Tune and Tones\Documents\traindata\IMG\center_2026_08_02_18_58_20_162.jpg;0
C:\Users\Tune and Tones\Documents\traindata\IMG\center_2026_08_02_18_58_20_253.jpg;0
C:\Users\Tune and Tones\Documents\traindata\IMG\center_2026_08_02_18_58_20_340.jpg;0
C:\Users\Tune and Tones\Documents\traindata\IMG\center_2026_08_02_18_58_20_428.jpg;0
C:\Users\Tune and Tones\Documents\traindata\IMG\center_2026_08_02_18_58_20_514.jpg;0
C:\Users\Tune and Tones\Documents\traindata\IMG\center_2026_08_02_18_58_20_603.jpg;0
C:\Users\Tune and Tones\Documents\traindata\IMG\center_2026_08_02_18_58_20_686.jpg;-0.2
C:\Users\Tune and Tones\Documents\traindata\IMG\center_2026_08_02_18_58_20_774.jpg;-0.45
C:\Users\Tune and Tones\Documents\traindata\IMG\center_2026_08_02_18_58_20_864.jpg;-0.6500001
C:\Users\Tune and Tones\Documents\traindata\IMG\center_2026_08_02_18_58_20_953.jpg;0
C:\Users\Tune and Tones\Documents\traindata\IMG\center_2026_08_02_18_58_21_042.jpg;0
C:\Users\Tune and Tones\Documents\traindata\IMG\center_2026_08_02_18_58_21_127.jpg;0
C:\Users\Tune and Tones\Documents\traindata\IMG\center_2026_08_02_18_58_21_215.jpg;0
C:\Users\Tune and Tones\Documents\traindata\IMG\center_2026_08_02_18_58_21_300.jpg;0
C:\Users\Tune and Tones\Documents\traindata\IMG\center_2026_08_02_18_58_21_384.jpg;0
C:\Users\Tune and Tones\Documents\traindata\IMG\center_2026_08_02_18_58_21_469.jpg;0
C:\Users\Tune and Tones\Documents\traindata\IMG\center_2026_08_02_18_58_21_550.jpg;0
C:\Users\Tune and Tones\Documents\traindata\IMG\center_2026_08_02_18_58_21_633.jpg;0
C:\Users\Tune and Tones\Documents\traindata\IMG\center_2026_08_02_18_58_21_720.jpg;0
C:\Users\Tune and Tones\Documents\traindata\IMG\center_2026_08_02_18_58_21_806.jpg;0
C:\Users\Tune and Tones\Documents\traindata\IMG\center_2026_08_02_18_58_21_891.jpg;0
C:\Users\Tune and Tones\Documents\traindata\IMG\center_2026_08_02_18_58_21_968.jpg;0
C:\Users\Tune and Tones\Documents\traindata\IMG\center_2026_08_02_18_58_22_054.jpg;0
C:\Users\Tune and Tones\Documents\traindata\IMG\center_2026_08_02_18_58_22_133.jpg;0
C:\Users\Tune and Tones\Documents\traindata\IMG\center_2026_08_02_18_58_22_217.jpg;0
C:\Users\Tune and Tones\Documents\traindata\IMG\center_2026_08_02_18_58_22_300.jpg;0
C:\Users\Tune and Tones\Documents\traindata\IMG\center_2026_08_02_18_58_22_379.jpg;0
C:\Users\Tune and Tones\Documents\traindata\IMG\center_2026_08_02_18_58_22_460.jpg;0
C:\Users\Tune and Tones\Documents\traindata\IMG\center_2026_08_02_18_58_22_542.jpg;0
C:\Users\Tune and Tones\Documents\traindata\IMG\center_2026_08_02_18_58_22_621.jpg;0
C:\Users\Tune and Tones\Documents\traindata\IMG\center_2026_08_02_18_58_22_705.jpg;0
C:\Users\Tune and Tones\Documents\traindata\IMG\center_2026_08_02_18_58_22_784.jpg;0
C:\Users\Tune and Tones\Documents\traindata\IMG\center_2026_08_02_18_58_22_867.jpg;0
C:\Users\Tune and Tones\Documents\traindata\IMG\center_2026_08_02_18_58_22_946.jpg;0
C:\Users\Tune and Tones\Documents\traindata\IMG\center_2026_08_02_18_58_23_026.jpg;0
C:\Users\Tune and Tones\Documents\traindata\IMG\center_2026_08_02_18_58_23_107.jpg;0
C:\Users\Tune and Tones\Documents\traindata\IMG\center_2026_08_02_18_58_23_189.jpg;-0.25
C:\Users\Tune and Tones\Documents\traindata\IMG\center_2026_08_02_18_58_23_267.jpg;-0.4
C:\Users\Tune and Tones\Documents\traindata\IMG\center_2026_08_02_18_58_23_347.jpg;-0.6500001
C:\Users\Tune and Tones\Documents\traindata\IMG\center_2026_08_02_18_58_23_428.jpg;0
C:\Users\Tune and Tones\Documents\traindata\IMG\center_2026_08_02_18_58_23_507.jpg;0
C:\Users\Tune and Tones\Documents\traindata\IMG\center_2026_08_02_18_58_23_584.jpg;0
C:\Users\Tune and Tones\Documents\traindata\IMG\center_2026_08_02_18_58_23_663.jpg;0
C:\Users\Tune and Tones\Documents\traindata\IMG\center_2026_08_02_18_58_23_744.jpg;0
C:\Users\Tune and Tones\Documents\traindata\IMG\center_2026_08_02_18_58_23_818.jpg;0
C:\Users\Tune and Tones\Documents\traindata\IMG\center_2026_08_02_18_58_23_894.jpg;0
C:\Users\Tune and Tones\Documents\traindata\IMG\center_2026_08_02_18_58_23_973.jpg;0
C:\Users\Tune and Tones\Documents\traindata\IMG\center_2026_08_02_18_58_24_053.jpg;0
C:\Users\Tune and Tones\Documents\traindata\IMG\center_2026_08_02_18_58_24_127.jpg;0
C:\Users\Tune and Tones\Documents\traindata\IMG\center_2026_08_02_18_58_24_205.jpg;0
C:\Users\Tune and Tones\Documents\traindata\IMG\center_2026_08_02_18_58_24_281.jpg;-0.2
C:\Users\Tune and Tones\Documents\traindata\IMG\center_2026_08_02_18_58_24_359.jpg;-0.4
C:\Users\Tune and Tones\Documents\traindata\IMG\center_2026_08_02_18_58_24_436.jpg;-0.6000001
C:\Users\Tune and Tones\Documents\traindata\IMG\center_2026_08_02_18_58_24_510.jpg;0
C:\Users\Tune and Tones\Documents\traindata\IMG\center_2026_08_02_18_58_24_588.jpg;0
C:\Users\Tune and Tones\Documents\traindata\IMG\center_2026_08_02_18_58_24_661.jpg;0
C:\Users\Tune and Tones\Documents\traindata\IMG\center_2026_08_02_18_58_24_736.jpg;0
C:\Users\Tune and Tones\Documents\traindata\IMG\center_2026_08_02_18_58_24_812.jpg;0
C:\Users\Tune and Tones\Documents\traindata\IMG\center_2026_08_02_18_58_24_887.jpg;0
C:\Users\Tune and Tones\Documents\traindata\IMG\center_2026_08_02_18_58_24_961.jpg;0
C:\Users\Tune and Tones\Documents\traindata\IMG\center_2026_08_02_18_58_25_037.jpg;0
C:\Users\Tune and Tones\Documents\traindata\IMG\center_2026_08_02_18_58_25_109.jpg;0
C:\Users\Tune and Tones\Documents\traindata\IMG\center_2026_08_02_18_58_25_180.jpg;0
C:\Users\Tune and Tones\Documents\traindata\IMG\center_2026_08_02_18_58_25_257.jpg;-0.2
C:\Users\Tune and Tones\Documents\traindata\IMG\center_2026_08_02_18_58_25_330.jpg;-0.4
C:\Users\Tune and Tones\Documents\traindata\IMG\center_2026_08_02_18_58_25_400.jpg;-0.5500001
C:\Users\Tune and Tones\Documents\traindata\IMG\center_2026_08_02_18_58_25_475.jpg;-0.7500002
C:\Users\Tune and Tones\Documents\traindata\IMG\center_2026_08_02_18_58_25_550.jpg;-0.9500002
C:\Users\Tune and Tones\Documents\traindata\IMG\center_2026_08_02_18_58_25_622.jpg;0
C:\Users\Tune and Tones\Documents\traindata\IMG\center_2026_08_02_18_58_25_697.jpg;0
C:\Users\Tune and Tones\Documents\traindata\IMG\center_2026_08_02_18_58_25_769.jpg;0
C:\Users\Tune and Tones\Documents\traindata\IMG\center_2026_08_02_18_58_25_840.jpg;0
C:\Users\Tune and Tones\Documents\traindata\IMG\center_2026_08_02_18_58_25_914.jpg;0
C:\Users\Tune and Tones\Documents\traindata\IMG\center_2026_08_02_18_58_25_986.jpg;0
C:\Users\Tune and Tones\Documents\traindata\IMG\center_2026_08_02_18_58_26_060.jpg;0
C:\Users\Tune and Tones\Documents\traindata\IMG\center_2026_08_02_18_58_26_135.jpg;0
C:\Users\Tune and Tones\Documents\traindata\IMG\center_2026_08_02_18_58_26_207.jpg;0
C:\Users\Tune and Tones\Documents\traindata\IMG\center_2026_08_02_18_58_26_279.jpg;0
C:\Users\Tune and Tones\Documents\traindata\IMG\center_2026_08_02_18_58_26_350.jpg;0
C:\Users\Tune and Tones\Documents\traindata\IMG\center_2026_08_02_18_58_26_424.jpg;0
C:\Users\Tune and Tones\Documents\traindata\IMG\center_2026_08_02_18_58_26_493.jpg;0
C:\Users\Tune and Tones\Documents\traindata\IMG\center_2026_08_02_18_58_26_565.jpg;0
C:\Users\Tune and Tones\Documents\traindata\IMG\center_2026_08_02_18_58_26_639.jpg;0
C:\Users\Tune and Tones\Documents\traindata\IMG\center_2026_08_02_18_58_26_712.jpg;0
C:\Users\Tune and Tones\Documents\traindata\IMG\center_2026_08_02_18_58_26_783.jpg;0
C:\Users\Tune and Tones\Documents\traindata\IMG\center_2026_08_02_18_58_26_855.jpg;0
C:\Users\Tune and Tones\Documents\traindata\IMG\center_2026_08_02_18_58_26_926.jpg;0
C:\Users\Tune and Tones\Documents\traindata\IMG\center_2026_08_02_18_58_26_996.jpg;0
C:\Users\Tune and Tones\Documents\traindata\IMG\center_2026_08_02_18_58_27_069.jpg;0
C:\Users\Tune and Tones\Documents\traindata\IMG\center_2026_08_02_18_58_27_143.jpg;-0.15
C:\Users\Tune and Tones\Documents\traindata\IMG\center_2026_08_02_18_58_27_213.jpg;-0.35
C:\Users\Tune and Tones\Documents\traindata\IMG\center_2026_08_02_18_58_27_284.jpg;-0.5000001
C:\Users\Tune and Tones\Documents\traindata\IMG\center_2026_08_02_18_58_27_357.jpg;-0.7
C:\Users\Tune and Tones\Documents\traindata\IMG\center_2026_08_02_18_58_27_429.jpg;0
C:\Users\Tune and Tones\Documents\traindata\IMG\center_2026_08_02_18_58_27_503.jpg;0
C:\Users\Tune and Tones\Documents\traindata\IMG\center_2026_08_02_18_58_27_577.jpg;0
C:\Users\Tune and Tones\Documents\traindata\IMG\center_2026_08_02_18_58_27_656.jpg;0
C:\Users\Tune and Tones\Documents\traindata\IMG\center_2026_08_02_18_58_27_726.jpg;0
C:\Users\Tune and Tones\Documents\traindata\IMG\center_2026_08_02_18_58_27_801.jpg;0
C:\Users\Tune and Tones\Documents\traindata\IMG\center_2026_08_02_18_58_27_879.jpg;0
C:\Users\Tune and Tones\Documents\traindata\IMG\center_2026_08_02_18_58_27_954.jpg;0
C:\Users\Tune and Tones\Documents\traindata\IMG\center_2026_08_02_18_58_28_030.jpg;0
C:\Users\Tune and Tones\Documents\traindata\IMG\center_2026_08_02_18_58_28_106.jpg;0
C:\Users\Tune and Tones\Documents\traindata\IMG\center_2026_08_02_18_58_28_181.jpg;0
C:\Users\Tune and Tones\Documents\traindata\IMG\center_2026_08_02_18_58_28_260.jpg;-0.2
C:\Users\Tune and Tones\Documents\traindata\IMG\center_2026_08_02_18_58_28_332.jpg;-0.4
C:\Users\Tune and Tones\Documents\traindata\IMG\center_2026_08_02_18_58_28_408.jpg;-0.6000001
C:\Users\Tune and Tones\Documents\traindata\IMG\center_2026_08_02_18_58_28_488.jpg;0
C:\Users\Tune and Tones\Documents\traindata\IMG\center_2026_08_02_18_58_28_565.jpg;0
C:\Users\Tune and Tones\Documents\traindata\IMG\center_2026_08_02_18_58_28_642.jpg;0
C:\Users\Tune and Tones\Documents\traindata\IMG\center_2026_08_02_18_58_28_727.jpg;0
C:\Users\Tune and Tones\Documents\traindata\IMG\center_2026_08_02_18_58_28_805.jpg;0
C:\Users\Tune and Tones\Documents\traindata\IMG\center_2026_08_02_18_58_28_884.jpg;0
C:\Users\Tune and Tones\Documents\traindata\IMG\center_2026_08_02_18_58_28_964.jpg;0
C:\Users\Tune and Tones\Documents\traindata\IMG\center_2026_08_02_18_58_29_047.jpg;0
C:\Users\Tune and Tones\Documents\traindata\IMG\center_2026_08_02_18_58_29_126.jpg;0
C:\Users\Tune and Tones\Documents\traindata\IMG\center_2026_08_02_18_58_29_203.jpg;-0.2
C:\Users\Tune and Tones\Documents\traindata\IMG\center_2026_08_02_18_58_29_281.jpg;-0.4
C:\Users\Tune and Tones\Documents\traindata\IMG\center_2026_08_02_18_58_29_356.jpg;-0.6000001
C:\Users\Tune and Tones\Documents\traindata\IMG\center_2026_08_02_18_58_29_429.jpg;-0.8000001
C:\Users\Tune and Tones\Documents\traindata\IMG\center_2026_08_02_18_58_29_513.jpg;0
C:\Users\Tune and Tones\Documents\traindata\IMG\center_2026_08_02_18_58_29_591.jpg;0
C:\Users\Tune and Tones\Documents\traindata\IMG\center_2026_08_02_18_58_29_673.jpg;0
C:\Users\Tune and Tones\Documents\traindata\IMG\center_2026_08_02_18_58_29_751.jpg;0
C:\Users\Tune and Tones\Documents\traindata\IMG\center_2026_08_02_18_58_29_829.jpg;0
C:\Users\Tune and Tones\Documents\traindata\IMG\center_2026_08_02_18_58_29_913.jpg;0
C:\Users\Tune and Tones\Documents\traindata\IMG\center_2026_08_02_18_58_29_992.jpg;0
C:\Users\Tune and Tones\Documents\traindata\IMG\center_2026_08_02_18_58_30_074.jpg;0
C:\Users\Tune and Tones\Documents\traindata\IMG\center_2026_08_02_18_58_30_149.jpg;0
C:\Users\Tune and Tones\Documents\traindata\IMG\center_2026_08_02_18_58_30_230.jpg;0
C:\Users\Tune and Tones\Documents\traindata\IMG\center_2026_08_02_18_58_30_307.jpg;0
C:\Users\Tune and Tones\Documents\traindata\IMG\center_2026_08_02_18_58_30_383.jpg;0
C:\Users\Tune and Tones\Documents\traindata\IMG\center_2026_08_02_18_58_30_464.jpg;0
C:\Users\Tune and Tones\Documents\traindata\IMG\center_2026_08_02_18_58_30_544.jpg;0
C:\Users\Tune and Tones\Documents\traindata\IMG\center_2026_08_02_18_58_30_620.jpg;0
C:\Users\Tune and Tones\Documents\traindata\IMG\center_2026_08_02_18_58_30_700.jpg;0
C:\Users\Tune and Tones\Documents\traindata\IMG\center_2026_08_02_18_58_30_778.jpg;0
C:\Users\Tune and Tones\Documents\traindata\IMG\center_2026_08_02_18_58_30_854.jpg;0
C:\Users\Tune and Tones\Documents\traindata\IMG\center_2026_08_02_18_58_30_930.jpg;0
C:\Users\Tune and Tones\Documents\traindata\IMG\center_2026_08_02_18_58_31_010.jpg;0
C:\Users\Tune and Tones\Documents\traindata\IMG\center_2026_08_02_18_58_31_085.jpg;0
C:\Users\Tune and Tones\Documents\traindata\IMG\center_2026_08_02_18_58_31_164.jpg;0
C:\Users\Tune and Tones\Documents\traindata\IMG\center_2026_08_02_18_58_31_240.jpg;0
C:\Users\Tune and Tones\Documents\traindata\IMG\center_2026_08_02_18_58_31_312.jpg;0
C:\Users\Tune and Tones\Documents\traindata\IMG\center_2026_08_02_18_58_31_385.jpg;0
C:\Users\Tune and Tones\Documents\traindata\IMG\center_2026_08_02_18_58_31_461.jpg;0
C:\Users\Tune and Tones\Documents\traindata\IMG\center_2026_08_02_18_58_31_541.jpg;0
C:\Users\Tune and Tones\Documents\traindata\IMG\center_2026_08_02_18_58_31_617.jpg;0
C:\Users\Tune and Tones\Documents\traindata\IMG\center_2026_08_02_18_58_31_696.jpg;0
C:\Users\Tune and Tones\Documents\traindata\IMG\center_2026_08_02_18_58_31_774.jpg;0
C:\Users\Tune and Tones\Documents\traindata\IMG\center_2026_08_02_18_58_31_853.jpg;0
C:\Users\Tune and Tones\Documents\traindata\IMG\center_2026_08_02_18_58_31_931.jpg;0
C:\Users\Tune and Tones\Documents\traindata\IMG\center_2026_08_02_18_58_32_008.jpg;-0.2
C:\Users\Tune and Tones\Documents\traindata\IMG\center_2026_08_02_18_58_32_089.jpg;-0.4
C:\Users\Tune and Tones\Documents\traindata\IMG\center_2026_08_02_18_58_32_166.jpg;0
C:\Users\Tune and Tones\Documents\traindata\IMG\center_2026_08_02_18_58_32_245.jpg;0
C:\Users\Tune and Tones\Documents\traindata\IMG\center_2026_08_02_18_58_32_322.jpg;0
C:\Users\Tune and Tones\Documents\traindata\IMG\center_2026_08_02_18_58_32_401.jpg;0
C:\Users\Tune and Tones\Documents\traindata\IMG\center_2026_08_02_18_58_32_483.jpg;0
C:\Users\Tune and Tones\Documents\traindata\IMG\center_2026_08_02_18_58_32_562.jpg;0
C:\Users\Tune and Tones\Documents\traindata\IMG\center_2026_08_02_18_58_32_642.jpg;0
C:\Users\Tune and Tones\Documents\traindata\IMG\center_2026_08_02_18_58_32_722.jpg;0
C:\Users\Tune and Tones\Documents\traindata\IMG\center_2026_08_02_18_58_32_800.jpg;0
C:\Users\Tune and Tones\Documents\traindata\IMG\center_2026_08_02_18_58_32_880.jpg;0
C:\Users\Tune and Tones\Documents\traindata\IMG\center_2026_08_02_18_58_32_964.jpg;0
C:\Users\Tune and Tones\Documents\traindata\IMG\center_2026_08_02_18_58_33_042.jpg;0
C:\Users\Tune and Tones\Documents\traindata\IMG\center_2026_08_02_18_58_33_126.jpg;0
C:\Users\Tune and Tones\Documents\traindata\IMG\center_2026_08_02_18_58_33_207.jpg;0
C:\Users\Tune and Tones\Documents\traindata\IMG\center_2026_08_02_18_58_33_284.jpg;0
C:\Users\Tune and Tones\Documents\traindata\IMG\center_2026_08_02_18_58_33_365.jpg;0
C:\Users\Tune and Tones\Documents\traindata\IMG\center_2026_08_02_18_58_33_445.jpg;0
C:\Users\Tune and Tones\Documents\traindata\IMG\center_2026_08_02_18_58_33_530.jpg;0
C:\Users\Tune and Tones\Documents\traindata\IMG\center_2026_08_02_18_58_33_602.jpg;0
C:\Users\Tune and Tones\Documents\traindata\IMG\center_2026_08_02_18_58_33_680.jpg;0
C:\Users\Tune and Tones\Documents\traindata\IMG\center_2026_08_02_18_58_33_757.jpg;0
C:\Users\Tune and Tones\Documents\traindata\IMG\center_2026_08_02_18_58_33_831.jpg;0
C:\Users\Tune and Tones\Documents\traindata\IMG\center_2026_08_02_18_58_33_909.jpg;0
C:\Users\Tune and Tones\Documents\traindata\IMG\center_2026_08_02_18_58_33_980.jpg;0
C:\Users\Tune and Tones\Documents\traindata\IMG\center_2026_08_02_18_58_34_057.jpg;0
C:\Users\Tune and Tones\Documents\traindata\IMG\center_2026_08_02_18_58_34_132.jpg;0
C:\Users\Tune and Tones\Documents\traindata\IMG\center_2026_08_02_18_58_34_204.jpg;0
C:\Users\Tune and Tones\Documents\traindata\IMG\center_2026_08_02_18_58_34_275.jpg;-0.2
C:\Users\Tune and Tones\Documents\traindata\IMG\center_2026_08_02_18_58_34_346.jpg;-0.35
C:\Users\Tune and Tones\Documents\traindata\IMG\center_2026_08_02_18_58_34_416.jpg;-0.5500001
C:\Users\Tune and Tones\Documents\traindata\IMG\center_2026_08_02_18_58_34_489.jpg;0
C:\Users\Tune and Tones\Documents\traindata\IMG\center_2026_08_02_18_58_34_560.jpg;0
C:\Users\Tune and Tones\Documents\traindata\IMG\center_2026_08_02_18_58_34_629.jpg;0
C:\Users\Tune and Tones\Documents\traindata\IMG\center_2026_08_02_18_58_34_709.jpg;0
C:\Users\Tune and Tones\Documents\traindata\IMG\center_2026_08_02_18_58_34_777.jpg;0
C:\Users\Tune and Tones\Documents\traindata\IMG\center_2026_08_02_18_58_34_845.jpg;0
C:\Users\Tune and Tones\Documents\traindata\IMG\center_2026_08_02_18_58_34_920.jpg;0
C:\Users\Tune and Tones\Documents\traindata\IMG\center_2026_08_02_18_58_34_988.jpg;0
C:\Users\Tune and Tones\Documents\traindata\IMG\center_2026_08_02_18_58_35_062.jpg;0
C:\Users\Tune and Tones\Documents\traindata\IMG\center_2026_08_02_18_58_35_197.jpg;0
C:\Users\Tune and Tones\Documents\traindata\IMG\center_2026_08_02_18_58_35_273.jpg;-0.2
C:\Users\Tune and Tones\Documents\traindata\IMG\center_2026_08_02_18_58_35_344.jpg;-0.35
C:\Users\Tune and Tones\Documents\traindata\IMG\center_2026_08_02_18_58_35_415.jpg;0
C:\Users\Tune and Tones\Documents\traindata\IMG\center_2026_08_02_18_58_35_484.jpg;0
C:\Users\Tune and Tones\Documents\traindata\IMG\center_2026_08_02_18_58_35_556.jpg;0
C:\Users\Tune and Tones\Documents\traindata\IMG\center_2026_08_02_18_58_35_633.jpg;0
C:\Users\Tune and Tones\Documents\traindata\IMG\center_2026_08_02_18_58_35_702.jpg;0
C:\Users\Tune and Tones\Documents\traindata\IMG\center_2026_08_02_18_58_35_782.jpg;0
C:\Users\Tune and Tones\Documents\traindata\IMG\center_2026_08_02_18_58_35_932.jpg;0
C:\Users\Tune and Tones\Documents\traindata\IMG\center_2026_08_02_18_58_36_003.jpg;0
C:\Users\Tune and Tones\Documents\traindata\IMG\center_2026_08_02_18_58_36_073.jpg;0
C:\Users\Tune and Tones\Documents\traindata\IMG\center_2026_08_02_18_58_36_146.jpg;0
C:\Users\Tune and Tones\Documents\traindata\IMG\center_2026_08_02_18_58_36_217.jpg;0
C:\Users\Tune and Tones\Documents\traindata\IMG\center_2026_08_02_18_58_36_292.jpg;0
C:\Users\Tune and Tones\Documents\traindata\IMG\center_2026_08_02_18_58_36_364.jpg;0
C:\Users\Tune and Tones\Documents\traindata\IMG\center_2026_08_02_18_58_36_434.jpg;0
C:\Users\Tune and Tones\Documents\traindata\IMG\center_2026_08_02_18_58_36_506.jpg;0
C:\Users\Tune and Tones\Documents\traindata\IMG\center_2026_08_02_18_58_36_580.jpg;0
C:\Users\Tune and Tones\Documents\traindata\IMG\center_2026_08_02_18_58_36_653.jpg;0
C:\Users\Tune and Tones\Documents\traindata\IMG\center_2026_08_02_18_58_36_725.jpg;0
C:\Users\Tune and Tones\Documents\traindata\IMG\center_2026_08_02_18_58_36_802.jpg;0
C:\Users\Tune and Tones\Documents\traindata\IMG\center_2026_08_02_18_58_36_875.jpg;0
C:\Users\Tune and Tones\Documents\traindata\IMG\center_2026_08_02_18_58_36_956.jpg;0
C:\Users\Tune and Tones\Documents\traindata\IMG\center_2026_08_02_18_58_37_023.jpg;0
C:\Users\Tune and Tones\Documents\traindata\IMG\center_2026_08_02_18_58_37_099.jpg;0
C:\Users\Tune and Tones\Documents\traindata\IMG\center_2026_08_02_18_58_37_177.jpg;0
C:\Users\Tune and Tones\Documents\traindata\IMG\center_2026_08_02_18_58_37_248.jpg;0
C:\Users\Tune and Tones\Documents\traindata\IMG\center_2026_08_02_18_58_37_322.jpg;0
C:\Users\Tune and Tones\Documents\traindata\IMG\center_2026_08_02_18_58_37_395.jpg;0
C:\Users\Tune and Tones\Documents\traindata\IMG\center_2026_08_02_18_58_37_470.jpg;0
C:\Users\Tune and Tones\Documents\traindata\IMG\center_2026_08_02_18_58_37_543.jpg;0
C:\Users\Tune and Tones\Documents\traindata\IMG\center_2026_08_02_18_58_37_619.jpg;0
C:\Users\Tune and Tones\Documents\traindata\IMG\center_2026_08_02_18_58_37_696.jpg;0
C:\Users\Tune and Tones\Documents\traindata\IMG\center_2026_08_02_18_58_37_771.jpg;0
C:\Users\Tune and Tones\Documents\traindata\IMG\center_2026_08_02_18_58_37_847.jpg;0
C:\Users\Tune and Tones\Documents\traindata\IMG\center_2026_08_02_18_58_37_922.jpg;0
C:\Users\Tune and Tones\Documents\traindata\IMG\center_2026_08_02_18_58_37_997.jpg;0
C:\Users\Tune and Tones\Documents\traindata\IMG\center_2026_08_02_18_58_38_070.jpg;-0.2
C:\Users\Tune and Tones\Documents\traindata\IMG\center_2026_08_02_18_58_38_150.jpg;-0.4
C:\Users\Tune and Tones\Documents\traindata\IMG\center_2026_08_02_18_58_38_229.jpg;0
C:\Users\Tune and Tones\Documents\traindata\IMG\center_2026_08_02_18_58_38_303.jpg;0
C:\Users\Tune and Tones\Documents\traindata\IMG\center_2026_08_02_18_58_38_381.jpg;0
C:\Users\Tune and Tones\Documents\traindata\IMG\center_2026_08_02_18_58_38_454.jpg;0
C:\Users\Tune and Tones\Documents\traindata\IMG\center_2026_08_02_18_58_38_530.jpg;0
C:\Users\Tune and Tones\Documents\traindata\IMG\center_2026_08_02_18_58_38_607.jpg;0
C:\Users\Tune and Tones\Documents\traindata\IMG\center_2026_08_02_18_58_38_694.jpg;0
C:\Users\Tune and Tones\Documents\traindata\IMG\center_2026_08_02_18_58_38_762.jpg;0
C:\Users\Tune and Tones\Documents\traindata\IMG\center_2026_08_02_18_58_38_838.jpg;0
C:\Users\Tune and Tones\Documents\traindata\IMG\center_2026_08_02_18_58_38_921.jpg;0
C:\Users\Tune and Tones\Documents\traindata\IMG\center_2026_08_02_18_58_38_996.jpg;0
C:\Users\Tune and Tones\Documents\traindata\IMG\center_2026_08_02_18_58_39_075.jpg;0
C:\Users\Tune and Tones\Documents\traindata\IMG\center_2026_08_02_18_58_39_149.jpg;0
C:\Users\Tune and Tones\Documents\traindata\IMG\center_2026_08_02_18_58_39_227.jpg;0
C:\Users\Tune and Tones\Documents\traindata\IMG\center_2026_08_02_18_58_39_306.jpg;0
C:\Users\Tune and Tones\Documents\traindata\IMG\center_2026_08_02_18_58_39_376.jpg;0
C:\Users\Tune and Tones\Documents\traindata\IMG\center_2026_08_02_18_58_39_452.jpg;0
C:\Users\Tune and Tones\Documents\traindata\IMG\center_2026_08_02_18_58_39_527.jpg;0
C:\Users\Tune and Tones\Documents\traindata\IMG\center_2026_08_02_18_58_39_602.jpg;0
C:\Users\Tune and Tones\Documents\traindata\IMG\center_2026_08_02_18_58_39_682.jpg;0
C:\Users\Tune and Tones\Documents\traindata\IMG\center_2026_08_02_18_58_39_761.jpg;0
C:\Users\Tune and Tones\Documents\traindata\IMG\center_2026_08_02_18_58_39_838.jpg;0
C:\Users\Tune and Tones\Documents\traindata\IMG\center_2026_08_02_18_58_39_914.jpg;0.2
C:\Users\Tune and Tones\Documents\traindata\IMG\center_2026_08_02_18_58_39_994.jpg;0
C:\Users\Tune and Tones\Documents\traindata\IMG\center_2026_08_02_18_58_40_069.jpg;0
C:\Users\Tune and Tones\Documents\traindata\IMG\center_2026_08_02_18_58_40_148.jpg;0
C:\Users\Tune and Tones\Documents\traindata\IMG\center_2026_08_02_18_58_40_226.jpg;0
C:\Users\Tune and Tones\Documents\traindata\IMG\center_2026_08_02_18_58_40_305.jpg;0
C:\Users\Tune and Tones\Documents\traindata\IMG\center_2026_08_02_18_58_40_385.jpg;0
C:\Users\Tune and Tones\Documents\traindata\IMG\center_2026_08_02_18_58_40_463.jpg;0
C:\Users\Tune and Tones\Documents\traindata\IMG\center_2026_08_02_18_58_40_546.jpg;0
C:\Users\Tune and Tones\Documents\traindata\IMG\center_2026_08_02_18_58_40_632.jpg;0
C:\Users\Tune and Tones\Documents\traindata\IMG\center_2026_08_02_18_58_40_706.jpg;0
C:\Users\Tune and Tones\Documents\traindata\IMG\center_2026_08_02_18_58_40_787.jpg;0
C:\Users\Tune and Tones\Documents\traindata\IMG\center_2026_08_02_18_58_40_871.jpg;0
C:\Users\Tune and Tones\Documents\traindata\IMG\center_2026_08_02_18_58_40_956.jpg;0
C:\Users\Tune and Tones\Documents\traindata\IMG\center_2026_08_02_18_58_41_037.jpg;0
C:\Users\Tune and Tones\Documents\traindata\IMG\center_2026_08_02_18_58_41_122.jpg;0
C:\Users\Tune and Tones\Documents\traindata\IMG\center_2026_08_02_18_58_41_205.jpg;0
C:\Users\Tune and Tones\Documents\traindata\IMG\center_2026_08_02_18_58_41_293.jpg;0
C:\Users\Tune and Tones\Documents\traindata\IMG\center_2026_08_02_18_58_41_366.jpg;0
C:\Users\Tune and Tones\Documents\traindata\IMG\center_2026_08_02_18_58_41_450.jpg;0.25
C:\Users\Tune and Tones\Documents\traindata\IMG\center_2026_08_02_18_58_41_537.jpg;0.45
C:\Users\Tune and Tones\Documents\traindata\IMG\center_2026_08_02_18_58_41_623.jpg;0
C:\Users\Tune and Tones\Documents\traindata\IMG\center_2026_08_02_18_58_41_719.jpg;0
C:\Users\Tune and Tones\Documents\traindata\IMG\center_2026_08_02_18_58_41_791.jpg;0
C:\Users\Tune and Tones\Documents\traindata\IMG\center_2026_08_02_18_58_41_877.jpg;0
C:\Users\Tune and Tones\Documents\traindata\IMG\center_2026_08_02_18_58_41_956.jpg;0
C:\Users\Tune and Tones\Documents\traindata\IMG\center_2026_08_02_18_58_42_046.jpg;0
C:\Users\Tune and Tones\Documents\traindata\IMG\center_2026_08_02_18_58_42_127.jpg;0
C:\Users\Tune and Tones\Documents\traindata\IMG\center_2026_08_02_18_58_42_214.jpg;0
C:\Users\Tune and Tones\Documents\traindata\IMG\center_2026_08_02_18_58_42_297.jpg;0
C:\Users\Tune and Tones\Documents\traindata\IMG\center_2026_08_02_18_58_42_387.jpg;0
C:\Users\Tune and Tones\Documents\traindata\IMG\center_2026_08_02_18_58_42_472.jpg;0
C:\Users\Tune and Tones\Documents\traindata\IMG\center_2026_08_02_18_58_42_557.jpg;0
C:\Users\Tune and Tones\Documents\traindata\IMG\center_2026_08_02_18_58_42_643.jpg;0
C:\Users\Tune and Tones\Documents\traindata\IMG\center_2026_08_02_18_58_42_732.jpg;0
C:\Users\Tune and Tones\Documents\traindata\IMG\center_2026_08_02_18_58_42_823.jpg;0
C:\Users\Tune and Tones\Documents\traindata\IMG\center_2026_08_02_18_58_42_909.jpg;0
C:\Users\Tune and Tones\Documents\traindata\IMG\center_2026_08_02_18_58_42_999.jpg;0
C:\Users\Tune and Tones\Documents\traindata\IMG\center_2026_08_02_18_58_43_093.jpg;0
C:\Users\Tune and Tones\Documents\traindata\IMG\center_2026_08_02_18_58_43_183.jpg;0
C:\Users\Tune and Tones\Documents\traindata\IMG\center_2026_08_02_18_58_43_268.jpg;0
C:\Users\Tune and Tones\Documents\traindata\IMG\center_2026_08_02_18_58_43_359.jpg;0
C:\Users\Tune and Tones\Documents\traindata\IMG\center_2026_08_02_18_58_43_452.jpg;0
C:\Users\Tune and Tones\Documents\traindata\IMG\center_2026_08_02_18_58_43_545.jpg;0
C:\Users\Tune and Tones\Documents\traindata\IMG\center_2026_08_02_18_58_43_641.jpg;0
C:\Users\Tune and Tones\Documents\traindata\IMG\center_2026_08_02_18_58_43_729.jpg;0
C:\Users\Tune and Tones\Documents\traindata\IMG\center_2026_08_02_18_58_43_821.jpg;0
C:\Users\Tune and Tones\Documents\traindata\IMG\center_2026_08_02_18_58_43_916.jpg;0
C:\Users\Tune and Tones\Documents\traindata\IMG\center_2026_08_02_18_58_44_014.jpg;-0.25
C:\Users\Tune and Tones\Documents\traindata\IMG\center_2026_08_02_18_58_44_106.jpg;-0.45
C:\Users\Tune and Tones\Documents\traindata\IMG\center_2026_08_02_18_58_44_208.jpg;0
C:\Users\Tune and Tones\Documents\traindata\IMG\center_2026_08_02_18_58_44_311.jpg;0
C:\Users\Tune and Tones\Documents\traindata\IMG\center_2026_08_02_18_58_44_412.jpg;0
C:\Users\Tune and Tones\Documents\traindata\IMG\center_2026_08_02_18_58_44_574.jpg;0
C:\Users\Tune and Tones\Documents\traindata\IMG\center_2026_08_02_18_58_44_600.jpg;0
C:\Users\Tune and Tones\Documents\traindata\IMG\center_2026_08_02_18_58_44_701.jpg;0
C:\Users\Tune and Tones\Documents\traindata\IMG\center_2026_08_02_18_58_44_796.jpg;0
C:\Users\Tune and Tones\Documents\traindata\IMG\center_2026_08_02_18_58_44_898.jpg;0
C:\Users\Tune and Tones\Documents\traindata\IMG\center_2026_08_02_18_58_44_995.jpg;0
C:\Users\Tune and Tones\Documents\traindata\IMG\center_2026_08_02_18_58_45_094.jpg;0
C:\Users\Tune and Tones\Documents\traindata\IMG\center_2026_08_02_18_58_45_196.jpg;0
C:\Users\Tune and Tones\Documents\traindata\IMG\center_2026_08_02_18_58_45_294.jpg;0
C:\Users\Tune and Tones\Documents\traindata\IMG\center_2026_08_02_18_58_45_398.jpg;0
C:\Users\Tune and Tones\Documents\traindata\IMG\center_2026_08_02_18_58_45_491.jpg;0
C:\Users\Tune and Tones\Documents\traindata\IMG\center_2026_08_02_18_58_45_591.jpg;0
C:\Users\Tune and Tones\Documents\traindata\IMG\center_2026_08_02_18_58_45_685.jpg;0
C:\Users\Tune and Tones\Documents\traindata\IMG\center_2026_08_02_18_58_45_782.jpg;0
C:\Users\Tune and Tones\Documents\traindata\IMG\center_2026_08_02_18_58_45_882.jpg;-0.25
C:\Users\Tune and Tones\Documents\traindata\IMG\center_2026_08_02_18_58_45_981.jpg;-0.5000001
C:\Users\Tune and Tones\Documents\traindata\IMG\center_2026_08_02_18_58_46_078.jpg;0
C:\Users\Tune and Tones\Documents\traindata\IMG\center_2026_08_02_18_58_46_182.jpg;0
C:\Users\Tune and Tones\Documents\traindata\IMG\center_2026_08_02_18_58_46_274.jpg;0
C:\Users\Tune and Tones\Documents\traindata\IMG\center_2026_08_02_18_58_46_373.jpg;0
C:\Users\Tune and Tones\Documents\traindata\IMG\center_2026_08_02_18_58_46_466.jpg;0
C:\Users\Tune and Tones\Documents\traindata\IMG\center_2026_08_02_18_58_46_570.jpg;0
C:\Users\Tune and Tones\Documents\traindata\IMG\center_2026_08_02_18_58_46_657.jpg;-0.2
C:\Users\Tune and Tones\Documents\traindata\IMG\center_2026_08_02_18_58_46_752.jpg;-0.45
C:\Users\Tune and Tones\Documents\traindata\IMG\center_2026_08_02_18_58_46_848.jpg;-0.7
C:\Users\Tune and Tones\Documents\traindata\IMG\center_2026_08_02_18_58_46_948.jpg;0
C:\Users\Tune and Tones\Documents\traindata\IMG\center_2026_08_02_18_58_47_050.jpg;0
C:\Users\Tune and Tones\Documents\traindata\IMG\center_2026_08_02_18_58_47_140.jpg;0
C:\Users\Tune and Tones\Documents\traindata\IMG\center_2026_08_02_18_58_47_228.jpg;0
C:\Users\Tune and Tones\Documents\traindata\IMG\center_2026_08_02_18_58_47_315.jpg;0
C:\Users\Tune and Tones\Documents\traindata\IMG\center_2026_08_02_18_58_47_402.jpg;0
C:\Users\Tune and Tones\Documents\traindata\IMG\center_2026_08_02_18_58_47_493.jpg;0
C:\Users\Tune and Tones\Documents\traindata\IMG\center_2026_08_02_18_58_47_581.jpg;0
C:\Users\Tune and Tones\Documents\traindata\IMG\center_2026_08_02_18_58_47_681.jpg;0
C:\Users\Tune and Tones\Documents\traindata\IMG\center_2026_08_02_18_58_47_754.jpg;0
C:\Users\Tune and Tones\Documents\traindata\IMG\center_2026_08_02_18_58_47_845.jpg;0
C:\Users\Tune and Tones\Documents\traindata\IMG\center_2026_08_02_18_58_47_938.jpg;-0.25
C:\Users\Tune and Tones\Documents\traindata\IMG\center_2026_08_02_18_58_48_025.jpg;-0.45
C:\Users\Tune and Tones\Documents\traindata\IMG\center_2026_08_02_18_58_48_111.jpg;-0.7
C:\Users\Tune and Tones\Documents\traindata\IMG\center_2026_08_02_18_58_48_206.jpg;0
C:\Users\Tune and Tones\Documents\traindata\IMG\center_2026_08_02_18_58_48_305.jpg;0
C:\Users\Tune and Tones\Documents\traindata\IMG\center_2026_08_02_18_58_48_390.jpg;0
C:\Users\Tune and Tones\Documents\traindata\IMG\center_2026_08_02_18_58_48_485.jpg;0
C:\Users\Tune and Tones\Documents\traindata\IMG\center_2026_08_02_18_58_48_574.jpg;0
C:\Users\Tune and Tones\Documents\traindata\IMG\center_2026_08_02_18_58_48_664.jpg;0
C:\Users\Tune and Tones\Documents\traindata\IMG\center_2026_08_02_18_58_48_757.jpg;-0.25
C:\Users\Tune and Tones\Documents\traindata\IMG\center_2026_08_02_18_58_48_844.jpg;-0.45
C:\Users\Tune and Tones\Documents\traindata\IMG\center_2026_08_02_18_58_48_930.jpg;-0.7
C:\Users\Tune and Tones\Documents\traindata\IMG\center_2026_08_02_18_58_49_024.jpg;-0.9000002
C:\Users\Tune and Tones\Documents\traindata\IMG\center_2026_08_02_18_58_49_114.jpg;-1
C:\Users\Tune and Tones\Documents\traindata\IMG\center_2026_08_02_18_58_49_207.jpg;0
C:\Users\Tune and Tones\Documents\traindata\IMG\center_2026_08_02_18_58_49_290.jpg;0
C:\Users\Tune and Tones\Documents\traindata\IMG\center_2026_08_02_18_58_49_378.jpg;0
C:\Users\Tune and Tones\Documents\traindata\IMG\center_2026_08_02_18_58_49_467.jpg;0
C:\Users\Tune and Tones\Documents\traindata\IMG\center_2026_08_02_18_58_49_556.jpg;0
C:\Users\Tune and Tones\Documents\traindata\IMG\center_2026_08_02_18_58_49_648.jpg;-0.25
C:\Users\Tune and Tones\Documents\traindata\IMG\center_2026_08_02_18_58_49_735.jpg;-0.45
C:\Users\Tune and Tones\Documents\traindata\IMG\center_2026_08_02_18_58_49_828.jpg;0
C:\Users\Tune and Tones\Documents\traindata\IMG\center_2026_08_02_18_58_49_922.jpg;0
C:\Users\Tune and Tones\Documents\traindata\IMG\center_2026_08_02_18_58_50_008.jpg;0
C:\Users\Tune and Tones\Documents\traindata\IMG\center_2026_08_02_18_58_50_098.jpg;0
C:\Users\Tune and Tones\Documents\traindata\IMG\center_2026_08_02_18_58_50_189.jpg;-0.25
C:\Users\Tune and Tones\Documents\traindata\IMG\center_2026_08_02_18_58_50_279.jpg;-0.45
C:\Users\Tune and Tones\Documents\traindata\IMG\center_2026_08_02_18_58_50_370.jpg;-0.7
C:\Users\Tune and Tones\Documents\traindata\IMG\center_2026_08_02_18_58_50_456.jpg;0
C:\Users\Tune and Tones\Documents\traindata\IMG\center_2026_08_02_18_58_50_547.jpg;0
C:\Users\Tune and Tones\Documents\traindata\IMG\center_2026_08_02_18_58_50_634.jpg;0
C:\Users\Tune and Tones\Documents\traindata\IMG\center_2026_08_02_18_58_50_725.jpg;0
C:\Users\Tune and Tones\Documents\traindata\IMG\center_2026_08_02_18_58_50_820.jpg;0
C:\Users\Tune and Tones\Documents\traindata\IMG\center_2026_08_02_18_58_50_910.jpg;0
C:\Users\Tune and Tones\Documents\traindata\IMG\center_2026_08_02_18_58_51_005.jpg;0
C:\Users\Tune and Tones\Documents\traindata\IMG\center_2026_08_02_18_58_51_095.jpg;0
C:\Users\Tune and Tones\Documents\traindata\IMG\center_2026_08_02_18_58_51_191.jpg;-0.25
C:\Users\Tune and Tones\Documents\traindata\IMG\center_2026_08_02_18_58_51_285.jpg;-0.45
C:\Users\Tune and Tones\Documents\traindata\IMG\center_2026_08_02_18_58_51_387.jpg;-0.7
C:\Users\Tune and Tones\Documents\traindata\IMG\center_2026_08_02_18_58_51_478.jpg;0
C:\Users\Tune and Tones\Documents\traindata\IMG\center_2026_08_02_18_58_51_582.jpg;0
C:\Users\Tune and Tones\Documents\traindata\IMG\center_2026_08_02_18_58_51_682.jpg;0
C:\Users\Tune and Tones\Documents\traindata\IMG\center_2026_08_02_18_58_51_785.jpg;0
C:\Users\Tune and Tones\Documents\traindata\IMG\center_2026_08_02_18_58_51_880.jpg;0
C:\Users\Tune and Tones\Documents\traindata\IMG\center_2026_08_02_18_58_51_983.jpg;-0.25
C:\Users\Tune and Tones\Documents\traindata\IMG\center_2026_08_02_18_58_52_087.jpg;-0.5000001
C:\Users\Tune and Tones\Documents\traindata\IMG\center_2026_08_02_18_58_52_185.jpg;0
C:\Users\Tune and Tones\Documents\traindata\IMG\center_2026_08_02_18_58_52_287.jpg;0
C:\Users\Tune and Tones\Documents\traindata\IMG\center_2026_08_02_18_58_52_391.jpg;0
C:\Users\Tune and Tones\Documents\traindata\IMG\center_2026_08_02_18_58_52_499.jpg;0
C:\Users\Tune and Tones\Documents\traindata\IMG\center_2026_08_02_18_58_52_604.jpg;-0.25
C:\Users\Tune and Tones\Documents\traindata\IMG\center_2026_08_02_18_58_52_701.jpg;-0.5000001
C:\Users\Tune and Tones\Documents\traindata\IMG\center_2026_08_02_18_58_52_797.jpg;0
C:\Users\Tune and Tones\Documents\traindata\IMG\center_2026_08_02_18_58_52_886.jpg;0
C:\Users\Tune and Tones\Documents\traindata\IMG\center_2026_08_02_18_58_52_977.jpg;0
C:\Users\Tune and Tones\Documents\traindata\IMG\center_2026_08_02_18_58_53_068.jpg;0
C:\Users\Tune and Tones\Documents\traindata\IMG\center_2026_08_02_18_58_53_157.jpg;0
C:\Users\Tune and Tones\Documents\traindata\IMG\center_2026_08_02_18_58_53_249.jpg;0
C:\Users\Tune and Tones\Documents\traindata\IMG\center_2026_08_02_18_58_53_343.jpg;0
C:\Users\Tune and Tones\Documents\traindata\IMG\center_2026_08_02_18_58_53_438.jpg;0
C:\Users\Tune and Tones\Documents\traindata\IMG\center_2026_08_02_18_58_53_540.jpg;0
C:\Users\Tune and Tones\Documents\traindata\IMG\center_2026_08_02_18_58_53_630.jpg;0
C:\Users\Tune and Tones\Documents\traindata\IMG\center_2026_08_02_18_58_53_727.jpg;0
C:\Users\Tune and Tones\Documents\traindata\IMG\center_2026_08_02_18_58_53_826.jpg;0
C:\Users\Tune and Tones\Documents\traindata\IMG\center_2026_08_02_18_58_53_927.jpg;0
C:\Users\Tune and Tones\Documents\traindata\IMG\center_2026_08_02_18_58_54_028.jpg;0
C:\Users\Tune and Tones\Documents\traindata\IMG\center_2026_08_02_18_58_54_133.jpg;0
C:\Users\Tune and Tones\Documents\traindata\IMG\center_2026_08_02_18_58_54_236.jpg;0
C:\Users\Tune and Tones\Documents\traindata\IMG\center_2026_08_02_18_58_54_339.jpg;0
C:\Users\Tune and Tones\Documents\traindata\IMG\center_2026_08_02_18_58_54_444.jpg;0
C:\Users\Tune and Tones\Documents\traindata\IMG\center_2026_08_02_18_58_54_548.jpg;-0.3
C:\Users\Tune and Tones\Documents\traindata\IMG\center_2026_08_02_18_58_54_647.jpg;0
C:\Users\Tune and Tones\Documents\traindata\IMG\center_2026_08_02_18_58_54_753.jpg;0
C:\Users\Tune and Tones\Documents\traindata\IMG\center_2026_08_02_18_58_54_853.jpg;0
C:\Users\Tune and Tones\Documents\traindata\IMG\center_2026_08_02_18_58_54_960.jpg;0
C:\Users\Tune and Tones\Documents\traindata\IMG\center_2026_08_02_18_58_55_061.jpg;0
C:\Users\Tune and Tones\Documents\traindata\IMG\center_2026_08_02_18_58_55_160.jpg;0
C:\Users\Tune and Tones\Documents\traindata\IMG\center_2026_08_02_18_58_55_257.jpg;0
C:\Users\Tune and Tones\Documents\traindata\IMG\center_2026_08_02_18_58_55_353.jpg;0
C:\Users\Tune and Tones\Documents\traindata\IMG\center_2026_08_02_18_58_55_447.jpg;0
C:\Users\Tune and Tones\Documents\traindata\IMG\center_2026_08_02_18_58_55_534.jpg;0
C:\Users\Tune and Tones\Documents\traindata\IMG\center_2026_08_02_18_58_55_619.jpg;0
C:\Users\Tune and Tones\Documents\traindata\IMG\center_2026_08_02_18_58_55_706.jpg;0
C:\Users\Tune and Tones\Documents\traindata\IMG\center_2026_08_02_18_58_55_803.jpg;0
C:\Users\Tune and Tones\Documents\traindata\IMG\center_2026_08_02_18_58_55_881.jpg;0
C:\Users\Tune and Tones\Documents\traindata\IMG\center_2026_08_02_18_58_55_968.jpg;0
C:\Users\Tune and Tones\Documents\traindata\IMG\center_2026_08_02_18_58_56_056.jpg;0
C:\Users\Tune and Tones\Documents\traindata\IMG\center_2026_08_02_18_58_56_142.jpg;0
C:\Users\Tune and Tones\Documents\traindata\IMG\center_2026_08_02_18_58_56_224.jpg;0
C:\Users\Tune and Tones\Documents\traindata\IMG\center_2026_08_02_18_58_56_310.jpg;0
C:\Users\Tune and Tones\Documents\traindata\IMG\center_2026_08_02_18_58_56_393.jpg;0
C:\Users\Tune and Tones\Documents\traindata\IMG\center_2026_08_02_18_58_56_477.jpg;0
C:\Users\Tune and Tones\Documents\traindata\IMG\center_2026_08_02_18_58_56_554.jpg;0
C:\Users\Tune and Tones\Documents\traindata\IMG\center_2026_08_02_18_58_56_634.jpg;0
C:\Users\Tune and Tones\Documents\traindata\IMG\center_2026_08_02_18_58_56_715.jpg;0.2
C:\Users\Tune and Tones\Documents\traindata\IMG\center_2026_08_02_18_58_56_796.jpg;0.4
C:\Users\Tune and Tones\Documents\traindata\IMG\center_2026_08_02_18_58_56_878.jpg;0
C:\Users\Tune and Tones\Documents\traindata\IMG\center_2026_08_02_18_58_56_961.jpg;0
C:\Users\Tune and Tones\Documents\traindata\IMG\center_2026_08_02_18_58_57_037.jpg;0
C:\Users\Tune and Tones\Documents\traindata\IMG\center_2026_08_02_18_58_57_116.jpg;0
C:\Users\Tune and Tones\Documents\traindata\IMG\center_2026_08_02_18_58_57_205.jpg;0
C:\Users\Tune and Tones\Documents\traindata\IMG\center_2026_08_02_18_58_57_280.jpg;0
C:\Users\Tune and Tones\Documents\traindata\IMG\center_2026_08_02_18_58_57_358.jpg;0
C:\Users\Tune and Tones\Documents\traindata\IMG\center_2026_08_02_18_58_57_436.jpg;0
C:\Users\Tune and Tones\Documents\traindata\IMG\center_2026_08_02_18_58_57_513.jpg;0
C:\Users\Tune and Tones\Documents\traindata\IMG\center_2026_08_02_18_58_57_591.jpg;0.2
C:\Users\Tune and Tones\Documents\traindata\IMG\center_2026_08_02_18_58_57_669.jpg;0.4
C:\Users\Tune and Tones\Documents\traindata\IMG\center_2026_08_02_18_58_57_745.jpg;0.5500001
C:\Users\Tune and Tones\Documents\traindata\IMG\center_2026_08_02_18_58_57_823.jpg;0.7500002
C:\Users\Tune and Tones\Documents\traindata\IMG\center_2026_08_02_18_58_57_898.jpg;0
C:\Users\Tune and Tones\Documents\traindata\IMG\center_2026_08_02_18_58_57_974.jpg;0
C:\Users\Tune and Tones\Documents\traindata\IMG\center_2026_08_02_18_58_58_049.jpg;0
C:\Users\Tune and Tones\Documents\traindata\IMG\center_2026_08_02_18_58_58_122.jpg;0
C:\Users\Tune and Tones\Documents\traindata\IMG\center_2026_08_02_18_58_58_196.jpg;0
C:\Users\Tune and Tones\Documents\traindata\IMG\center_2026_08_02_18_58_58_268.jpg;0
C:\Users\Tune and Tones\Documents\traindata\IMG\center_2026_08_02_18_58_58_344.jpg;0
C:\Users\Tune and Tones\Documents\traindata\IMG\center_2026_08_02_18_58_58_413.jpg;0
C:\Users\Tune and Tones\Documents\traindata\IMG\center_2026_08_02_18_58_58_483.jpg;0.15
C:\Users\Tune and Tones\Documents\traindata\IMG\center_2026_08_02_18_58_58_553.jpg;0.35
C:\Users\Tune and Tones\Documents\traindata\IMG\center_2026_08_02_18_58_58_623.jpg;0.5000001
C:\Users\Tune and Tones\Documents\traindata\IMG\center_2026_08_02_18_58_58_693.jpg;0
C:\Users\Tune and Tones\Documents\traindata\IMG\center_2026_08_02_18_58_58_762.jpg;0
C:\Users\Tune and Tones\Documents\traindata\IMG\center_2026_08_02_18_58_58_828.jpg;0
C:\Users\Tune and Tones\Documents\traindata\IMG\center_2026_08_02_18_58_58_895.jpg;0
C:\Users\Tune and Tones\Documents\traindata\IMG\center_2026_08_02_18_58_58_962.jpg;0
C:\Users\Tune and Tones\Documents\traindata\IMG\center_2026_08_02_18_58_59_030.jpg;0
C:\Users\Tune and Tones\Documents\traindata\IMG\center_2026_08_02_18_58_59_161.jpg;0.3
C:\Users\Tune and Tones\Documents\traindata\IMG\center_2026_08_02_18_58_59_291.jpg;0.6500001
C:\Users\Tune and Tones\Documents\traindata\IMG\center_2026_08_02_18_58_59_420.jpg;0.9500002
C:\Users\Tune and Tones\Documents\traindata\IMG\center_2026_08_02_18_58_59_547.jpg;0
C:\Users\Tune and Tones\Documents\traindata\IMG\center_2026_08_02_18_58_59_678.jpg;0
C:\Users\Tune and Tones\Documents\traindata\IMG\center_2026_08_02_18_58_59_811.jpg;0
C:\Users\Tune and Tones\Documents\traindata\IMG\center_2026_08_02_18_58_59_880.jpg;0
C:\Users\Tune and Tones\Documents\traindata\IMG\center_2026_08_02_18_58_59_950.jpg;0.2
C:\Users\Tune and Tones\Documents\traindata\IMG\center_2026_08_02_18_59_00_028.jpg;0.4
C:\Users\Tune and Tones\Documents\traindata\IMG\center_2026_08_02_18_59_00_165.jpg;0.7
C:\Users\Tune and Tones\Documents\traindata\IMG\center_2026_08_02_18_59_00_234.jpg;0.9000002
C:\Users\Tune and Tones\Documents\traindata\IMG\center_2026_08_02_18_59_00_309.jpg;1
C:\Users\Tune and Tones\Documents\traindata\IMG\center_2026_08_02_18_59_00_378.jpg;1
C:\Users\Tune and Tones\Documents\traindata\IMG\center_2026_08_02_18_59_00_465.jpg;1
C:\Users\Tune and Tones\Documents\traindata\IMG\center_2026_08_02_18_59_00_545.jpg;0
C:\Users\Tune and Tones\Documents\traindata\IMG\center_2026_08_02_18_59_00_622.jpg;0
C:\Users\Tune and Tones\Documents\traindata\IMG\center_2026_08_02_18_59_00_696.jpg;0
C:\Users\Tune and Tones\Documents\traindata\IMG\center_2026_08_02_18_59_00_774.jpg;0
C:\Users\Tune and Tones\Documents\traindata\IMG\center_2026_08_02_18_59_00_851.jpg;0
C:\Users\Tune and Tones\Documents\traindata\IMG\center_2026_08_02_18_59_00_932.jpg;0
C:\Users\Tune and Tones\Documents\traindata\IMG\center_2026_08_02_18_59_01_013.jpg;-0.2
C:\Users\Tune and Tones\Documents\traindata\IMG\center_2026_08_02_18_59_01_093.jpg;-0.4
C:\Users\Tune and Tones\Documents\traindata\IMG\center_2026_08_02_18_59_01_170.jpg;-0.6000001
C:\Users\Tune and Tones\Documents\traindata\IMG\center_2026_08_02_18_59_01_250.jpg;-0.8000001
C:\Users\Tune and Tones\Documents\traindata\IMG\center_2026_08_02_18_59_01_328.jpg;0
C:\Users\Tune and Tones\Documents\traindata\IMG\center_2026_08_02_18_59_01_413.jpg;0
C:\Users\Tune and Tones\Documents\traindata\IMG\center_2026_08_02_18_59_01_497.jpg;0
C:\Users\Tune and Tones\Documents\traindata\IMG\center_2026_08_02_18_59_01_578.jpg;0
C:\Users\Tune and Tones\Documents\traindata\IMG\center_2026_08_02_18_59_01_658.jpg;0
C:\Users\Tune and Tones\Documents\traindata\IMG\center_2026_08_02_18_59_01_740.jpg;0
C:\Users\Tune and Tones\Documents\traindata\IMG\center_2026_08_02_18_59_01_815.jpg;0
C:\Users\Tune and Tones\Documents\traindata\IMG\center_2026_08_02_18_59_01_894.jpg;0.2
C:\Users\Tune and Tones\Documents\traindata\IMG\center_2026_08_02_18_59_01_975.jpg;0.4
C:\Users\Tune and Tones\Documents\traindata\IMG\center_2026_08_02_18_59_02_057.jpg;0
C:\Users\Tune and Tones\Documents\traindata\IMG\center_2026_08_02_18_59_02_129.jpg;0
C:\Users\Tune and Tones\Documents\traindata\IMG\center_2026_08_02_18_59_02_206.jpg;0
C:\Users\Tune and Tones\Documents\traindata\IMG\center_2026_08_02_18_59_02_285.jpg;0
C:\Users\Tune and Tones\Documents\traindata\IMG\center_2026_08_02_18_59_02_358.jpg;0
C:\Users\Tune and Tones\Documents\traindata\IMG\center_2026_08_02_18_59_02_434.jpg;0
C:\Users\Tune and Tones\Documents\traindata\IMG\center_2026_08_02_18_59_02_513.jpg;0
C:\Users\Tune and Tones\Documents\traindata\IMG\center_2026_08_02_18_59_02_591.jpg;0
C:\Users\Tune and Tones\Documents\traindata\IMG\center_2026_08_02_18_59_02_669.jpg;0
C:\Users\Tune and Tones\Documents\traindata\IMG\center_2026_08_02_18_59_02_746.jpg;0
C:\Users\Tune and Tones\Documents\traindata\IMG\center_2026_08_02_18_59_02_824.jpg;0
C:\Users\Tune and Tones\Documents\traindata\IMG\center_2026_08_02_18_59_02_902.jpg;0.2
C:\Users\Tune and Tones\Documents\traindata\IMG\center_2026_08_02_18_59_02_979.jpg;0.4
C:\Users\Tune and Tones\Documents\traindata\IMG\center_2026_08_02_18_59_03_060.jpg;0
C:\Users\Tune and Tones\Documents\traindata\IMG\center_2026_08_02_18_59_03_141.jpg;0
C:\Users\Tune and Tones\Documents\traindata\IMG\center_2026_08_02_18_59_03_222.jpg;0
C:\Users\Tune and Tones\Documents\traindata\IMG\center_2026_08_02_18_59_03_304.jpg;0
C:\Users\Tune and Tones\Documents\traindata\IMG\center_2026_08_02_18_59_03_385.jpg;0
C:\Users\Tune and Tones\Documents\traindata\IMG\center_2026_08_02_18_59_03_460.jpg;0
C:\Users\Tune and Tones\Documents\traindata\IMG\center_2026_08_02_18_59_03_540.jpg;0
C:\Users\Tune and Tones\Documents\traindata\IMG\center_2026_08_02_18_59_03_617.jpg;0.2
C:\Users\Tune and Tones\Documents\traindata\IMG\center_2026_08_02_18_59_03_692.jpg;0
C:\Users\Tune and Tones\Documents\traindata\IMG\center_2026_08_02_18_59_03_761.jpg;0
C:\Users\Tune and Tones\Documents\traindata\IMG\center_2026_08_02_18_59_03_843.jpg;0
C:\Users\Tune and Tones\Documents\traindata\IMG\center_2026_08_02_18_59_03_924.jpg;0
C:\Users\Tune and Tones\Documents\traindata\IMG\center_2026_08_02_18_59_03_997.jpg;0
C:\Users\Tune and Tones\Documents\traindata\IMG\center_2026_08_02_18_59_04_078.jpg;0
C:\Users\Tune and Tones\Documents\traindata\IMG\center_2026_08_02_18_59_04_157.jpg;0
C:\Users\Tune and Tones\Documents\traindata\IMG\center_2026_08_02_18_59_04_236.jpg;0
C:\Users\Tune and Tones\Documents\traindata\IMG\center_2026_08_02_18_59_04_316.jpg;0
C:\Users\Tune and Tones\Documents\traindata\IMG\center_2026_08_02_18_59_04_387.jpg;0
C:\Users\Tune and Tones\Documents\traindata\IMG\center_2026_08_02_18_59_04_464.jpg;0
C:\Users\Tune and Tones\Documents\traindata\IMG\center_2026_08_02_18_59_04_543.jpg;0
C:\Users\Tune and Tones\Documents\traindata\IMG\center_2026_08_02_18_59_04_623.jpg;0
C:\Users\Tune and Tones\Documents\traindata\IMG\center_2026_08_02_18_59_04_700.jpg;0
C:\Users\Tune and Tones\Documents\traindata\IMG\center_2026_08_02_18_59_04_777.jpg;0
C:\Users\Tune and Tones\Documents\traindata\IMG\center_2026_08_02_18_59_04_857.jpg;0
C:\Users\Tune and Tones\Documents\traindata\IMG\center_2026_08_02_18_59_04_934.jpg;0
C:\Users\Tune and Tones\Documents\traindata\IMG\center_2026_08_02_18_59_05_012.jpg;0
C:\Users\Tune and Tones\Documents\traindata\IMG\center_2026_08_02_18_59_05_089.jpg;0
C:\Users\Tune and Tones\Documents\traindata\IMG\center_2026_08_02_18_59_05_162.jpg;0
C:\Users\Tune and Tones\Documents\traindata\IMG\center_2026_08_02_18_59_05_241.jpg;0
C:\Users\Tune and Tones\Documents\traindata\IMG\center_2026_08_02_18_59_05_316.jpg;0
C:\Users\Tune and Tones\Documents\traindata\IMG\center_2026_08_02_18_59_05_397.jpg;0
C:\Users\Tune and Tones\Documents\traindata\IMG\center_2026_08_02_18_59_05_473.jpg;0
C:\Users\Tune and Tones\Documents\traindata\IMG\center_2026_08_02_18_59_05_547.jpg;-0.2
C:\Users\Tune and Tones\Documents\traindata\IMG\center_2026_08_02_18_59_05_626.jpg;-0.35
C:\Users\Tune and Tones\Documents\traindata\IMG\center_2026_08_02_18_59_05_699.jpg;-0.5500001
C:\Users\Tune and Tones\Documents\traindata\IMG\center_2026_08_02_18_59_05_777.jpg;0
C:\Users\Tune and Tones\Documents\traindata\IMG\center_2026_08_02_18_59_05_851.jpg;0
C:\Users\Tune and Tones\Documents\traindata\IMG\center_2026_08_02_18_59_05_931.jpg;0
C:\Users\Tune and Tones\Documents\traindata\IMG\center_2026_08_02_18_59_06_004.jpg;0
C:\Users\Tune and Tones\Documents\traindata\IMG\center_2026_08_02_18_59_06_084.jpg;0
C:\Users\Tune and Tones\Documents\traindata\IMG\center_2026_08_02_18_59_06_160.jpg;0
C:\Users\Tune and Tones\Documents\traindata\IMG\center_2026_08_02_18_59_06_237.jpg;0
C:\Users\Tune and Tones\Documents\traindata\IMG\center_2026_08_02_18_59_06_316.jpg;0
C:\Users\Tune and Tones\Documents\traindata\IMG\center_2026_08_02_18_59_06_395.jpg;0
C:\Users\Tune and Tones\Documents\traindata\IMG\center_2026_08_02_18_59_06_476.jpg;0
C:\Users\Tune and Tones\Documents\traindata\IMG\center_2026_08_02_18_59_06_557.jpg;0
C:\Users\Tune and Tones\Documents\traindata\IMG\center_2026_08_02_18_59_06_637.jpg;0
C:\Users\Tune and Tones\Documents\traindata\IMG\center_2026_08_02_18_59_06_716.jpg;0
C:\Users\Tune and Tones\Documents\traindata\IMG\center_2026_08_02_18_59_06_797.jpg;0
C:\Users\Tune and Tones\Documents\traindata\IMG\center_2026_08_02_18_59_06_880.jpg;0
C:\Users\Tune and Tones\Documents\traindata\IMG\center_2026_08_02_18_59_06_961.jpg;-0.2
C:\Users\Tune and Tones\Documents\traindata\IMG\center_2026_08_02_18_59_07_046.jpg;-0.4
C:\Users\Tune and Tones\Documents\traindata\IMG\center_2026_08_02_18_59_07_127.jpg;-0.6000001
C:\Users\Tune and Tones\Documents\traindata\IMG\center_2026_08_02_18_59_07_212.jpg;0
C:\Users\Tune and Tones\Documents\traindata\IMG\center_2026_08_02_18_59_07_297.jpg;0
C:\Users\Tune and Tones\Documents\traindata\IMG\center_2026_08_02_18_59_07_377.jpg;0
C:\Users\Tune and Tones\Documents\traindata\IMG\center_2026_08_02_18_59_07_459.jpg;0
C:\Users\Tune and Tones\Documents\traindata\IMG\center_2026_08_02_18_59_07_544.jpg;0
C:\Users\Tune and Tones\Documents\traindata\IMG\center_2026_08_02_18_59_07_630.jpg;0
C:\Users\Tune and Tones\Documents\traindata\IMG\center_2026_08_02_18_59_07_713.jpg;0
C:\Users\Tune and Tones\Documents\traindata\IMG\center_2026_08_02_18_59_07_798.jpg;0
C:\Users\Tune and Tones\Documents\traindata\IMG\center_2026_08_02_18_59_07_883.jpg;0
C:\Users\Tune and Tones\Documents\traindata\IMG\center_2026_08_02_18_59_07_970.jpg;-0.25
C:\Users\Tune and Tones\Documents\traindata\IMG\center_2026_08_02_18_59_08_055.jpg;-0.45
C:\Users\Tune and Tones\Documents\traindata\IMG\center_2026_08_02_18_59_08_138.jpg;-0.6500001
C:\Users\Tune and Tones\Documents\traindata\IMG\center_2026_08_02_18_59_08_221.jpg;0
C:\Users\Tune and Tones\Documents\traindata\IMG\center_2026_08_02_18_59_08_303.jpg;0
C:\Users\Tune and Tones\Documents\traindata\IMG\center_2026_08_02_18_59_08_385.jpg;0
C:\Users\Tune and Tones\Documents\traindata\IMG\center_2026_08_02_18_59_08_469.jpg;0
C:\Users\Tune and Tones\Documents\traindata\IMG\center_2026_08_02_18_59_08_552.jpg;0
C:\Users\Tune and Tones\Documents\traindata\IMG\center_2026_08_02_18_59_08_638.jpg;-0.2
C:\Users\Tune and Tones\Documents\traindata\IMG\center_2026_08_02_18_59_08_722.jpg;-0.4
C:\Users\Tune and Tones\Documents\traindata\IMG\center_2026_08_02_18_59_08_807.jpg;-0.6000001
C:\Users\Tune and Tones\Documents\traindata\IMG\center_2026_08_02_18_59_08_895.jpg;-0.8500001
C:\Users\Tune and Tones\Documents\traindata\IMG\center_2026_08_02_18_59_08_979.jpg;0
C:\Users\Tune and Tones\Documents\traindata\IMG\center_2026_08_02_18_59_09_068.jpg;0
C:\Users\Tune and Tones\Documents\traindata\IMG\center_2026_08_02_18_59_09_154.jpg;0
C:\Users\Tune and Tones\Documents\traindata\IMG\center_2026_08_02_18_59_09_242.jpg;0
C:\Users\Tune and Tones\Documents\traindata\IMG\center_2026_08_02_18_59_09_329.jpg;0
C:\Users\Tune and Tones\Documents\traindata\IMG\center_2026_08_02_18_59_09_418.jpg;0
C:\Users\Tune and Tones\Documents\traindata\IMG\center_2026_08_02_18_59_09_504.jpg;0
C:\Users\Tune and Tones\Documents\traindata\IMG\center_2026_08_02_18_59_09_594.jpg;0
C:\Users\Tune and Tones\Documents\traindata\IMG\center_2026_08_02_18_59_09_682.jpg;0
C:\Users\Tune and Tones\Documents\traindata\IMG\center_2026_08_02_18_59_09_771.jpg;-0.25
C:\Users\Tune and Tones\Documents\traindata\IMG\center_2026_08_02_18_59_09_859.jpg;-0.45
C:\Users\Tune and Tones\Documents\traindata\IMG\center_2026_08_02_18_59_09_949.jpg;-0.7
C:\Users\Tune and Tones\Documents\traindata\IMG\center_2026_08_02_18_59_10_040.jpg;-0.9000002
C:\Users\Tune and Tones\Documents\traindata\IMG\center_2026_08_02_18_59_10_130.jpg;0
C:\Users\Tune and Tones\Documents\traindata\IMG\center_2026_08_02_18_59_10_228.jpg;0
C:\Users\Tune and Tones\Documents\traindata\IMG\center_2026_08_02_18_59_10_312.jpg;0
C:\Users\Tune and Tones\Documents\traindata\IMG\center_2026_08_02_18_59_10_402.jpg;0
C:\Users\Tune and Tones\Documents\traindata\IMG\center_2026_08_02_18_59_10_492.jpg;-0.25
C:\Users\Tune and Tones\Documents\traindata\IMG\center_2026_08_02_18_59_10_580.jpg;-0.45
C:\Users\Tune and Tones\Documents\traindata\IMG\center_2026_08_02_18_59_10_671.jpg;-0.7
C:\Users\Tune and Tones\Documents\traindata\IMG\center_2026_08_02_18_59_10_758.jpg;-0.9000002
C:\Users\Tune and Tones\Documents\traindata\IMG\center_2026_08_02_18_59_10_846.jpg;-1
C:\Users\Tune and Tones\Documents\traindata\IMG\center_2026_08_02_18_59_10_937.jpg;0
C:\Users\Tune and Tones\Documents\traindata\IMG\center_2026_08_02_18_59_11_024.jpg;0
C:\Users\Tune and Tones\Documents\traindata\IMG\center_2026_08_02_18_59_11_112.jpg;0
C:\Users\Tune and Tones\Documents\traindata\IMG\center_2026_08_02_18_59_11_201.jpg;0
C:\Users\Tune and Tones\Documents\traindata\IMG\center_2026_08_02_18_59_11_288.jpg;0
C:\Users\Tune and Tones\Documents\traindata\IMG\center_2026_08_02_18_59_11_380.jpg;0
C:\Users\Tune and Tones\Documents\traindata\IMG\center_2026_08_02_18_59_11_468.jpg;0
C:\Users\Tune and Tones\Documents\traindata\IMG\center_2026_08_02_18_59_11_559.jpg;0
C:\Users\Tune and Tones\Documents\traindata\IMG\center_2026_08_02_18_59_11_646.jpg;0
C:\Users\Tune and Tones\Documents\traindata\IMG\center_2026_08_02_18_59_11_736.jpg;0.25
C:\Users\Tune and Tones\Documents\traindata\IMG\center_2026_08_02_18_59_11_822.jpg;0
C:\Users\Tune and Tones\Documents\traindata\IMG\center_2026_08_02_18_59_11_910.jpg;0
C:\Users\Tune and Tones\Documents\traindata\IMG\center_2026_08_02_18_59_12_003.jpg;0
C:\Users\Tune and Tones\Documents\traindata\IMG\center_2026_08_02_18_59_12_086.jpg;0
C:\Users\Tune and Tones\Documents\traindata\IMG\center_2026_08_02_18_59_12_176.jpg;0
C:\Users\Tune and Tones\Documents\traindata\IMG\center_2026_08_02_18_59_12_263.jpg;0
C:\Users\Tune and Tones\Documents\traindata\IMG\center_2026_08_02_18_59_12_352.jpg;0
C:\Users\Tune and Tones\Documents\traindata\IMG\center_2026_08_02_18_59_12_445.jpg;0
C:\Users\Tune and Tones\Documents\traindata\IMG\center_2026_08_02_18_59_12_527.jpg;0
C:\Users\Tune and Tones\Documents\traindata\IMG\center_2026_08_02_18_59_12_615.jpg;0
C:\Users\Tune and Tones\Documents\traindata\IMG\center_2026_08_02_18_59_12_711.jpg;0
C:\Users\Tune and Tones\Documents\traindata\IMG\center_2026_08_02_18_59_12_789.jpg;0
C:\Users\Tune and Tones\Documents\traindata\IMG\center_2026_08_02_18_59_12_877.jpg;0
C:\Users\Tune and Tones\Documents\traindata\IMG\center_2026_08_02_18_59_12_965.jpg;-0.2
C:\Users\Tune and Tones\Documents\traindata\IMG\center_2026_08_02_18_59_13_056.jpg;-0.45
C:\Users\Tune and Tones\Documents\traindata\IMG\center_2026_08_02_18_59_13_142.jpg;-0.6500001
C:\Users\Tune and Tones\Documents\traindata\IMG\center_2026_08_02_18_59_13_235.jpg;0
C:\Users\Tune and Tones\Documents\traindata\IMG\center_2026_08_02_18_59_13_324.jpg;0
C:\Users\Tune and Tones\Documents\traindata\IMG\center_2026_08_02_18_59_13_410.jpg;0
C:\Users\Tune and Tones\Documents\traindata\IMG\center_2026_08_02_18_59_13_500.jpg;0
C:\Users\Tune and Tones\Documents\traindata\IMG\center_2026_08_02_18_59_13_592.jpg;0
C:\Users\Tune and Tones\Documents\traindata\IMG\center_2026_08_02_18_59_13_681.jpg;0
C:\Users\Tune and Tones\Documents\traindata\IMG\center_2026_08_02_18_59_13_779.jpg;0
C:\Users\Tune and Tones\Documents\traindata\IMG\center_2026_08_02_18_59_13_866.jpg;0
C:\Users\Tune and Tones\Documents\traindata\IMG\center_2026_08_02_18_59_13_962.jpg;0
C:\Users\Tune and Tones\Documents\traindata\IMG\center_2026_08_02_18_59_14_042.jpg;-0.2
C:\Users\Tune and Tones\Documents\traindata\IMG\center_2026_08_02_18_59_14_129.jpg;-0.45
C:\Users\Tune and Tones\Documents\traindata\IMG\center_2026_08_02_18_59_14_216.jpg;-0.6500001
C:\Users\Tune and Tones\Documents\traindata\IMG\center_2026_08_02_18_59_14_310.jpg;0
C:\Users\Tune and Tones\Documents\traindata\IMG\center_2026_08_02_18_59_14_404.jpg;0
C:\Users\Tune and Tones\Documents\traindata\IMG\center_2026_08_02_18_59_14_496.jpg;0
C:\Users\Tune and Tones\Documents\traindata\IMG\center_2026_08_02_18_59_14_590.jpg;0
C:\Users\Tune and Tones\Documents\traindata\IMG\center_2026_08_02_18_59_14_692.jpg;0
C:\Users\Tune and Tones\Documents\traindata\IMG\center_2026_08_02_18_59_14_788.jpg;0
C:\Users\Tune and Tones\Documents\traindata\IMG\center_2026_08_02_18_59_14_880.jpg;0
C:\Users\Tune and Tones\Documents\traindata\IMG\center_2026_08_02_18_59_14_974.jpg;0
C:\Users\Tune and Tones\Documents\traindata\IMG\center_2026_08_02_18_59_15_065.jpg;0
C:\Users\Tune and Tones\Documents\traindata\IMG\center_2026_08_02_18_59_15_161.jpg;-0.25
C:\Users\Tune and Tones\Documents\traindata\IMG\center_2026_08_02_18_59_15_254.jpg;-0.5000001
C:\Users\Tune and Tones\Documents\traindata\IMG\center_2026_08_02_18_59_15_356.jpg;-0.7500002
C:\Users\Tune and Tones\Documents\traindata\IMG\center_2026_08_02_18_59_15_447.jpg;-0.9500002
C:\Users\Tune and Tones\Documents\traindata\IMG\center_2026_08_02_18_59_15_543.jpg;0
C:\Users\Tune and Tones\Documents\traindata\IMG\center_2026_08_02_18_59_15_657.jpg;0
C:\Users\Tune and Tones\Documents\traindata\IMG\center_2026_08_02_18_59_15_754.jpg;0
C:\Users\Tune and Tones\Documents\traindata\IMG\center_2026_08_02_18_59_15_849.jpg;0
C:\Users\Tune and Tones\Documents\traindata\IMG\center_2026_08_02_18_59_15_942.jpg;0
C:\Users\Tune and Tones\Documents\traindata\IMG\center_2026_08_02_18_59_16_037.jpg;0
C:\Users\Tune and Tones\Documents\traindata\IMG\center_2026_08_02_18_59_16_137.jpg;0
C:\Users\Tune and Tones\Documents\traindata\IMG\center_2026_08_02_18_59_16_222.jpg;0
C:\Users\Tune and Tones\Documents\traindata\IMG\center_2026_08_02_18_59_16_316.jpg;0.25
C:\Users\Tune and Tones\Documents\traindata\IMG\center_2026_08_02_18_59_16_415.jpg;0.5000001
C:\Users\Tune and Tones\Documents\traindata\IMG\center_2026_08_02_18_59_16_504.jpg;0
C:\Users\Tune and Tones\Documents\traindata\IMG\center_2026_08_02_18_59_16_598.jpg;0
C:\Users\Tune and Tones\Documents\traindata\IMG\center_2026_08_02_18_59_16_691.jpg;0
C:\Users\Tune and Tones\Documents\traindata\IMG\center_2026_08_02_18_59_16_787.jpg;0
C:\Users\Tune and Tones\Documents\traindata\IMG\center_2026_08_02_18_59_16_879.jpg;0
C:\Users\Tune and Tones\Documents\traindata\IMG\center_2026_08_02_18_59_16_972.jpg;0
C:\Users\Tune and Tones\Documents\traindata\IMG\center_2026_08_02_18_59_17_070.jpg;0
C:\Users\Tune and Tones\Documents\traindata\IMG\center_2026_08_02_18_59_17_156.jpg;0
C:\Users\Tune and Tones\Documents\traindata\IMG\center_2026_08_02_18_59_17_259.jpg;0
C:\Users\Tune and Tones\Documents\traindata\IMG\center_2026_08_02_18_59_17_352.jpg;0
C:\Users\Tune and Tones\Documents\traindata\IMG\center_2026_08_02_18_59_17_445.jpg;0
C:\Users\Tune and Tones\Documents\traindata\IMG\center_2026_08_02_18_59_17_527.jpg;0
C:\Users\Tune and Tones\Documents\traindata\IMG\center_2026_08_02_18_59_17_618.jpg;0
C:\Users\Tune and Tones\Documents\traindata\IMG\center_2026_08_02_18_59_17_714.jpg;0
C:\Users\Tune and Tones\Documents\traindata\IMG\center_2026_08_02_18_59_17_806.jpg;0
C:\Users\Tune and Tones\Documents\traindata\IMG\center_2026_08_02_18_59_17_897.jpg;0
C:\Users\Tune and Tones\Documents\traindata\IMG\center_2026_08_02_18_59_17_999.jpg;0
C:\Users\Tune and Tones\Documents\traindata\IMG\center_2026_08_02_18_59_18_089.jpg;0
C:\Users\Tune and Tones\Documents\traindata\IMG\center_2026_08_02_18_59_18_182.jpg;0
C:\Users\Tune and Tones\Documents\traindata\IMG\center_2026_08_02_18_59_18_272.jpg;-0.25
C:\Users\Tune and Tones\Documents\traindata\IMG\center_2026_08_02_18_59_18_374.jpg;0
C:\Users\Tune and Tones\Documents\traindata\IMG\center_2026_08_02_18_59_18_461.jpg;0
C:\Users\Tune and Tones\Documents\traindata\IMG\center_2026_08_02_18_59_18_567.jpg;0
C:\Users\Tune and Tones\Documents\traindata\IMG\center_2026_08_02_18_59_18_664.jpg;0
C:\Users\Tune and Tones\Documents\traindata\IMG\center_2026_08_02_18_59_18_752.jpg;-0.25
C:\Users\Tune and Tones\Documents\traindata\IMG\center_2026_08_02_18_59_18_846.jpg;-0.45
C:\Users\Tune and Tones\Documents\traindata\IMG\center_2026_08_02_18_59_18_942.jpg;-0.7
C:\Users\Tune and Tones\Documents\traindata\IMG\center_2026_08_02_18_59_19_037.jpg;-0.9500002
C:\Users\Tune and Tones\Documents\traindata\IMG\center_2026_08_02_18_59_19_135.jpg;0
C:\Users\Tune and Tones\Documents\traindata\IMG\center_2026_08_02_18_59_19_239.jpg;0
C:\Users\Tune and Tones\Documents\traindata\IMG\center_2026_08_02_18_59_19_352.jpg;0
C:\Users\Tune and Tones\Documents\traindata\IMG\center_2026_08_02_18_59_19_453.jpg;0
C:\Users\Tune and Tones\Documents\traindata\IMG\center_2026_08_02_18_59_19_547.jpg;0
C:\Users\Tune and Tones\Documents\traindata\IMG\center_2026_08_02_18_59_19_646.jpg;0
C:\Users\Tune and Tones\Documents\traindata\IMG\center_2026_08_02_18_59_19_742.jpg;0
C:\Users\Tune and Tones\Documents\traindata\IMG\center_2026_08_02_18_59_19_842.jpg;0
C:\Users\Tune and Tones\Documents\traindata\IMG\center_2026_08_02_18_59_19_940.jpg;0
C:\Users\Tune and Tones\Documents\traindata\IMG\center_2026_08_02_18_59_20_036.jpg;0
C:\Users\Tune and Tones\Documents\traindata\IMG\center_2026_08_02_18_59_20_135.jpg;0
C:\Users\Tune and Tones\Documents\traindata\IMG\center_2026_08_02_18_59_20_236.jpg;0
C:\Users\Tune and Tones\Documents\traindata\IMG\center_2026_08_02_18_59_20_333.jpg;0
C:\Users\Tune and Tones\Documents\traindata\IMG\center_2026_08_02_18_59_20_429.jpg;0
C:\Users\Tune and Tones\Documents\traindata\IMG\center_2026_08_02_18_59_20_531.jpg;0
C:\Users\Tune and Tones\Documents\traindata\IMG\center_2026_08_02_18_59_20_629.jpg;0
C:\Users\Tune and Tones\Documents\traindata\IMG\center_2026_08_02_18_59_20_729.jpg;0
C:\Users\Tune and Tones\Documents\traindata\IMG\center_2026_08_02_18_59_20_825.jpg;0
C:\Users\Tune and Tones\Documents\traindata\IMG\center_2026_08_02_18_59_20_923.jpg;0
C:\Users\Tune and Tones\Documents\traindata\IMG\center_2026_08_02_18_59_21_023.jpg;0
C:\Users\Tune and Tones\Documents\traindata\IMG\center_2026_08_02_18_59_21_125.jpg;0
C:\Users\Tune and Tones\Documents\traindata\IMG\center_2026_08_02_18_59_21_218.jpg;0
C:\Users\Tune and Tones\Documents\traindata\IMG\center_2026_08_02_18_59_21_315.jpg;-0.25
C:\Users\Tune and Tones\Documents\traindata\IMG\center_2026_08_02_18_59_21_413.jpg;-0.5000001
C:\Users\Tune and Tones\Documents\traindata\IMG\center_2026_08_02_18_59_21_512.jpg;0
C:\Users\Tune and Tones\Documents\traindata\IMG\center_2026_08_02_18_59_21_612.jpg;0
C:\Users\Tune and Tones\Documents\traindata\IMG\center_2026_08_02_18_59_21_707.jpg;0
C:\Users\Tune and Tones\Documents\traindata\IMG\center_2026_08_02_18_59_21_802.jpg;0
C:\Users\Tune and Tones\Documents\traindata\IMG\center_2026_08_02_18_59_21_896.jpg;0
C:\Users\Tune and Tones\Documents\traindata\IMG\center_2026_08_02_18_59_21_997.jpg;0
C:\Users\Tune and Tones\Documents\traindata\IMG\center_2026_08_02_18_59_22_080.jpg;0
C:\Users\Tune and Tones\Documents\traindata\IMG\center_2026_08_02_18_59_22_185.jpg;0
C:\Users\Tune and Tones\Documents\traindata\IMG\center_2026_08_02_18_59_22_267.jpg;0
C:\Users\Tune and Tones\Documents\traindata\IMG\center_2026_08_02_18_59_22_360.jpg;-0.25
C:\Users\Tune and Tones\Documents\traindata\IMG\center_2026_08_02_18_59_22_459.jpg;-0.5000001
C:\Users\Tune and Tones\Documents\traindata\IMG\center_2026_08_02_18_59_22_569.jpg;0
C:\Users\Tune and Tones\Documents\traindata\IMG\center_2026_08_02_18_59_22_669.jpg;0
C:\Users\Tune and Tones\Documents\traindata\IMG\center_2026_08_02_18_59_22_760.jpg;0
C:\Users\Tune and Tones\Documents\traindata\IMG\center_2026_08_02_18_59_22_853.jpg;0
C:\Users\Tune and Tones\Documents\traindata\IMG\center_2026_08_02_18_59_22_951.jpg;0
C:\Users\Tune and Tones\Documents\traindata\IMG\center_2026_08_02_18_59_23_048.jpg;0
C:\Users\Tune and Tones\Documents\traindata\IMG\center_2026_08_02_18_59_23_145.jpg;0
C:\Users\Tune and Tones\Documents\traindata\IMG\center_2026_08_02_18_59_23_233.jpg;0
C:\Users\Tune and Tones\Documents\traindata\IMG\center_2026_08_02_18_59_23_329.jpg;0
C:\Users\Tune and Tones\Documents\traindata\IMG\center_2026_08_02_18_59_23_429.jpg;0
C:\Users\Tune and Tones\Documents\traindata\IMG\center_2026_08_02_18_59_23_518.jpg;0
C:\Users\Tune and Tones\Documents\traindata\IMG\center_2026_08_02_18_59_23_601.jpg;0
C:\Users\Tune and Tones\Documents\traindata\IMG\center_2026_08_02_18_59_23_696.jpg;0
C:\Users\Tune and Tones\Documents\traindata\IMG\center_2026_08_02_18_59_23_796.jpg;0
C:\Users\Tune and Tones\Documents\traindata\IMG\center_2026_08_02_18_59_23_889.jpg;0
C:\Users\Tune and Tones\Documents\traindata\IMG\center_2026_08_02_18_59_23_985.jpg;0
C:\Users\Tune and Tones\Documents\traindata\IMG\center_2026_08_02_18_59_24_082.jpg;0
C:\Users\Tune and Tones\Documents\traindata\IMG\center_2026_08_02_18_59_24_186.jpg;0
C:\Users\Tune and Tones\Documents\traindata\IMG\center_2026_08_02_18_59_24_290.jpg;0
C:\Users\Tune and Tones\Documents\traindata\IMG\center_2026_08_02_18_59_24_381.jpg;0
C:\Users\Tune and Tones\Documents\traindata\IMG\center_2026_08_02_18_59_24_474.jpg;0
C:\Users\Tune and Tones\Documents\traindata\IMG\center_2026_08_02_18_59_24_580.jpg;0
C:\Users\Tune and Tones\Documents\traindata\IMG\center_2026_08_02_18_59_24_680.jpg;0
C:\Users\Tune and Tones\Documents\traindata\IMG\center_2026_08_02_18_59_24_780.jpg;0
C:\Users\Tune and Tones\Documents\traindata\IMG\center_2026_08_02_18_59_24_877.jpg;0
C:\Users\Tune and Tones\Documents\traindata\IMG\center_2026_08_02_18_59_24_976.jpg;0
C:\Users\Tune and Tones\Documents\traindata\IMG\center_2026_08_02_18_59_25_078.jpg;0
C:\Users\Tune and Tones\Documents\traindata\IMG\center_2026_08_02_18_59_25_177.jpg;0
C:\Users\Tune and Tones\Documents\traindata\IMG\center_2026_08_02_18_59_25_278.jpg;0
C:\Users\Tune and Tones\Documents\traindata\IMG\center_2026_08_02_18_59_25_384.jpg;0
C:\Users\Tune and Tones\Documents\traindata\IMG\center_2026_08_02_18_59_25_480.jpg;0
C:\Users\Tune and Tones\Documents\traindata\IMG\center_2026_08_02_18_59_25_581.jpg;0
C:\Users\Tune and Tones\Documents\traindata\IMG\center_2026_08_02_18_59_25_680.jpg;0
C:\Users\Tune and Tones\Documents\traindata\IMG\center_2026_08_02_18_59_25_784.jpg;0
C:\Users\Tune and Tones\Documents\traindata\IMG\center_2026_08_02_18_59_25_876.jpg;0
C:\Users\Tune and Tones\Documents\traindata\IMG\center_2026_08_02_18_59_25_980.jpg;0
C:\Users\Tune and Tones\Documents\traindata\IMG\center_2026_08_02_18_59_26_085.jpg;0
C:\Users\Tune and Tones\Documents\traindata\IMG\center_2026_08_02_18_59_26_187.jpg;0
C:\Users\Tune and Tones\Documents\traindata\IMG\center_2026_08_02_18_59_26_287.jpg;0
C:\Users\Tune and Tones\Documents\traindata\IMG\center_2026_08_02_18_59_26_389.jpg;0
C:\Users\Tune and Tones\Documents\traindata\IMG\center_2026_08_02_18_59_26_491.jpg;0
C:\Users\Tune and Tones\Documents\traindata\IMG\center_2026_08_02_18_59_26_583.jpg;0
C:\Users\Tune and Tones\Documents\traindata\IMG\center_2026_08_02_18_59_26_678.jpg;0
C:\Users\Tune and Tones\Documents\traindata\IMG\center_2026_08_02_18_59_26_798.jpg;-0.3
C:\Users\Tune and Tones\Documents\traindata\IMG\center_2026_08_02_18_59_26_886.jpg;-0.5000001
C:\Users\Tune and Tones\Documents\traindata\IMG\center_2026_08_02_18_59_26_979.jpg;0
C:\Users\Tune and Tones\Documents\traindata\IMG\center_2026_08_02_18_59_27_099.jpg;0
C:\Users\Tune and Tones\Documents\traindata\IMG\center_2026_08_02_18_59_27_205.jpg;0
C:\Users\Tune and Tones\Documents\traindata\IMG\center_2026_08_02_18_59_27_306.jpg;0
C:\Users\Tune and Tones\Documents\traindata\IMG\center_2026_08_02_18_59_27_409.jpg;0
C:\Users\Tune and Tones\Documents\traindata\IMG\center_2026_08_02_18_59_27_507.jpg;0
C:\Users\Tune and Tones\Documents\traindata\IMG\center_2026_08_02_18_59_27_605.jpg;0
C:\Users\Tune and Tones\Documents\traindata\IMG\center_2026_08_02_18_59_27_696.jpg;0
C:\Users\Tune and Tones\Documents\traindata\IMG\center_2026_08_02_18_59_27_802.jpg;0
C:\Users\Tune and Tones\Documents\traindata\IMG\center_2026_08_02_18_59_27_907.jpg;0
C:\Users\Tune and Tones\Documents\traindata\IMG\center_2026_08_02_18_59_28_003.jpg;0
C:\Users\Tune and Tones\Documents\traindata\IMG\center_2026_08_02_18_59_28_102.jpg;0
C:\Users\Tune and Tones\Documents\traindata\IMG\center_2026_08_02_18_59_28_205.jpg;0
C:\Users\Tune and Tones\Documents\traindata\IMG\center_2026_08_02_18_59_28_309.jpg;0
C:\Users\Tune and Tones\Documents\traindata\IMG\center_2026_08_02_18_59_28_418.jpg;0
C:\Users\Tune and Tones\Documents\traindata\IMG\center_2026_08_02_18_59_28_519.jpg;0
C:\Users\Tune and Tones\Documents\traindata\IMG\center_2026_08_02_18_59_28_618.jpg;0
C:\Users\Tune and Tones\Documents\traindata\IMG\center_2026_08_02_18_59_28_719.jpg;0
C:\Users\Tune and Tones\Documents\traindata\IMG\center_2026_08_02_18_59_28_830.jpg;0
C:\Users\Tune and Tones\Documents\traindata\IMG\center_2026_08_02_18_59_28_940.jpg;0
C:\Users\Tune and Tones\Documents\traindata\IMG\center_2026_08_02_18_59_29_051.jpg;0
C:\Users\Tune and Tones\Documents\traindata\IMG\center_2026_08_02_18_59_29_145.jpg;0
C:\Users\Tune and Tones\Documents\traindata\IMG\center_2026_08_02_18_59_29_253.jpg;0
C:\Users\Tune and Tones\Documents\traindata\IMG\center_2026_08_02_18_59_29_354.jpg;0
C:\Users\Tune and Tones\Documents\traindata\IMG\center_2026_08_02_18_59_29_465.jpg;-0.25
C:\Users\Tune and Tones\Documents\traindata\IMG\center_2026_08_02_18_59_29_565.jpg;0
C:\Users\Tune and Tones\Documents\traindata\IMG\center_2026_08_02_18_59_29_668.jpg;0
C:\Users\Tune and Tones\Documents\traindata\IMG\center_2026_08_02_18_59_29_774.jpg;0
C:\Users\Tune and Tones\Documents\traindata\IMG\center_2026_08_02_18_59_29_875.jpg;0
C:\Users\Tune and Tones\Documents\traindata\IMG\center_2026_08_02_18_59_29_978.jpg;0
C:\Users\Tune and Tones\Documents\traindata\IMG\center_2026_08_02_18_59_30_084.jpg;0
C:\Users\Tune and Tones\Documents\traindata\IMG\center_2026_08_02_18_59_30_179.jpg;-0.25
C:\Users\Tune and Tones\Documents\traindata\IMG\center_2026_08_02_18_59_30_269.jpg;-0.5000001
C:\Users\Tune and Tones\Documents\traindata\IMG\center_2026_08_02_18_59_30_375.jpg;0
C:\Users\Tune and Tones\Documents\traindata\IMG\center_2026_08_02_18_59_30_480.jpg;0
C:\Users\Tune and Tones\Documents\traindata\IMG\center_2026_08_02_18_59_30_583.jpg;0
C:\Users\Tune and Tones\Documents\traindata\IMG\center_2026_08_02_18_59_30_683.jpg;0
C:\Users\Tune and Tones\Documents\traindata\IMG\center_2026_08_02_18_59_30_784.jpg;0
C:\Users\Tune and Tones\Documents\traindata\IMG\center_2026_08_02_18_59_30_887.jpg;0
C:\Users\Tune and Tones\Documents\traindata\IMG\center_2026_08_02_18_59_30_983.jpg;0
C:\Users\Tune and Tones\Documents\traindata\IMG\center_2026_08_02_18_59_31_081.jpg;0
C:\Users\Tune and Tones\Documents\traindata\IMG\center_2026_08_02_18_59_31_178.jpg;0
C:\Users\Tune and Tones\Documents\traindata\IMG\center_2026_08_02_18_59_31_279.jpg;0
C:\Users\Tune and Tones\Documents\traindata\IMG\center_2026_08_02_18_59_31_382.jpg;0
C:\Users\Tune and Tones\Documents\traindata\IMG\center_2026_08_02_18_59_31_481.jpg;0
C:\Users\Tune and Tones\Documents\traindata\IMG\center_2026_08_02_18_59_31_578.jpg;0
C:\Users\Tune and Tones\Documents\traindata\IMG\center_2026_08_02_18_59_31_680.jpg;0
C:\Users\Tune and Tones\Documents\traindata\IMG\center_2026_08_02_18_59_31_783.jpg;0
C:\Users\Tune and Tones\Documents\traindata\IMG\center_2026_08_02_18_59_31_884.jpg;0
C:\Users\Tune and Tones\Documents\traindata\IMG\center_2026_08_02_18_59_31_985.jpg;0.25
C:\Users\Tune and Tones\Documents\traindata\IMG\center_2026_08_02_18_59_32_087.jpg;0.5000001
C:\Users\Tune and Tones\Documents\traindata\IMG\center_2026_08_02_18_59_32_190.jpg;0
C:\Users\Tune and Tones\Documents\traindata\IMG\center_2026_08_02_18_59_32_302.jpg;0
C:\Users\Tune and Tones\Documents\traindata\IMG\center_2026_08_02_18_59_32_414.jpg;0
C:\Users\Tune and Tones\Documents\traindata\IMG\center_2026_08_02_18_59_32_517.jpg;0
C:\Users\Tune and Tones\Documents\traindata\IMG\center_2026_08_02_18_59_32_610.jpg;0
C:\Users\Tune and Tones\Documents\traindata\IMG\center_2026_08_02_18_59_32_712.jpg;0
C:\Users\Tune and Tones\Documents\traindata\IMG\center_2026_08_02_18_59_32_815.jpg;0
C:\Users\Tune and Tones\Documents\traindata\IMG\center_2026_08_02_18_59_32_923.jpg;-0.25
C:\Users\Tune and Tones\Documents\traindata\IMG\center_2026_08_02_18_59_33_028.jpg;-0.5500001
C:\Users\Tune and Tones\Documents\traindata\IMG\center_2026_08_02_18_59_33_138.jpg;0
C:\Users\Tune and Tones\Documents\traindata\IMG\center_2026_08_02_18_59_33_244.jpg;0
C:\Users\Tune and Tones\Documents\traindata\IMG\center_2026_08_02_18_59_33_353.jpg;0
C:\Users\Tune and Tones\Documents\traindata\IMG\center_2026_08_02_18_59_33_459.jpg;0
C:\Users\Tune and Tones\Documents\traindata\IMG\center_2026_08_02_18_59_33_558.jpg;0
C:\Users\Tune and Tones\Documents\traindata\IMG\center_2026_08_02_18_59_33_660.jpg;0
C:\Users\Tune and Tones\Documents\traindata\IMG\center_2026_08_02_18_59_33_773.jpg;0
C:\Users\Tune and Tones\Documents\traindata\IMG\center_2026_08_02_18_59_33_888.jpg;0
C:\Users\Tune and Tones\Documents\traindata\IMG\center_2026_08_02_18_59_33_990.jpg;0
C:\Users\Tune and Tones\Documents\traindata\IMG\center_2026_08_02_18_59_34_085.jpg;0
C:\Users\Tune and Tones\Documents\traindata\IMG\center_2026_08_02_18_59_34_195.jpg;0
C:\Users\Tune and Tones\Documents\traindata\IMG\center_2026_08_02_18_59_34_294.jpg;0
C:\Users\Tune and Tones\Documents\traindata\IMG\center_2026_08_02_18_59_34_399.jpg;0
C:\Users\Tune and Tones\Documents\traindata\IMG\center_2026_08_02_18_59_34_488.jpg;0
C:\Users\Tune and Tones\Documents\traindata\IMG\center_2026_08_02_18_59_34_595.jpg;0
C:\Users\Tune and Tones\Documents\traindata\IMG\center_2026_08_02_18_59_34_708.jpg;0
C:\Users\Tune and Tones\Documents\traindata\IMG\center_2026_08_02_18_59_34_812.jpg;-0.3
C:\Users\Tune and Tones\Documents\traindata\IMG\center_2026_08_02_18_59_34_919.jpg;-0.5500001
C:\Users\Tune and Tones\Documents\traindata\IMG\center_2026_08_02_18_59_35_008.jpg;0
C:\Users\Tune and Tones\Documents\traindata\IMG\center_2026_08_02_18_59_35_108.jpg;0
C:\Users\Tune and Tones\Documents\traindata\IMG\center_2026_08_02_18_59_35_210.jpg;0
C:\Users\Tune and Tones\Documents\traindata\IMG\center_2026_08_02_18_59_35_309.jpg;0
C:\Users\Tune and Tones\Documents\traindata\IMG\center_2026_08_02_18_59_35_410.jpg;0
C:\Users\Tune and Tones\Documents\traindata\IMG\center_2026_08_02_18_59_35_508.jpg;0
C:\Users\Tune and Tones\Documents\traindata\IMG\center_2026_08_02_18_59_35_608.jpg;0
C:\Users\Tune and Tones\Documents\traindata\IMG\center_2026_08_02_18_59_35_706.jpg;0
C:\Users\Tune and Tones\Documents\traindata\IMG\center_2026_08_02_18_59_35_804.jpg;0
C:\Users\Tune and Tones\Documents\traindata\IMG\center_2026_08_02_18_59_35_902.jpg;0.25
C:\Users\Tune and Tones\Documents\traindata\IMG\center_2026_08_02_18_59_36_000.jpg;0.5000001
C:\Users\Tune and Tones\Documents\traindata\IMG\center_2026_08_02_18_59_36_104.jpg;0
C:\Users\Tune and Tones\Documents\traindata\IMG\center_2026_08_02_18_59_36_203.jpg;0
C:\Users\Tune and Tones\Documents\traindata\IMG\center_2026_08_02_18_59_36_298.jpg;0
C:\Users\Tune and Tones\Documents\traindata\IMG\center_2026_08_02_18_59_36_399.jpg;0
C:\Users\Tune and Tones\Documents\traindata\IMG\center_2026_08_02_18_59_36_499.jpg;0
C:\Users\Tune and Tones\Documents\traindata\IMG\center_2026_08_02_18_59_36_602.jpg;0
C:\Users\Tune and Tones\Documents\traindata\IMG\center_2026_08_02_18_59_36_704.jpg;0
C:\Users\Tune and Tones\Documents\traindata\IMG\center_2026_08_02_18_59_36_806.jpg;-0.25
C:\Users\Tune and Tones\Documents\traindata\IMG\center_2026_08_02_18_59_36_907.jpg;-0.5000001
C:\Users\Tune and Tones\Documents\traindata\IMG\center_2026_08_02_18_59_37_010.jpg;0
C:\Users\Tune and Tones\Documents\traindata\IMG\center_2026_08_02_18_59_37_111.jpg;0
C:\Users\Tune and Tones\Documents\traindata\IMG\center_2026_08_02_18_59_37_212.jpg;0
C:\Users\Tune and Tones\Documents\traindata\IMG\center_2026_08_02_18_59_37_312.jpg;0
C:\Users\Tune and Tones\Documents\traindata\IMG\center_2026_08_02_18_59_37_410.jpg;0
C:\Users\Tune and Tones\Documents\traindata\IMG\center_2026_08_02_18_59_37_518.jpg;0
C:\Users\Tune and Tones\Documents\traindata\IMG\center_2026_08_02_18_59_37_611.jpg;0
C:\Users\Tune and Tones\Documents\traindata\IMG\center_2026_08_02_18_59_37_711.jpg;0
C:\Users\Tune and Tones\Documents\traindata\IMG\center_2026_08_02_18_59_37_809.jpg;0
C:\Users\Tune and Tones\Documents\traindata\IMG\center_2026_08_02_18_59_37_909.jpg;0
C:\Users\Tune and Tones\Documents\traindata\IMG\center_2026_08_02_18_59_38_004.jpg;0
C:\Users\Tune and Tones\Documents\traindata\IMG\center_2026_08_02_18_59_38_103.jpg;0
C:\Users\Tune and Tones\Documents\traindata\IMG\center_2026_08_02_18_59_38_199.jpg;0
C:\Users\Tune and Tones\Documents\traindata\IMG\center_2026_08_02_18_59_38_297.jpg;0
C:\Users\Tune and Tones\Documents\traindata\IMG\center_2026_08_02_18_59_38_392.jpg;0
C:\Users\Tune and Tones\Documents\traindata\IMG\center_2026_08_02_18_59_38_485.jpg;0
C:\Users\Tune and Tones\Documents\traindata\IMG\center_2026_08_02_18_59_38_576.jpg;0
C:\Users\Tune and Tones\Documents\traindata\IMG\center_2026_08_02_18_59_38_672.jpg;0
C:\Users\Tune and Tones\Documents\traindata\IMG\center_2026_08_02_18_59_38_768.jpg;0
C:\Users\Tune and Tones\Documents\traindata\IMG\center_2026_08_02_18_59_38_878.jpg;0
C:\Users\Tune and Tones\Documents\traindata\IMG\center_2026_08_02_18_59_38_973.jpg;0
C:\Users\Tune and Tones\Documents\traindata\IMG\center_2026_08_02_18_59_39_072.jpg;0
C:\Users\Tune and Tones\Documents\traindata\IMG\center_2026_08_02_18_59_39_169.jpg;-0.25
C:\Users\Tune and Tones\Documents\traindata\IMG\center_2026_08_02_18_59_39_263.jpg;-0.45
C:\Users\Tune and Tones\Documents\traindata\IMG\center_2026_08_02_18_59_39_353.jpg;0
C:\Users\Tune and Tones\Documents\traindata\IMG\center_2026_08_02_18_59_39_450.jpg;0
C:\Users\Tune and Tones\Documents\traindata\IMG\center_2026_08_02_18_59_39_549.jpg;0
C:\Users\Tune and Tones\Documents\traindata\IMG\center_2026_08_02_18_59_39_645.jpg;0
C:\Users\Tune and Tones\Documents\traindata\IMG\center_2026_08_02_18_59_39_750.jpg;0
C:\Users\Tune and Tones\Documents\traindata\IMG\center_2026_08_02_18_59_39_839.jpg;0
C:\Users\Tune and Tones\Documents\traindata\IMG\center_2026_08_02_18_59_39_941.jpg;0
C:\Users\Tune and Tones\Documents\traindata\IMG\center_2026_08_02_18_59_40_028.jpg;0
C:\Users\Tune and Tones\Documents\traindata\IMG\center_2026_08_02_18_59_40_126.jpg;0
C:\Users\Tune and Tones\Documents\traindata\IMG\center_2026_08_02_18_59_40_219.jpg;0
C:\Users\Tune and Tones\Documents\traindata\IMG\center_2026_08_02_18_59_40_315.jpg;0
C:\Users\Tune and Tones\Documents\traindata\IMG\center_2026_08_02_18_59_40_411.jpg;0
C:\Users\Tune and Tones\Documents\traindata\IMG\center_2026_08_02_18_59_40_504.jpg;0
C:\Users\Tune and Tones\Documents\traindata\IMG\center_2026_08_02_18_59_40_602.jpg;0
C:\Users\Tune and Tones\Documents\traindata\IMG\center_2026_08_02_18_59_40_698.jpg;0
C:\Users\Tune and Tones\Documents\traindata\IMG\center_2026_08_02_18_59_40_797.jpg;0
C:\Users\Tune and Tones\Documents\traindata\IMG\center_2026_08_02_18_59_40_891.jpg;0
C:\Users\Tune and Tones\Documents\traindata\IMG\center_2026_08_02_18_59_40_987.jpg;0
C:\Users\Tune and Tones\Documents\traindata\IMG\center_2026_08_02_18_59_41_081.jpg;0
C:\Users\Tune and Tones\Documents\traindata\IMG\center_2026_08_02_18_59_41_184.jpg;0
C:\Users\Tune and Tones\Documents\traindata\IMG\center_2026_08_02_18_59_41_278.jpg;0
C:\Users\Tune and Tones\Documents\traindata\IMG\center_2026_08_02_18_59_41_378.jpg;0
C:\Users\Tune and Tones\Documents\traindata\IMG\center_2026_08_02_18_59_41_474.jpg;0
C:\Users\Tune and Tones\Documents\traindata\IMG\center_2026_08_02_18_59_41_569.jpg;0
C:\Users\Tune and Tones\Documents\traindata\IMG\center_2026_08_02_18_59_41_666.jpg;0
C:\Users\Tune and Tones\Documents\traindata\IMG\center_2026_08_02_18_59_41_762.jpg;0
C:\Users\Tune and Tones\Documents\traindata\IMG\center_2026_08_02_18_59_41_859.jpg;-0.25
C:\Users\Tune and Tones\Documents\traindata\IMG\center_2026_08_02_18_59_41_966.jpg;-0.5000001
C:\Users\Tune and Tones\Documents\traindata\IMG\center_2026_08_02_18_59_42_059.jpg;-0.7500002
C:\Users\Tune and Tones\Documents\traindata\IMG\center_2026_08_02_18_59_42_152.jpg;0
C:\Users\Tune and Tones\Documents\traindata\IMG\center_2026_08_02_18_59_42_245.jpg;0
C:\Users\Tune and Tones\Documents\traindata\IMG\center_2026_08_02_18_59_42_339.jpg;0
C:\Users\Tune and Tones\Documents\traindata\IMG\center_2026_08_02_18_59_42_431.jpg;0
C:\Users\Tune and Tones\Documents\traindata\IMG\center_2026_08_02_18_59_42_524.jpg;0
C:\Users\Tune and Tones\Documents\traindata\IMG\center_2026_08_02_18_59_42_611.jpg;0
C:\Users\Tune and Tones\Documents\traindata\IMG\center_2026_08_02_18_59_42_703.jpg;0
C:\Users\Tune and Tones\Documents\traindata\IMG\center_2026_08_02_18_59_42_793.jpg;0
C:\Users\Tune and Tones\Documents\traindata\IMG\center_2026_08_02_18_59_42_871.jpg;0
C:\Users\Tune and Tones\Documents\traindata\IMG\center_2026_08_02_18_59_42_961.jpg;0
C:\Users\Tune and Tones\Documents\traindata\IMG\center_2026_08_02_18_59_43_053.jpg;0.25
C:\Users\Tune and Tones\Documents\traindata\IMG\center_2026_08_02_18_59_43_141.jpg;0.45
C:\Users\Tune and Tones\Documents\traindata\IMG\center_2026_08_02_18_59_43_229.jpg;0
C:\Users\Tune and Tones\Documents\traindata\IMG\center_2026_08_02_18_59_43_319.jpg;0
C:\Users\Tune and Tones\Documents\traindata\IMG\center_2026_08_02_18_59_43_411.jpg;0
C:\Users\Tune and Tones\Documents\traindata\IMG\center_2026_08_02_18_59_43_499.jpg;0
C:\Users\Tune and Tones\Documents\traindata\IMG\center_2026_08_02_18_59_43_591.jpg;0
C:\Users\Tune and Tones\Documents\traindata\IMG\center_2026_08_02_18_59_43_680.jpg;0
C:\Users\Tune and Tones\Documents\traindata\IMG\center_2026_08_02_18_59_43_771.jpg;0
C:\Users\Tune and Tones\Documents\traindata\IMG\center_2026_08_02_18_59_43_866.jpg;0
C:\Users\Tune and Tones\Documents\traindata\IMG\center_2026_08_02_18_59_43_955.jpg;0
C:\Users\Tune and Tones\Documents\traindata\IMG\center_2026_08_02_18_59_44_049.jpg;0
C:\Users\Tune and Tones\Documents\traindata\IMG\center_2026_08_02_18_59_44_138.jpg;0
C:\Users\Tune and Tones\Documents\traindata\IMG\center_2026_08_02_18_59_44_226.jpg;0
C:\Users\Tune and Tones\Documents\traindata\IMG\center_2026_08_02_18_59_44_318.jpg;0
C:\Users\Tune and Tones\Documents\traindata\IMG\center_2026_08_02_18_59_44_407.jpg;0
C:\Users\Tune and Tones\Documents\traindata\IMG\center_2026_08_02_18_59_44_503.jpg;0
C:\Users\Tune and Tones\Documents\traindata\IMG\center_2026_08_02_18_59_44_589.jpg;0
C:\Users\Tune and Tones\Documents\traindata\IMG\center_2026_08_02_18_59_44_678.jpg;0
C:\Users\Tune and Tones\Documents\traindata\IMG\center_2026_08_02_18_59_44_769.jpg;0
C:\Users\Tune and Tones\Documents\traindata\IMG\center_2026_08_02_18_59_44_860.jpg;0
C:\Users\Tune and Tones\Documents\traindata\IMG\center_2026_08_02_18_59_44_952.jpg;0
C:\Users\Tune and Tones\Documents\traindata\IMG\center_2026_08_02_18_59_45_043.jpg;0
C:\Users\Tune and Tones\Documents\traindata\IMG\center_2026_08_02_18_59_45_135.jpg;-0.25
C:\Users\Tune and Tones\Documents\traindata\IMG\center_2026_08_02_18_59_45_225.jpg;-0.45
C:\Users\Tune and Tones\Documents\traindata\IMG\center_2026_08_02_18_59_45_319.jpg;-0.7
C:\Users\Tune and Tones\Documents\traindata\IMG\center_2026_08_02_18_59_45_410.jpg;0
C:\Users\Tune and Tones\Documents\traindata\IMG\center_2026_08_02_18_59_45_498.jpg;0
C:\Users\Tune and Tones\Documents\traindata\IMG\center_2026_08_02_18_59_45_590.jpg;0
C:\Users\Tune and Tones\Documents\traindata\IMG\center_2026_08_02_18_59_45_677.jpg;0
C:\Users\Tune and Tones\Documents\traindata\IMG\center_2026_08_02_18_59_45_764.jpg;0
C:\Users\Tune and Tones\Documents\traindata\IMG\center_2026_08_02_18_59_45_851.jpg;0
C:\Users\Tune and Tones\Documents\traindata\IMG\center_2026_08_02_18_59_45_935.jpg;0
C:\Users\Tune and Tones\Documents\traindata\IMG\center_2026_08_02_18_59_46_019.jpg;0
C:\Users\Tune and Tones\Documents\traindata\IMG\center_2026_08_02_18_59_46_101.jpg;0
C:\Users\Tune and Tones\Documents\traindata\IMG\center_2026_08_02_18_59_46_189.jpg;0
C:\Users\Tune and Tones\Documents\traindata\IMG\center_2026_08_02_18_59_46_270.jpg;-0.2
C:\Users\Tune and Tones\Documents\traindata\IMG\center_2026_08_02_18_59_46_356.jpg;-0.4
C:\Users\Tune and Tones\Documents\traindata\IMG\center_2026_08_02_18_59_46_438.jpg;-0.6000001
C:\Users\Tune and Tones\Documents\traindata\IMG\center_2026_08_02_18_59_46_523.jpg;0
C:\Users\Tune and Tones\Documents\traindata\IMG\center_2026_08_02_18_59_46_606.jpg;0
C:\Users\Tune and Tones\Documents\traindata\IMG\center_2026_08_02_18_59_46_686.jpg;0
C:\Users\Tune and Tones\Documents\traindata\IMG\center_2026_08_02_18_59_46_775.jpg;0
C:\Users\Tune and Tones\Documents\traindata\IMG\center_2026_08_02_18_59_46_849.jpg;0
C:\Users\Tune and Tones\Documents\traindata\IMG\center_2026_08_02_18_59_46_927.jpg;0
C:\Users\Tune and Tones\Documents\traindata\IMG\center_2026_08_02_18_59_47_008.jpg;0
C:\Users\Tune and Tones\Documents\traindata\IMG\center_2026_08_02_18_59_47_091.jpg;-0.2
C:\Users\Tune and Tones\Documents\traindata\IMG\center_2026_08_02_18_59_47_171.jpg;-0.4
C:\Users\Tune and Tones\Documents\traindata\IMG\center_2026_08_02_18_59_47_253.jpg;0
C:\Users\Tune and Tones\Documents\traindata\IMG\center_2026_08_02_18_59_47_331.jpg;0
C:\Users\Tune and Tones\Documents\traindata\IMG\center_2026_08_02_18_59_47_408.jpg;0
C:\Users\Tune and Tones\Documents\traindata\IMG\center_2026_08_02_18_59_47_489.jpg;0
C:\Users\Tune and Tones\Documents\traindata\IMG\center_2026_08_02_18_59_47_563.jpg;0
C:\Users\Tune and Tones\Documents\traindata\IMG\center_2026_08_02_18_59_47_645.jpg;0
C:\Users\Tune and Tones\Documents\traindata\IMG\center_2026_08_02_18_59_47_720.jpg;0
C:\Users\Tune and Tones\Documents\traindata\IMG\center_2026_08_02_18_59_47_799.jpg;0
C:\Users\Tune and Tones\Documents\traindata\IMG\center_2026_08_02_18_59_47_878.jpg;0
C:\Users\Tune and Tones\Documents\traindata\IMG\center_2026_08_02_18_59_47_955.jpg;0
C:\Users\Tune and Tones\Documents\traindata\IMG\center_2026_08_02_18_59_48_033.jpg;0
C:\Users\Tune and Tones\Documents\traindata\IMG\center_2026_08_02_18_59_48_107.jpg;-0.15
C:\Users\Tune and Tones\Documents\traindata\IMG\center_2026_08_02_18_59_48_188.jpg;-0.4
C:\Users\Tune and Tones\Documents\traindata\IMG\center_2026_08_02_18_59_48_264.jpg;-0.5500001
C:\Users\Tune and Tones\Documents\traindata\IMG\center_2026_08_02_18_59_48_339.jpg;-0.7500002
C:\Users\Tune and Tones\Documents\traindata\IMG\center_2026_08_02_18_59_48_419.jpg;0
C:\Users\Tune and Tones\Documents\traindata\IMG\center_2026_08_02_18_59_48_498.jpg;0
C:\Users\Tune and Tones\Documents\traindata\IMG\center_2026_08_02_18_59_48_576.jpg;0
C:\Users\Tune and Tones\Documents\traindata\IMG\center_2026_08_02_18_59_48_650.jpg;0
C:\Users\Tune and Tones\Documents\traindata\IMG\center_2026_08_02_18_59_48_722.jpg;0
C:\Users\Tune and Tones\Documents\traindata\IMG\center_2026_08_02_18_59_48_799.jpg;0
C:\Users\Tune and Tones\Documents\traindata\IMG\center_2026_08_02_18_59_48_876.jpg;0
C:\Users\Tune and Tones\Documents\traindata\IMG\center_2026_08_02_18_59_48_947.jpg;0
C:\Users\Tune and Tones\Documents\traindata\IMG\center_2026_08_02_18_59_49_023.jpg;0
C:\Users\Tune and Tones\Documents\traindata\IMG\center_2026_08_02_18_59_49_095.jpg;0
C:\Users\Tune and Tones\Documents\traindata\IMG\center_2026_08_02_18_59_49_165.jpg;0
C:\Users\Tune and Tones\Documents\traindata\IMG\center_2026_08_02_18_59_49_239.jpg;0
C:\Users\Tune and Tones\Documents\traindata\IMG\center_2026_08_02_18_59_49_312.jpg;0
C:\Users\Tune and Tones\Documents\traindata\IMG\center_2026_08_02_18_59_49_386.jpg;0
C:\Users\Tune and Tones\Documents\traindata\IMG\center_2026_08_02_18_59_49_462.jpg;0
C:\Users\Tune and Tones\Documents\traindata\IMG\center_2026_08_02_18_59_49_534.jpg;0
C:\Users\Tune and Tones\Documents\traindata\IMG\center_2026_08_02_18_59_49_608.jpg;0
C:\Users\Tune and Tones\Documents\traindata\IMG\center_2026_08_02_18_59_49_681.jpg;0
C:\Users\Tune and Tones\Documents\traindata\IMG\center_2026_08_02_18_59_49_758.jpg;-0.2
C:\Users\Tune and Tones\Documents\traindata\IMG\center_2026_08_02_18_59_49_832.jpg;-0.4
C:\Users\Tune and Tones\Documents\traindata\IMG\center_2026_08_02_18_59_49_901.jpg;-0.5500001
C:\Users\Tune and Tones\Documents\traindata\IMG\center_2026_08_02_18_59_49_975.jpg;-0.7500002
C:\Users\Tune and Tones\Documents\traindata\IMG\center_2026_08_02_18_59_50_054.jpg;-0.9500002
C:\Users\Tune and Tones\Documents\traindata\IMG\center_2026_08_02_18_59_50_122.jpg;0
C:\Users\Tune and Tones\Documents\traindata\IMG\center_2026_08_02_18_59_50_195.jpg;0
C:\Users\Tune and Tones\Documents\traindata\IMG\center_2026_08_02_18_59_50_266.jpg;0
C:\Users\Tune and Tones\Documents\traindata\IMG\center_2026_08_02_18_59_50_339.jpg;0
C:\Users\Tune and Tones\Documents\traindata\IMG\center_2026_08_02_18_59_50_415.jpg;0
C:\Users\Tune and Tones\Documents\traindata\IMG\center_2026_08_02_18_59_50_488.jpg;0
C:\Users\Tune and Tones\Documents\traindata\IMG\center_2026_08_02_18_59_50_558.jpg;0
C:\Users\Tune and Tones\Documents\traindata\IMG\center_2026_08_02_18_59_50_628.jpg;0
C:\Users\Tune and Tones\Documents\traindata\IMG\center_2026_08_02_18_59_50_703.jpg;0
C:\Users\Tune and Tones\Documents\traindata\IMG\center_2026_08_02_18_59_50_773.jpg;0
C:\Users\Tune and Tones\Documents\traindata\IMG\center_2026_08_02_18_59_50_846.jpg;0
C:\Users\Tune and Tones\Documents\traindata\IMG\center_2026_08_02_18_59_50_918.jpg;0
C:\Users\Tune and Tones\Documents\traindata\IMG\center_2026_08_02_18_59_50_992.jpg;0
C:\Users\Tune and Tones\Documents\traindata\IMG\center_2026_08_02_18_59_51_062.jpg;0
C:\Users\Tune and Tones\Documents\traindata\IMG\center_2026_08_02_18_59_51_138.jpg;0
C:\Users\Tune and Tones\Documents\traindata\IMG\center_2026_08_02_18_59_51_210.jpg;0
C:\Users\Tune and Tones\Documents\traindata\IMG\center_2026_08_02_18_59_51_279.jpg;0
C:\Users\Tune and Tones\Documents\traindata\IMG\center_2026_08_02_18_59_51_350.jpg;0
C:\Users\Tune and Tones\Documents\traindata\IMG\center_2026_08_02_18_59_51_423.jpg;0
C:\Users\Tune and Tones\Documents\traindata\IMG\center_2026_08_02_18_59_51_495.jpg;0
C:\Users\Tune and Tones\Documents\traindata\IMG\center_2026_08_02_18_59_51_570.jpg;0
C:\Users\Tune and Tones\Documents\traindata\IMG\center_2026_08_02_18_59_51_645.jpg;0
C:\Users\Tune and Tones\Documents\traindata\IMG\center_2026_08_02_18_59_51_713.jpg;0
C:\Users\Tune and Tones\Documents\traindata\IMG\center_2026_08_02_18_59_51_789.jpg;-0.2
C:\Users\Tune and Tones\Documents\traindata\IMG\center_2026_08_02_18_59_51_859.jpg;-0.35
C:\Users\Tune and Tones\Documents\traindata\IMG\center_2026_08_02_18_59_51_932.jpg;-0.5500001
C:\Users\Tune and Tones\Documents\traindata\IMG\center_2026_08_02_18_59_52_006.jpg;0
C:\Users\Tune and Tones\Documents\traindata\IMG\center_2026_08_02_18_59_52_081.jpg;0
C:\Users\Tune and Tones\Documents\traindata\IMG\center_2026_08_02_18_59_52_153.jpg;0
C:\Users\Tune and Tones\Documents\traindata\IMG\center_2026_08_02_18_59_52_229.jpg;0
C:\Users\Tune and Tones\Documents\traindata\IMG\center_2026_08_02_18_59_52_304.jpg;0
C:\Users\Tune and Tones\Documents\traindata\IMG\center_2026_08_02_18_59_52_379.jpg;0
C:\Users\Tune and Tones\Documents\traindata\IMG\center_2026_08_02_18_59_52_455.jpg;0
C:\Users\Tune and Tones\Documents\traindata\IMG\center_2026_08_02_18_59_52_529.jpg;0
C:\Users\Tune and Tones\Documents\traindata\IMG\center_2026_08_02_18_59_52_603.jpg;0
C:\Users\Tune and Tones\Documents\traindata\IMG\center_2026_08_02_18_59_52_681.jpg;-0.2
C:\Users\Tune and Tones\Documents\traindata\IMG\center_2026_08_02_18_59_52_757.jpg;-0.4
C:\Users\Tune and Tones\Documents\traindata\IMG\center_2026_08_02_18_59_52_832.jpg;-0.6000001
C:\Users\Tune and Tones\Documents\traindata\IMG\center_2026_08_02_18_59_52_911.jpg;-0.8000001
C:\Users\Tune and Tones\Documents\traindata\IMG\center_2026_08_02_18_59_52_991.jpg;0
C:\Users\Tune and Tones\Documents\traindata\IMG\center_2026_08_02_18_59_53_064.jpg;0
C:\Users\Tune and Tones\Documents\traindata\IMG\center_2026_08_02_18_59_53_151.jpg;0
C:\Users\Tune and Tones\Documents\traindata\IMG\center_2026_08_02_18_59_53_229.jpg;0
C:\Users\Tune and Tones\Documents\traindata\IMG\center_2026_08_02_18_59_53_311.jpg;0
C:\Users\Tune and Tones\Documents\traindata\IMG\center_2026_08_02_18_59_53_386.jpg;0
C:\Users\Tune and Tones\Documents\traindata\IMG\center_2026_08_02_18_59_53_462.jpg;0
C:\Users\Tune and Tones\Documents\traindata\IMG\center_2026_08_02_18_59_53_544.jpg;0
C:\Users\Tune and Tones\Documents\traindata\IMG\center_2026_08_02_18_59_53_622.jpg;0
C:\Users\Tune and Tones\Documents\traindata\IMG\center_2026_08_02_18_59_53_700.jpg;0
C:\Users\Tune and Tones\Documents\traindata\IMG\center_2026_08_02_18_59_53_783.jpg;-0.2
C:\Users\Tune and Tones\Documents\traindata\IMG\center_2026_08_02_18_59_53_859.jpg;-0.4
C:\Users\Tune and Tones\Documents\traindata\IMG\center_2026_08_02_18_59_53_932.jpg;-0.6000001
C:\Users\Tune and Tones\Documents\traindata\IMG\center_2026_08_02_18_59_54_011.jpg;0
C:\Users\Tune and Tones\Documents\traindata\IMG\center_2026_08_02_18_59_54_096.jpg;0
C:\Users\Tune and Tones\Documents\traindata\IMG\center_2026_08_02_18_59_54_174.jpg;0
C:\Users\Tune and Tones\Documents\traindata\IMG\center_2026_08_02_18_59_54_250.jpg;0
C:\Users\Tune and Tones\Documents\traindata\IMG\center_2026_08_02_18_59_54_333.jpg;0
C:\Users\Tune and Tones\Documents\traindata\IMG\center_2026_08_02_18_59_54_413.jpg;0
C:\Users\Tune and Tones\Documents\traindata\IMG\center_2026_08_02_18_59_54_490.jpg;0
C:\Users\Tune and Tones\Documents\traindata\IMG\center_2026_08_02_18_59_54_568.jpg;0
C:\Users\Tune and Tones\Documents\traindata\IMG\center_2026_08_02_18_59_54_645.jpg;0
C:\Users\Tune and Tones\Documents\traindata\IMG\center_2026_08_02_18_59_54_724.jpg;0
C:\Users\Tune and Tones\Documents\traindata\IMG\center_2026_08_02_18_59_54_801.jpg;0
C:\Users\Tune and Tones\Documents\traindata\IMG\center_2026_08_02_18_59_54_881.jpg;0
C:\Users\Tune and Tones\Documents\traindata\IMG\center_2026_08_02_18_59_54_955.jpg;0
C:\Users\Tune and Tones\Documents\traindata\IMG\center_2026_08_02_18_59_55_035.jpg;0
C:\Users\Tune and Tones\Documents\traindata\IMG\center_2026_08_02_18_59_55_112.jpg;0
C:\Users\Tune and Tones\Documents\traindata\IMG\center_2026_08_02_18_59_55_191.jpg;0
C:\Users\Tune and Tones\Documents\traindata\IMG\center_2026_08_02_18_59_55_273.jpg;0
C:\Users\Tune and Tones\Documents\traindata\IMG\center_2026_08_02_18_59_55_346.jpg;0
C:\Users\Tune and Tones\Documents\traindata\IMG\center_2026_08_02_18_59_55_423.jpg;0
C:\Users\Tune and Tones\Documents\traindata\IMG\center_2026_08_02_18_59_55_497.jpg;0
C:\Users\Tune and Tones\Documents\traindata\IMG\center_2026_08_02_18_59_55_570.jpg;0
C:\Users\Tune and Tones\Documents\traindata\IMG\center_2026_08_02_18_59_55_648.jpg;0
C:\Users\Tune and Tones\Documents\traindata\IMG\center_2026_08_02_18_59_55_728.jpg;0
C:\Users\Tune and Tones\Documents\traindata\IMG\center_2026_08_02_18_59_55_804.jpg;0
C:\Users\Tune and Tones\Documents\traindata\IMG\center_2026_08_02_18_59_55_882.jpg;-0.2
C:\Users\Tune and Tones\Documents\traindata\IMG\center_2026_08_02_18_59_55_958.jpg;-0.4
C:\Users\Tune and Tones\Documents\traindata\IMG\center_2026_08_02_18_59_56_037.jpg;0
C:\Users\Tune and Tones\Documents\traindata\IMG\center_2026_08_02_18_59_56_116.jpg;0
C:\Users\Tune and Tones\Documents\traindata\IMG\center_2026_08_02_18_59_56_192.jpg;0
C:\Users\Tune and Tones\Documents\traindata\IMG\center_2026_08_02_18_59_56_272.jpg;0
C:\Users\Tune and Tones\Documents\traindata\IMG\center_2026_08_02_18_59_56_354.jpg;0
C:\Users\Tune and Tones\Documents\traindata\IMG\center_2026_08_02_18_59_56_428.jpg;0
C:\Users\Tune and Tones\Documents\traindata\IMG\center_2026_08_02_18_59_56_508.jpg;0
C:\Users\Tune and Tones\Documents\traindata\IMG\center_2026_08_02_18_59_56_586.jpg;0
C:\Users\Tune and Tones\Documents\traindata\IMG\center_2026_08_02_18_59_56_667.jpg;0
C:\Users\Tune and Tones\Documents\traindata\IMG\center_2026_08_02_18_59_56_742.jpg;0
C:\Users\Tune and Tones\Documents\traindata\IMG\center_2026_08_02_18_59_56_823.jpg;0
C:\Users\Tune and Tones\Documents\traindata\IMG\center_2026_08_02_18_59_56_903.jpg;-0.2
C:\Users\Tune and Tones\Documents\traindata\IMG\center_2026_08_02_18_59_56_981.jpg;-0.4
C:\Users\Tune and Tones\Documents\traindata\IMG\center_2026_08_02_18_59_57_060.jpg;-0.6000001
C:\Users\Tune and Tones\Documents\traindata\IMG\center_2026_08_02_18_59_57_137.jpg;-0.8000001
C:\Users\Tune and Tones\Documents\traindata\IMG\center_2026_08_02_18_59_57_217.jpg;0
C:\Users\Tune and Tones\Documents\traindata\IMG\center_2026_08_02_18_59_57_298.jpg;0
C:\Users\Tune and Tones\Documents\traindata\IMG\center_2026_08_02_18_59_57_384.jpg;0
C:\Users\Tune and Tones\Documents\traindata\IMG\center_2026_08_02_18_59_57_466.jpg;0
C:\Users\Tune and Tones\Documents\traindata\IMG\center_2026_08_02_18_59_57_544.jpg;0
C:\Users\Tune and Tones\Documents\traindata\IMG\center_2026_08_02_18_59_57_621.jpg;0
C:\Users\Tune and Tones\Documents\traindata\IMG\center_2026_08_02_18_59_57_704.jpg;0
C:\Users\Tune and Tones\Documents\traindata\IMG\center_2026_08_02_18_59_57_786.jpg;0.2
C:\Users\Tune and Tones\Documents\traindata\IMG\center_2026_08_02_18_59_57_864.jpg;0.4
C:\Users\Tune and Tones\Documents\traindata\IMG\center_2026_08_02_18_59_57_938.jpg;0.6000001
C:\Users\Tune and Tones\Documents\traindata\IMG\center_2026_08_02_18_59_58_021.jpg;0.8000001
C:\Users\Tune and Tones\Documents\traindata\IMG\center_2026_08_02_18_59_58_097.jpg;0
C:\Users\Tune and Tones\Documents\traindata\IMG\center_2026_08_02_18_59_58_173.jpg;0
C:\Users\Tune and Tones\Documents\traindata\IMG\center_2026_08_02_18_59_58_242.jpg;0
C:\Users\Tune and Tones\Documents\traindata\IMG\center_2026_08_02_18_59_58_317.jpg;0
C:\Users\Tune and Tones\Documents\traindata\IMG\center_2026_08_02_18_59_58_390.jpg;0
C:\Users\Tune and Tones\Documents\traindata\IMG\center_2026_08_02_18_59_58_465.jpg;0
C:\Users\Tune and Tones\Documents\traindata\IMG\center_2026_08_02_18_59_58_539.jpg;0
C:\Users\Tune and Tones\Documents\traindata\IMG\center_2026_08_02_18_59_58_616.jpg;-0.2
C:\Users\Tune and Tones\Documents\traindata\IMG\center_2026_08_02_18_59_58_681.jpg;-0.35
C:\Users\Tune and Tones\Documents\traindata\IMG\center_2026_08_02_18_59_58_754.jpg;-0.5500001
C:\Users\Tune and Tones\Documents\traindata\IMG\center_2026_08_02_18_59_58_831.jpg;0
C:\Users\Tune and Tones\Documents\traindata\IMG\center_2026_08_02_18_59_58_901.jpg;0
C:\Users\Tune and Tones\Documents\traindata\IMG\center_2026_08_02_18_59_58_974.jpg;0
C:\Users\Tune and Tones\Documents\traindata\IMG\center_2026_08_02_18_59_59_046.jpg;0
C:\Users\Tune and Tones\Documents\traindata\IMG\center_2026_08_02_18_59_59_117.jpg;0
C:\Users\Tune and Tones\Documents\traindata\IMG\center_2026_08_02_18_59_59_185.jpg;0
C:\Users\Tune and Tones\Documents\traindata\IMG\center_2026_08_02_18_59_59_259.jpg;0
C:\Users\Tune and Tones\Documents\traindata\IMG\center_2026_08_02_18_59_59_331.jpg;0
C:\Users\Tune and Tones\Documents\traindata\IMG\center_2026_08_02_18_59_59_401.jpg;0
C:\Users\Tune and Tones\Documents\traindata\IMG\center_2026_08_02_18_59_59_478.jpg;0
C:\Users\Tune and Tones\Documents\traindata\IMG\center_2026_08_02_18_59_59_549.jpg;0
C:\Users\Tune and Tones\Documents\traindata\IMG\center_2026_08_02_18_59_59_620.jpg;0
C:\Users\Tune and Tones\Documents\traindata\IMG\center_2026_08_02_18_59_59_690.jpg;0
C:\Users\Tune and Tones\Documents\traindata\IMG\center_2026_08_02_18_59_59_765.jpg;0
C:\Users\Tune and Tones\Documents\traindata\IMG\center_2026_08_02_18_59_59_836.jpg;0
C:\Users\Tune and Tones\Documents\traindata\IMG\center_2026_08_02_18_59_59_911.jpg;0
C:\Users\Tune and Tones\Documents\traindata\IMG\center_2026_08_02_18_59_59_986.jpg;0
C:\Users\Tune and Tones\Documents\traindata\IMG\center_2026_08_02_19_00_00_058.jpg;-0.2
C:\Users\Tune and Tones\Documents\traindata\IMG\center_2026_08_02_19_00_00_130.jpg;-0.4
C:\Users\Tune and Tones\Documents\traindata\IMG\center_2026_08_02_19_00_00_206.jpg;0
C:\Users\Tune and Tones\Documents\traindata\IMG\center_2026_08_02_19_00_00_285.jpg;0
C:\Users\Tune and Tones\Documents\traindata\IMG\center_2026_08_02_19_00_00_360.jpg;0
C:\Users\Tune and Tones\Documents\traindata\IMG\center_2026_08_02_19_00_00_432.jpg;0
C:\Users\Tune and Tones\Documents\traindata\IMG\center_2026_08_02_19_00_00_505.jpg;0
C:\Users\Tune and Tones\Documents\traindata\IMG\center_2026_08_02_19_00_00_577.jpg;0
C:\Users\Tune and Tones\Documents\traindata\IMG\center_2026_08_02_19_00_00_648.jpg;0
C:\Users\Tune and Tones\Documents\traindata\IMG\center_2026_08_02_19_00_00_723.jpg;0.15
C:\Users\Tune and Tones\Documents\traindata\IMG\center_2026_08_02_19_00_00_796.jpg;0.35
C:\Users\Tune and Tones\Documents\traindata\IMG\center_2026_08_02_19_00_00_869.jpg;0
C:\Users\Tune and Tones\Documents\traindata\IMG\center_2026_08_02_19_00_00_942.jpg;0
C:\Users\Tune and Tones\Documents\traindata\IMG\center_2026_08_02_19_00_01_021.jpg;0
C:\Users\Tune and Tones\Documents\traindata\IMG\center_2026_08_02_19_00_01_092.jpg;0
C:\Users\Tune and Tones\Documents\traindata\IMG\center_2026_08_02_19_00_01_167.jpg;0
C:\Users\Tune and Tones\Documents\traindata\IMG\center_2026_08_02_19_00_01_242.jpg;0
C:\Users\Tune and Tones\Documents\traindata\IMG\center_2026_08_02_19_00_01_316.jpg;0
C:\Users\Tune and Tones\Documents\traindata\IMG\center_2026_08_02_19_00_01_390.jpg;-0.2
C:\Users\Tune and Tones\Documents\traindata\IMG\center_2026_08_02_19_00_01_463.jpg;0
C:\Users\Tune and Tones\Documents\traindata\IMG\center_2026_08_02_19_00_01_538.jpg;0
C:\Users\Tune and Tones\Documents\traindata\IMG\center_2026_08_02_19_00_01_614.jpg;0
C:\Users\Tune and Tones\Documents\traindata\IMG\center_2026_08_02_19_00_01_690.jpg;0
C:\Users\Tune and Tones\Documents\traindata\IMG\center_2026_08_02_19_00_01_763.jpg;0
C:\Users\Tune and Tones\Documents\traindata\IMG\center_2026_08_02_19_00_01_844.jpg;0
C:\Users\Tune and Tones\Documents\traindata\IMG\center_2026_08_02_19_00_01_918.jpg;0
C:\Users\Tune and Tones\Documents\traindata\IMG\center_2026_08_02_19_00_01_994.jpg;0
C:\Users\Tune and Tones\Documents\traindata\IMG\center_2026_08_02_19_00_02_067.jpg;0
C:\Users\Tune and Tones\Documents\traindata\IMG\center_2026_08_02_19_00_02_145.jpg;0
C:\Users\Tune and Tones\Documents\traindata\IMG\center_2026_08_02_19_00_02_222.jpg;0
C:\Users\Tune and Tones\Documents\traindata\IMG\center_2026_08_02_19_00_02_301.jpg;0
C:\Users\Tune and Tones\Documents\traindata\IMG\center_2026_08_02_19_00_02_375.jpg;0
C:\Users\Tune and Tones\Documents\traindata\IMG\center_2026_08_02_19_00_02_445.jpg;0
C:\Users\Tune and Tones\Documents\traindata\IMG\center_2026_08_02_19_00_02_524.jpg;0
C:\Users\Tune and Tones\Documents\traindata\IMG\center_2026_08_02_19_00_02_605.jpg;-0.2
C:\Users\Tune and Tones\Documents\traindata\IMG\center_2026_08_02_19_00_02_677.jpg;-0.4
C:\Users\Tune and Tones\Documents\traindata\IMG\center_2026_08_02_19_00_02_754.jpg;-0.6000001
C:\Users\Tune and Tones\Documents\traindata\IMG\center_2026_08_02_19_00_02_833.jpg;0
C:\Users\Tune and Tones\Documents\traindata\IMG\center_2026_08_02_19_00_02_907.jpg;0
C:\Users\Tune and Tones\Documents\traindata\IMG\center_2026_08_02_19_00_02_982.jpg;0
C:\Users\Tune and Tones\Documents\traindata\IMG\center_2026_08_02_19_00_03_066.jpg;0
C:\Users\Tune and Tones\Documents\traindata\IMG\center_2026_08_02_19_00_03_147.jpg;0
C:\Users\Tune and Tones\Documents\traindata\IMG\center_2026_08_02_19_00_03_221.jpg;0
C:\Users\Tune and Tones\Documents\traindata\IMG\center_2026_08_02_19_00_03_301.jpg;0.2
C:\Users\Tune and Tones\Documents\traindata\IMG\center_2026_08_02_19_00_03_384.jpg;0.4
C:\Users\Tune and Tones\Documents\traindata\IMG\center_2026_08_02_19_00_03_455.jpg;0
C:\Users\Tune and Tones\Documents\traindata\IMG\center_2026_08_02_19_00_03_540.jpg;0
C:\Users\Tune and Tones\Documents\traindata\IMG\center_2026_08_02_19_00_03_607.jpg;0
C:\Users\Tune and Tones\Documents\traindata\IMG\center_2026_08_02_19_00_03_679.jpg;0
C:\Users\Tune and Tones\Documents\traindata\IMG\center_2026_08_02_19_00_03_758.jpg;0
C:\Users\Tune and Tones\Documents\traindata\IMG\center_2026_08_02_19_00_03_838.jpg;0
C:\Users\Tune and Tones\Documents\traindata\IMG\center_2026_08_02_19_00_03_913.jpg;0
C:\Users\Tune and Tones\Documents\traindata\IMG\center_2026_08_02_19_00_03_990.jpg;0
C:\Users\Tune and Tones\Documents\traindata\IMG\center_2026_08_02_19_00_04_073.jpg;0
C:\Users\Tune and Tones\Documents\traindata\IMG\center_2026_08_02_19_00_04_148.jpg;0
C:\Users\Tune and Tones\Documents\traindata\IMG\center_2026_08_02_19_00_04_225.jpg;0
C:\Users\Tune and Tones\Documents\traindata\IMG\center_2026_08_02_19_00_04_305.jpg;0
C:\Users\Tune and Tones\Documents\traindata\IMG\center_2026_08_02_19_00_04_387.jpg;0
C:\Users\Tune and Tones\Documents\traindata\IMG\center_2026_08_02_19_00_04_462.jpg;0
C:\Users\Tune and Tones\Documents\traindata\IMG\center_2026_08_02_19_00_04_546.jpg;0
C:\Users\Tune and Tones\Documents\traindata\IMG\center_2026_08_02_19_00_04_620.jpg;0
C:\Users\Tune and Tones\Documents\traindata\IMG\center_2026_08_02_19_00_04_699.jpg;0
C:\Users\Tune and Tones\Documents\traindata\IMG\center_2026_08_02_19_00_04_782.jpg;0
C:\Users\Tune and Tones\Documents\traindata\IMG\center_2026_08_02_19_00_04_861.jpg;0.2
C:\Users\Tune and Tones\Documents\traindata\IMG\center_2026_08_02_19_00_04_941.jpg;0
C:\Users\Tune and Tones\Documents\traindata\IMG\center_2026_08_02_19_00_05_028.jpg;0
C:\Users\Tune and Tones\Documents\traindata\IMG\center_2026_08_02_19_00_05_110.jpg;0
C:\Users\Tune and Tones\Documents\traindata\IMG\center_2026_08_02_19_00_05_190.jpg;0
C:\Users\Tune and Tones\Documents\traindata\IMG\center_2026_08_02_19_00_05_276.jpg;0
C:\Users\Tune and Tones\Documents\traindata\IMG\center_2026_08_02_19_00_05_356.jpg;0
C:\Users\Tune and Tones\Documents\traindata\IMG\center_2026_08_02_19_00_05_442.jpg;0
C:\Users\Tune and Tones\Documents\traindata\IMG\center_2026_08_02_19_00_05_526.jpg;0
C:\Users\Tune and Tones\Documents\traindata\IMG\center_2026_08_02_19_00_05_613.jpg;0
C:\Users\Tune and Tones\Documents\traindata\IMG\center_2026_08_02_19_00_05_694.jpg;0
C:\Users\Tune and Tones\Documents\traindata\IMG\center_2026_08_02_19_00_05_780.jpg;0
C:\Users\Tune and Tones\Documents\traindata\IMG\center_2026_08_02_19_00_05_872.jpg;0.25
C:\Users\Tune and Tones\Documents\traindata\IMG\center_2026_08_02_19_00_05_961.jpg;0.45
C:\Users\Tune and Tones\Documents\traindata\IMG\center_2026_08_02_19_00_06_046.jpg;0
C:\Users\Tune and Tones\Documents\traindata\IMG\center_2026_08_02_19_00_06_128.jpg;0
C:\Users\Tune and Tones\Documents\traindata\IMG\center_2026_08_02_19_00_06_216.jpg;0
C:\Users\Tune and Tones\Documents\traindata\IMG\center_2026_08_02_19_00_06_298.jpg;0
C:\Users\Tune and Tones\Documents\traindata\IMG\center_2026_08_02_19_00_06_391.jpg;0
C:\Users\Tune and Tones\Documents\traindata\IMG\center_2026_08_02_19_00_06_468.jpg;0
C:\Users\Tune and Tones\Documents\traindata\IMG\center_2026_08_02_19_00_06_556.jpg;0
C:\Users\Tune and Tones\Documents\traindata\IMG\center_2026_08_02_19_00_06_646.jpg;0
C:\Users\Tune and Tones\Documents\traindata\IMG\center_2026_08_02_19_00_06_735.jpg;0
C:\Users\Tune and Tones\Documents\traindata\IMG\center_2026_08_02_19_00_06_816.jpg;0
C:\Users\Tune and Tones\Documents\traindata\IMG\center_2026_08_02_19_00_06_908.jpg;0
C:\Users\Tune and Tones\Documents\traindata\IMG\center_2026_08_02_19_00_06_998.jpg;0
C:\Users\Tune and Tones\Documents\traindata\IMG\center_2026_08_02_19_00_07_086.jpg;-0.2
C:\Users\Tune and Tones\Documents\traindata\IMG\center_2026_08_02_19_00_07_173.jpg;-0.45
C:\Users\Tune and Tones\Documents\traindata\IMG\center_2026_08_02_19_00_07_263.jpg;0
C:\Users\Tune and Tones\Documents\traindata\IMG\center_2026_08_02_19_00_07_355.jpg;0
C:\Users\Tune and Tones\Documents\traindata\IMG\center_2026_08_02_19_00_07_445.jpg;0
C:\Users\Tune and Tones\Documents\traindata\IMG\center_2026_08_02_19_00_07_539.jpg;0
C:\Users\Tune and Tones\Documents\traindata\IMG\center_2026_08_02_19_00_07_636.jpg;0
C:\Users\Tune and Tones\Documents\traindata\IMG\center_2026_08_02_19_00_07_730.jpg;0
C:\Users\Tune and Tones\Documents\traindata\IMG\center_2026_08_02_19_00_07_829.jpg;0
C:\Users\Tune and Tones\Documents\traindata\IMG\center_2026_08_02_19_00_07_922.jpg;0
C:\Users\Tune and Tones\Documents\traindata\IMG\center_2026_08_02_19_00_08_015.jpg;0
C:\Users\Tune and Tones\Documents\traindata\IMG\center_2026_08_02_19_00_08_110.jpg;0
C:\Users\Tune and Tones\Documents\traindata\IMG\center_2026_08_02_19_00_08_217.jpg;0
C:\Users\Tune and Tones\Documents\traindata\IMG\center_2026_08_02_19_00_08_306.jpg;0
C:\Users\Tune and Tones\Documents\traindata\IMG\center_2026_08_02_19_00_08_402.jpg;0
C:\Users\Tune and Tones\Documents\traindata\IMG\center_2026_08_02_19_00_08_501.jpg;0
C:\Users\Tune and Tones\Documents\traindata\IMG\center_2026_08_02_19_00_08_601.jpg;0
C:\Users\Tune and Tones\Documents\traindata\IMG\center_2026_08_02_19_00_08_765.jpg;0
C:\Users\Tune and Tones\Documents\traindata\IMG\center_2026_08_02_19_00_08_793.jpg;-0.25
C:\Users\Tune and Tones\Documents\traindata\IMG\center_2026_08_02_19_00_08_887.jpg;-0.45
C:\Users\Tune and Tones\Documents\traindata\IMG\center_2026_08_02_19_00_08_986.jpg;0
C:\Users\Tune and Tones\Documents\traindata\IMG\center_2026_08_02_19_00_09_094.jpg;0
C:\Users\Tune and Tones\Documents\traindata\IMG\center_2026_08_02_19_00_09_188.jpg;0
C:\Users\Tune and Tones\Documents\traindata\IMG\center_2026_08_02_19_00_09_287.jpg;0
C:\Users\Tune and Tones\Documents\traindata\IMG\center_2026_08_02_19_00_09_385.jpg;0
C:\Users\Tune and Tones\Documents\traindata\IMG\center_2026_08_02_19_00_09_484.jpg;0
C:\Users\Tune and Tones\Documents\traindata\IMG\center_2026_08_02_19_00_09_586.jpg;0
C:\Users\Tune and Tones\Documents\traindata\IMG\center_2026_08_02_19_00_09_688.jpg;0
C:\Users\Tune and Tones\Documents\traindata\IMG\center_2026_08_02_19_00_09_784.jpg;0
C:\Users\Tune and Tones\Documents\traindata\IMG\center_2026_08_02_19_00_09_877.jpg;0
C:\Users\Tune and Tones\Documents\traindata\IMG\center_2026_08_02_19_00_09_976.jpg;0
C:\Users\Tune and Tones\Documents\traindata\IMG\center_2026_08_02_19_00_10_073.jpg;0
C:\Users\Tune and Tones\Documents\traindata\IMG\center_2026_08_02_19_00_10_172.jpg;0
C:\Users\Tune and Tones\Documents\traindata\IMG\center_2026_08_02_19_00_10_261.jpg;0
C:\Users\Tune and Tones\Documents\traindata\IMG\center_2026_08_02_19_00_10_356.jpg;0
C:\Users\Tune and Tones\Documents\traindata\IMG\center_2026_08_02_19_00_10_458.jpg;-0.25
C:\Users\Tune and Tones\Documents\traindata\IMG\center_2026_08_02_19_00_10_548.jpg;-0.5000001
C:\Users\Tune and Tones\Documents\traindata\IMG\center_2026_08_02_19_00_10_644.jpg;0
C:\Users\Tune and Tones\Documents\traindata\IMG\center_2026_08_02_19_00_10_738.jpg;0
C:\Users\Tune and Tones\Documents\traindata\IMG\center_2026_08_02_19_00_10_834.jpg;0
C:\Users\Tune and Tones\Documents\traindata\IMG\center_2026_08_02_19_00_10_936.jpg;0
C:\Users\Tune and Tones\Documents\traindata\IMG\center_2026_08_02_19_00_11_024.jpg;0
C:\Users\Tune and Tones\Documents\traindata\IMG\center_2026_08_02_19_00_11_118.jpg;0
C:\Users\Tune and Tones\Documents\traindata\IMG\center_2026_08_02_19_00_11_214.jpg;0
C:\Users\Tune and Tones\Documents\traindata\IMG\center_2026_08_02_19_00_11_308.jpg;0
C:\Users\Tune and Tones\Documents\traindata\IMG\center_2026_08_02_19_00_11_393.jpg;-0.25
C:\Users\Tune and Tones\Documents\traindata\IMG\center_2026_08_02_19_00_11_481.jpg;-0.45
C:\Users\Tune and Tones\Documents\traindata\IMG\center_2026_08_02_19_00_11_575.jpg;-0.7
C:\Users\Tune and Tones\Documents\traindata\IMG\center_2026_08_02_19_00_11_657.jpg;-0.9000002
C:\Users\Tune and Tones\Documents\traindata\IMG\center_2026_08_02_19_00_11_747.jpg;0
C:\Users\Tune and Tones\Documents\traindata\IMG\center_2026_08_02_19_00_11_843.jpg;0
C:\Users\Tune and Tones\Documents\traindata\IMG\center_2026_08_02_19_00_11_940.jpg;0
C:\Users\Tune and Tones\Documents\traindata\IMG\center_2026_08_02_19_00_12_030.jpg;0
C:\Users\Tune and Tones\Documents\traindata\IMG\center_2026_08_02_19_00_12_119.jpg;0
C:\Users\Tune and Tones\Documents\traindata\IMG\center_2026_08_02_19_00_12_204.jpg;0
C:\Users\Tune and Tones\Documents\traindata\IMG\center_2026_08_02_19_00_12_292.jpg;0
C:\Users\Tune and Tones\Documents\traindata\IMG\center_2026_08_02_19_00_12_381.jpg;0
C:\Users\Tune and Tones\Documents\traindata\IMG\center_2026_08_02_19_00_12_468.jpg;0
C:\Users\Tune and Tones\Documents\traindata\IMG\center_2026_08_02_19_00_12_558.jpg;0
C:\Users\Tune and Tones\Documents\traindata\IMG\center_2026_08_02_19_00_12_644.jpg;0
C:\Users\Tune and Tones\Documents\traindata\IMG\center_2026_08_02_19_00_12_731.jpg;0
C:\Users\Tune and Tones\Documents\traindata\IMG\center_2026_08_02_19_00_12_823.jpg;-0.2
C:\Users\Tune and Tones\Documents\traindata\IMG\center_2026_08_02_19_00_12_916.jpg;-0.45
C:\Users\Tune and Tones\Documents\traindata\IMG\center_2026_08_02_19_00_13_002.jpg;-0.6500001
C:\Users\Tune and Tones\Documents\traindata\IMG\center_2026_08_02_19_00_13_086.jpg;-0.8500001
C:\Users\Tune and Tones\Documents\traindata\IMG\center_2026_08_02_19_00_13_181.jpg;0
C:\Users\Tune and Tones\Documents\traindata\IMG\center_2026_08_02_19_00_13_269.jpg;0
C:\Users\Tune and Tones\Documents\traindata\IMG\center_2026_08_02_19_00_13_356.jpg;0
C:\Users\Tune and Tones\Documents\traindata\IMG\center_2026_08_02_19_00_13_444.jpg;0
C:\Users\Tune and Tones\Documents\traindata\IMG\center_2026_08_02_19_00_13_532.jpg;0
C:\Users\Tune and Tones\Documents\traindata\IMG\center_2026_08_02_19_00_13_618.jpg;0
C:\Users\Tune and Tones\Documents\traindata\IMG\center_2026_08_02_19_00_13_710.jpg;-0.25
C:\Users\Tune and Tones\Documents\traindata\IMG\center_2026_08_02_19_00_13_795.jpg;-0.45
C:\Users\Tune and Tones\Documents\traindata\IMG\center_2026_08_02_19_00_13_886.jpg;-0.6500001
C:\Users\Tune and Tones\Documents\traindata\IMG\center_2026_08_02_19_00_13_976.jpg;-0.9000002
C:\Users\Tune and Tones\Documents\traindata\IMG\center_2026_08_02_19_00_14_065.jpg;-1
C:\Users\Tune and Tones\Documents\traindata\IMG\center_2026_08_02_19_00_14_165.jpg;0
C:\Users\Tune and Tones\Documents\traindata\IMG\center_2026_08_02_19_00_14_246.jpg;0
C:\Users\Tune and Tones\Documents\traindata\IMG\center_2026_08_02_19_00_14_335.jpg;0
C:\Users\Tune and Tones\Documents\traindata\IMG\center_2026_08_02_19_00_14_425.jpg;0
C:\Users\Tune and Tones\Documents\traindata\IMG\center_2026_08_02_19_00_14_517.jpg;0
C:\Users\Tune and Tones\Documents\traindata\IMG\center_2026_08_02_19_00_14_605.jpg;0
C:\Users\Tune and Tones\Documents\traindata\IMG\center_2026_08_02_19_00_14_693.jpg;0
C:\Users\Tune and Tones\Documents\traindata\IMG\center_2026_08_02_19_00_14_779.jpg;0
C:\Users\Tune and Tones\Documents\traindata\IMG\center_2026_08_02_19_00_14_866.jpg;-0.2
C:\Users\Tune and Tones\Documents\traindata\IMG\center_2026_08_02_19_00_14_956.jpg;-0.45
C:\Users\Tune and Tones\Documents\traindata\IMG\center_2026_08_02_19_00_15_053.jpg;-0.7
C:\Users\Tune and Tones\Documents\traindata\IMG\center_2026_08_02_19_00_15_150.jpg;0
C:\Users\Tune and Tones\Documents\traindata\IMG\center_2026_08_02_19_00_15_244.jpg;0
C:\Users\Tune and Tones\Documents\traindata\IMG\center_2026_08_02_19_00_15_336.jpg;0
C:\Users\Tune and Tones\Documents\traindata\IMG\center_2026_08_02_19_00_15_435.jpg;0
C:\Users\Tune and Tones\Documents\traindata\IMG\center_2026_08_02_19_00_15_542.jpg;0
C:\Users\Tune and Tones\Documents\traindata\IMG\center_2026_08_02_19_00_15_636.jpg;0
C:\Users\Tune and Tones\Documents\traindata\IMG\center_2026_08_02_19_00_15_742.jpg;0
C:\Users\Tune and Tones\Documents\traindata\IMG\center_2026_08_02_19_00_15_844.jpg;-0.25
C:\Users\Tune and Tones\Documents\traindata\IMG\center_2026_08_02_19_00_15_937.jpg;-0.5000001
C:\Users\Tune and Tones\Documents\traindata\IMG\center_2026_08_02_19_00_16_035.jpg;-0.7500002
C:\Users\Tune and Tones\Documents\traindata\IMG\center_2026_08_02_19_00_16_139.jpg;-1
C:\Users\Tune and Tones\Documents\traindata\IMG\center_2026_08_02_19_00_16_244.jpg;0
C:\Users\Tune and Tones\Documents\traindata\IMG\center_2026_08_02_19_00_16_339.jpg;0
C:\Users\Tune and Tones\Documents\traindata\IMG\center_2026_08_02_19_00_16_441.jpg;0
C:\Users\Tune and Tones\Documents\traindata\IMG\center_2026_08_02_19_00_16_552.jpg;0
C:\Users\Tune and Tones\Documents\traindata\IMG\center_2026_08_02_19_00_16_646.jpg;0
C:\Users\Tune and Tones\Documents\traindata\IMG\center_2026_08_02_19_00_16_749.jpg;0
C:\Users\Tune and Tones\Documents\traindata\IMG\center_2026_08_02_19_00_16_844.jpg;0
C:\Users\Tune and Tones\Documents\traindata\IMG\center_2026_08_02_19_00_16_942.jpg;0
C:\Users\Tune and Tones\Documents\traindata\IMG\center_2026_08_02_19_00_17_039.jpg;0.25
C:\Users\Tune and Tones\Documents\traindata\IMG\center_2026_08_02_19_00_17_130.jpg;0.5000001
C:\Users\Tune and Tones\Documents\traindata\IMG\center_2026_08_02_19_00_17_226.jpg;0
C:\Users\Tune and Tones\Documents\traindata\IMG\center_2026_08_02_19_00_17_320.jpg;0
C:\Users\Tune and Tones\Documents\traindata\IMG\center_2026_08_02_19_00_17_403.jpg;0
C:\Users\Tune and Tones\Documents\traindata\IMG\center_2026_08_02_19_00_17_496.jpg;0
C:\Users\Tune and Tones\Documents\traindata\IMG\center_2026_08_02_19_00_17_585.jpg;0
C:\Users\Tune and Tones\Documents\traindata\IMG\center_2026_08_02_19_00_17_683.jpg;0
C:\Users\Tune and Tones\Documents\traindata\IMG\center_2026_08_02_19_00_17_775.jpg;0
C:\Users\Tune and Tones\Documents\traindata\IMG\center_2026_08_02_19_00_17_869.jpg;0
C:\Users\Tune and Tones\Documents\traindata\IMG\center_2026_08_02_19_00_17_964.jpg;0
C:\Users\Tune and Tones\Documents\traindata\IMG\center_2026_08_02_19_00_18_061.jpg;0
C:\Users\Tune and Tones\Documents\traindata\IMG\center_2026_08_02_19_00_18_157.jpg;0
C:\Users\Tune and Tones\Documents\traindata\IMG\center_2026_08_02_19_00_18_252.jpg;0
C:\Users\Tune and Tones\Documents\traindata\IMG\center_2026_08_02_19_00_18_347.jpg;0
C:\Users\Tune and Tones\Documents\traindata\IMG\center_2026_08_02_19_00_18_448.jpg;0
C:\Users\Tune and Tones\Documents\traindata\IMG\center_2026_08_02_19_00_18_546.jpg;0
C:\Users\Tune and Tones\Documents\traindata\IMG\center_2026_08_02_19_00_18_649.jpg;0
C:\Users\Tune and Tones\Documents\traindata\IMG\center_2026_08_02_19_00_18_749.jpg;0
C:\Users\Tune and Tones\Documents\traindata\IMG\center_2026_08_02_19_00_18_846.jpg;0
C:\Users\Tune and Tones\Documents\traindata\IMG\center_2026_08_02_19_00_18_946.jpg;0
C:\Users\Tune and Tones\Documents\traindata\IMG\center_2026_08_02_19_00_19_045.jpg;0
C:\Users\Tune and Tones\Documents\traindata\IMG\center_2026_08_02_19_00_19_143.jpg;0
C:\Users\Tune and Tones\Documents\traindata\IMG\center_2026_08_02_19_00_19_234.jpg;0
C:\Users\Tune and Tones\Documents\traindata\IMG\center_2026_08_02_19_00_19_331.jpg;0
C:\Users\Tune and Tones\Documents\traindata\IMG\center_2026_08_02_19_00_19_423.jpg;0
C:\Users\Tune and Tones\Documents\traindata\IMG\center_2026_08_02_19_00_19_509.jpg;0
C:\Users\Tune and Tones\Documents\traindata\IMG\center_2026_08_02_19_00_19_592.jpg;0
C:\Users\Tune and Tones\Documents\traindata\IMG\center_2026_08_02_19_00_19_680.jpg;0
C:\Users\Tune and Tones\Documents\traindata\IMG\center_2026_08_02_19_00_19_770.jpg;0
C:\Users\Tune and Tones\Documents\traindata\IMG\center_2026_08_02_19_00_19_856.jpg;0
C:\Users\Tune and Tones\Documents\traindata\IMG\center_2026_08_02_19_00_19_941.jpg;0
C:\Users\Tune and Tones\Documents\traindata\IMG\center_2026_08_02_19_00_20_031.jpg;0
C:\Users\Tune and Tones\Documents\traindata\IMG\center_2026_08_02_19_00_20_112.jpg;0
C:\Users\Tune and Tones\Documents\traindata\IMG\center_2026_08_02_19_00_20_201.jpg;0
C:\Users\Tune and Tones\Documents\traindata\IMG\center_2026_08_02_19_00_20_278.jpg;0
C:\Users\Tune and Tones\Documents\traindata\IMG\center_2026_08_02_19_00_20_360.jpg;0
C:\Users\Tune and Tones\Documents\traindata\IMG\center_2026_08_02_19_00_20_443.jpg;0
C:\Users\Tune and Tones\Documents\traindata\IMG\center_2026_08_02_19_00_20_517.jpg;0
C:\Users\Tune and Tones\Documents\traindata\IMG\center_2026_08_02_19_00_20_603.jpg;0
C:\Users\Tune and Tones\Documents\traindata\IMG\center_2026_08_02_19_00_20_686.jpg;0
C:\Users\Tune and Tones\Documents\traindata\IMG\center_2026_08_02_19_00_20_761.jpg;0
C:\Users\Tune and Tones\Documents\traindata\IMG\center_2026_08_02_19_00_20_843.jpg;0.2
C:\Users\Tune and Tones\Documents\traindata\IMG\center_2026_08_02_19_00_20_921.jpg;0.4
C:\Users\Tune and Tones\Documents\traindata\IMG\center_2026_08_02_19_00_21_004.jpg;0
C:\Users\Tune and Tones\Documents\traindata\IMG\center_2026_08_02_19_00_21_082.jpg;0
C:\Users\Tune and Tones\Documents\traindata\IMG\center_2026_08_02_19_00_21_158.jpg;0
C:\Users\Tune and Tones\Documents\traindata\IMG\center_2026_08_02_19_00_21_239.jpg;0
C:\Users\Tune and Tones\Documents\traindata\IMG\center_2026_08_02_19_00_21_321.jpg;0
C:\Users\Tune and Tones\Documents\traindata\IMG\center_2026_08_02_19_00_21_401.jpg;0
C:\Users\Tune and Tones\Documents\traindata\IMG\center_2026_08_02_19_00_21_471.jpg;0
C:\Users\Tune and Tones\Documents\traindata\IMG\center_2026_08_02_19_00_21_548.jpg;0
C:\Users\Tune and Tones\Documents\traindata\IMG\center_2026_08_02_19_00_21_623.jpg;0
C:\Users\Tune and Tones\Documents\traindata\IMG\center_2026_08_02_19_00_21_700.jpg;0.2
C:\Users\Tune and Tones\Documents\traindata\IMG\center_2026_08_02_19_00_21_777.jpg;0.4
C:\Users\Tune and Tones\Documents\traindata\IMG\center_2026_08_02_19_00_21_855.jpg;0.6000001
C:\Users\Tune and Tones\Documents\traindata\IMG\center_2026_08_02_19_00_21_931.jpg;0.8000001
C:\Users\Tune and Tones\Documents\traindata\IMG\center_2026_08_02_19_00_22_007.jpg;0
C:\Users\Tune and Tones\Documents\traindata\IMG\center_2026_08_02_19_00_22_084.jpg;0
C:\Users\Tune and Tones\Documents\traindata\IMG\center_2026_08_02_19_00_22_158.jpg;0
C:\Users\Tune and Tones\Documents\traindata\IMG\center_2026_08_02_19_00_22_228.jpg;0
C:\Users\Tune and Tones\Documents\traindata\IMG\center_2026_08_02_19_00_22_308.jpg;0
C:\Users\Tune and Tones\Documents\traindata\IMG\center_2026_08_02_19_00_22_444.jpg;0
C:\Users\Tune and Tones\Documents\traindata\IMG\center_2026_08_02_19_00_22_518.jpg;0
C:\Users\Tune and Tones\Documents\traindata\IMG\center_2026_08_02_19_00_22_587.jpg;0.15
C:\Users\Tune and Tones\Documents\traindata\IMG\center_2026_08_02_19_00_22_656.jpg;0.35
C:\Users\Tune and Tones\Documents\traindata\IMG\center_2026_08_02_19_00_22_726.jpg;0.5000001
C:\Users\Tune and Tones\Documents\traindata\IMG\center_2026_08_02_19_00_22_795.jpg;0
C:\Users\Tune and Tones\Documents\traindata\IMG\center_2026_08_02_19_00_22_865.jpg;0
C:\Users\Tune and Tones\Documents\traindata\IMG\center_2026_08_02_19_00_22_933.jpg;0
C:\Users\Tune and Tones\Documents\traindata\IMG\center_2026_08_02_19_00_23_002.jpg;0
C:\Users\Tune and Tones\Documents\traindata\IMG\center_2026_08_02_19_00_23_137.jpg;0
C:\Users\Tune and Tones\Documents\traindata\IMG\center_2026_08_02_19_00_23_271.jpg;0.35
C:\Users\Tune and Tones\Documents\traindata\IMG\center_2026_08_02_19_00_23_338.jpg;0.5000001
C:\Users\Tune and Tones\Documents\traindata\IMG\center_2026_08_02_19_00_23_408.jpg;0.7
C:\Users\Tune and Tones\Documents\traindata\IMG\center_2026_08_02_19_00_23_533.jpg;1
C:\Users\Tune and Tones\Documents\traindata\IMG\center_2026_08_02_19_00_23_662.jpg;0
C:\Users\Tune and Tones\Documents\traindata\IMG\center_2026_08_02_19_00_23_731.jpg;0
C:\Users\Tune and Tones\Documents\traindata\IMG\center_2026_08_02_19_00_23_798.jpg;0
C:\Users\Tune and Tones\Documents\traindata\IMG\center_2026_08_02_19_00_23_871.jpg;0
C:\Users\Tune and Tones\Documents\traindata\IMG\center_2026_08_02_19_00_24_010.jpg;0.2
C:\Users\Tune and Tones\Documents\traindata\IMG\center_2026_08_02_19_00_24_080.jpg;0.35
C:\Users\Tune and Tones\Documents\traindata\IMG\center_2026_08_02_19_00_24_152.jpg;0.5500001
C:\Users\Tune and Tones\Documents\traindata\IMG\center_2026_08_02_19_00_24_222.jpg;0.7
C:\Users\Tune and Tones\Documents\traindata\IMG\center_2026_08_02_19_00_24_293.jpg;0.9000002
C:\Users\Tune and Tones\Documents\traindata\IMG\center_2026_08_02_19_00_24_365.jpg;1
C:\Users\Tune and Tones\Documents\traindata\IMG\center_2026_08_02_19_00_24_434.jpg;1
C:\Users\Tune and Tones\Documents\traindata\IMG\center_2026_08_02_19_00_24_524.jpg;0
C:\Users\Tune and Tones\Documents\traindata\IMG\center_2026_08_02_19_00_24_595.jpg;0
C:\Users\Tune and Tones\Documents\traindata\IMG\center_2026_08_02_19_00_24_670.jpg;0
C:\Users\Tune and Tones\Documents\traindata\IMG\center_2026_08_02_19_00_24_751.jpg;0
C:\Users\Tune and Tones\Documents\traindata\IMG\center_2026_08_02_19_00_24_827.jpg;0
C:\Users\Tune and Tones\Documents\traindata\IMG\center_2026_08_02_19_00_24_907.jpg;0
C:\Users\Tune and Tones\Documents\traindata\IMG\center_2026_08_02_19_00_24_988.jpg;0
C:\Users\Tune and Tones\Documents\traindata\IMG\center_2026_08_02_19_00_25_064.jpg;0
C:\Users\Tune and Tones\Documents\traindata\IMG\center_2026_08_02_19_00_25_146.jpg;0
C:\Users\Tune and Tones\Documents\traindata\IMG\center_2026_08_02_19_00_25_218.jpg;0
C:\Users\Tune and Tones\Documents\traindata\IMG\center_2026_08_02_19_00_25_297.jpg;0
C:\Users\Tune and Tones\Documents\traindata\IMG\center_2026_08_02_19_00_25_377.jpg;0
C:\Users\Tune and Tones\Documents\traindata\IMG\center_2026_08_02_19_00_25_454.jpg;0
C:\Users\Tune and Tones\Documents\traindata\IMG\center_2026_08_02_19_00_25_532.jpg;0
C:\Users\Tune and Tones\Documents\traindata\IMG\center_2026_08_02_19_00_25_619.jpg;0
C:\Users\Tune and Tones\Documents\traindata\IMG\center_2026_08_02_19_00_25_697.jpg;0
C:\Users\Tune and Tones\Documents\traindata\IMG\center_2026_08_02_19_00_25_773.jpg;0
C:\Users\Tune and Tones\Documents\traindata\IMG\center_2026_08_02_19_00_25_855.jpg;0
C:\Users\Tune and Tones\Documents\traindata\IMG\center_2026_08_02_19_00_25_938.jpg;0
C:\Users\Tune and Tones\Documents\traindata\IMG\center_2026_08_02_19_00_26_015.jpg;0
C:\Users\Tune and Tones\Documents\traindata\IMG\center_2026_08_02_19_00_26_089.jpg;0
C:\Users\Tune and Tones\Documents\traindata\IMG\center_2026_08_02_19_00_26_173.jpg;0
C:\Users\Tune and Tones\Documents\traindata\IMG\center_2026_08_02_19_00_26_250.jpg;0
C:\Users\Tune and Tones\Documents\traindata\IMG\center_2026_08_02_19_00_26_325.jpg;0
C:\Users\Tune and Tones\Documents\traindata\IMG\center_2026_08_02_19_00_26_403.jpg;0
C:\Users\Tune and Tones\Documents\traindata\IMG\center_2026_08_02_19_00_26_481.jpg;0
C:\Users\Tune and Tones\Documents\traindata\IMG\center_2026_08_02_19_00_26_550.jpg;0
C:\Users\Tune and Tones\Documents\traindata\IMG\center_2026_08_02_19_00_26_634.jpg;0
C:\Users\Tune and Tones\Documents\traindata\IMG\center_2026_08_02_19_00_26_705.jpg;0
C:\Users\Tune and Tones\Documents\traindata\IMG\center_2026_08_02_19_00_26_784.jpg;0
C:\Users\Tune and Tones\Documents\traindata\IMG\center_2026_08_02_19_00_26_862.jpg;0
C:\Users\Tune and Tones\Documents\traindata\IMG\center_2026_08_02_19_00_26_941.jpg;0
C:\Users\Tune and Tones\Documents\traindata\IMG\center_2026_08_02_19_00_27_022.jpg;0
C:\Users\Tune and Tones\Documents\traindata\IMG\center_2026_08_02_19_00_27_105.jpg;0
C:\Users\Tune and Tones\Documents\traindata\IMG\center_2026_08_02_19_00_27_186.jpg;0
C:\Users\Tune and Tones\Documents\traindata\IMG\center_2026_08_02_19_00_27_265.jpg;0
C:\Users\Tune and Tones\Documents\traindata\IMG\center_2026_08_02_19_00_27_346.jpg;0
C:\Users\Tune and Tones\Documents\traindata\IMG\center_2026_08_02_19_00_27_422.jpg;0
C:\Users\Tune and Tones\Documents\traindata\IMG\center_2026_08_02_19_00_27_502.jpg;0
C:\Users\Tune and Tones\Documents\traindata\IMG\center_2026_08_02_19_00_27_590.jpg;0
C:\Users\Tune and Tones\Documents\traindata\IMG\center_2026_08_02_19_00_27_665.jpg;0
C:\Users\Tune and Tones\Documents\traindata\IMG\center_2026_08_02_19_00_27_739.jpg;0
C:\Users\Tune and Tones\Documents\traindata\IMG\center_2026_08_02_19_00_27_811.jpg;0
C:\Users\Tune and Tones\Documents\traindata\IMG\center_2026_08_02_19_00_27_894.jpg;0
C:\Users\Tune and Tones\Documents\traindata\IMG\center_2026_08_02_19_00_27_971.jpg;0
C:\Users\Tune and Tones\Documents\traindata\IMG\center_2026_08_02_19_00_28_051.jpg;0
C:\Users\Tune and Tones\Documents\traindata\IMG\center_2026_08_02_19_00_28_128.jpg;0.15
C:\Users\Tune and Tones\Documents\traindata\IMG\center_2026_08_02_19_00_28_209.jpg;0.4
C:\Users\Tune and Tones\Documents\traindata\IMG\center_2026_08_02_19_00_28_286.jpg;0
C:\Users\Tune and Tones\Documents\traindata\IMG\center_2026_08_02_19_00_28_364.jpg;0
C:\Users\Tune and Tones\Documents\traindata\IMG\center_2026_08_02_19_00_28_443.jpg;0
C:\Users\Tune and Tones\Documents\traindata\IMG\center_2026_08_02_19_00_28_517.jpg;0
C:\Users\Tune and Tones\Documents\traindata\IMG\center_2026_08_02_19_00_28_598.jpg;0
C:\Users\Tune and Tones\Documents\traindata\IMG\center_2026_08_02_19_00_28_677.jpg;0
C:\Users\Tune and Tones\Documents\traindata\IMG\center_2026_08_02_19_00_28_755.jpg;0
C:\Users\Tune and Tones\Documents\traindata\IMG\center_2026_08_02_19_00_28_835.jpg;0
C:\Users\Tune and Tones\Documents\traindata\IMG\center_2026_08_02_19_00_28_916.jpg;0
C:\Users\Tune and Tones\Documents\traindata\IMG\center_2026_08_02_19_00_28_992.jpg;0
C:\Users\Tune and Tones\Documents\traindata\IMG\center_2026_08_02_19_00_29_070.jpg;0
C:\Users\Tune and Tones\Documents\traindata\IMG\center_2026_08_02_19_00_29_147.jpg;0
C:\Users\Tune and Tones\Documents\traindata\IMG\center_2026_08_02_19_00_29_227.jpg;0
C:\Users\Tune and Tones\Documents\traindata\IMG\center_2026_08_02_19_00_29_306.jpg;0
C:\Users\Tune and Tones\Documents\traindata\IMG\center_2026_08_02_19_00_29_384.jpg;0
C:\Users\Tune and Tones\Documents\traindata\IMG\center_2026_08_02_19_00_29_458.jpg;0
C:\Users\Tune and Tones\Documents\traindata\IMG\center_2026_08_02_19_00_29_540.jpg;0
C:\Users\Tune and Tones\Documents\traindata\IMG\center_2026_08_02_19_00_29_618.jpg;0
C:\Users\Tune and Tones\Documents\traindata\IMG\center_2026_08_02_19_00_29_694.jpg;0
C:\Users\Tune and Tones\Documents\traindata\IMG\center_2026_08_02_19_00_29_769.jpg;0
C:\Users\Tune and Tones\Documents\traindata\IMG\center_2026_08_02_19_00_29_847.jpg;0
C:\Users\Tune and Tones\Documents\traindata\IMG\center_2026_08_02_19_00_29_923.jpg;0
C:\Users\Tune and Tones\Documents\traindata\IMG\center_2026_08_02_19_00_29_998.jpg;-0.2
C:\Users\Tune and Tones\Documents\traindata\IMG\center_2026_08_02_19_00_30_076.jpg;-0.4
C:\Users\Tune and Tones\Documents\traindata\IMG\center_2026_08_02_19_00_30_151.jpg;0
C:\Users\Tune and Tones\Documents\traindata\IMG\center_2026_08_02_19_00_30_229.jpg;0
C:\Users\Tune and Tones\Documents\traindata\IMG\center_2026_08_02_19_00_30_308.jpg;0
C:\Users\Tune and Tones\Documents\traindata\IMG\center_2026_08_02_19_00_30_386.jpg;0
C:\Users\Tune and Tones\Documents\traindata\IMG\center_2026_08_02_19_00_30_467.jpg;-0.25
C:\Users\Tune and Tones\Documents\traindata\IMG\center_2026_08_02_19_00_30_546.jpg;-0.4
C:\Users\Tune and Tones\Documents\traindata\IMG\center_2026_08_02_19_00_30_628.jpg;-0.6000001
C:\Users\Tune and Tones\Documents\traindata\IMG\center_2026_08_02_19_00_30_707.jpg;0
C:\Users\Tune and Tones\Documents\traindata\IMG\center_2026_08_02_19_00_30_790.jpg;0
C:\Users\Tune and Tones\Documents\traindata\IMG\center_2026_08_02_19_00_30_868.jpg;0
C:\Users\Tune and Tones\Documents\traindata\IMG\center_2026_08_02_19_00_30_953.jpg;0
C:\Users\Tune and Tones\Documents\traindata\IMG\center_2026_08_02_19_00_31_032.jpg;0
C:\Users\Tune and Tones\Documents\traindata\IMG\center_2026_08_02_19_00_31_115.jpg;0
C:\Users\Tune and Tones\Documents\traindata\IMG\center_2026_08_02_19_00_31_199.jpg;0
C:\Users\Tune and Tones\Documents\traindata\IMG\center_2026_08_02_19_00_31_282.jpg;0
C:\Users\Tune and Tones\Documents\traindata\IMG\center_2026_08_02_19_00_31_367.jpg;0
C:\Users\Tune and Tones\Documents\traindata\IMG\center_2026_08_02_19_00_31_450.jpg;0
C:\Users\Tune and Tones\Documents\traindata\IMG\center_2026_08_02_19_00_31_533.jpg;-0.2
C:\Users\Tune and Tones\Documents\traindata\IMG\center_2026_08_02_19_00_31_615.jpg;-0.4
C:\Users\Tune and Tones\Documents\traindata\IMG\center_2026_08_02_19_00_31_700.jpg;-0.6000001
C:\Users\Tune and Tones\Documents\traindata\IMG\center_2026_08_02_19_00_31_783.jpg;0
C:\Users\Tune and Tones\Documents\traindata\IMG\center_2026_08_02_19_00_31_870.jpg;0
C:\Users\Tune and Tones\Documents\traindata\IMG\center_2026_08_02_19_00_31_953.jpg;0
C:\Users\Tune and Tones\Documents\traindata\IMG\center_2026_08_02_19_00_32_038.jpg;0
C:\Users\Tune and Tones\Documents\traindata\IMG\center_2026_08_02_19_00_32_121.jpg;0
C:\Users\Tune and Tones\Documents\traindata\IMG\center_2026_08_02_19_00_32_203.jpg;0
C:\Users\Tune and Tones\Documents\traindata\IMG\center_2026_08_02_19_00_32_289.jpg;0
C:\Users\Tune and Tones\Documents\traindata\IMG\center_2026_08_02_19_00_32_372.jpg;0
C:\Users\Tune and Tones\Documents\traindata\IMG\center_2026_08_02_19_00_32_454.jpg;0
C:\Users\Tune and Tones\Documents\traindata\IMG\center_2026_08_02_19_00_32_538.jpg;0
C:\Users\Tune and Tones\Documents\traindata\IMG\center_2026_08_02_19_00_32_622.jpg;-0.2
C:\Users\Tune and Tones\Documents\traindata\IMG\center_2026_08_02_19_00_32_704.jpg;-0.4
C:\Users\Tune and Tones\Documents\traindata\IMG\center_2026_08_02_19_00_32_789.jpg;-0.6500001
C:\Users\Tune and Tones\Documents\traindata\IMG\center_2026_08_02_19_00_32_873.jpg;-0.8500001
C:\Users\Tune and Tones\Documents\traindata\IMG\center_2026_08_02_19_00_32_963.jpg;0
C:\Users\Tune and Tones\Documents\traindata\IMG\center_2026_08_02_19_00_33_045.jpg;0
C:\Users\Tune and Tones\Documents\traindata\IMG\center_2026_08_02_19_00_33_128.jpg;0
C:\Users\Tune and Tones\Documents\traindata\IMG\center_2026_08_02_19_00_33_215.jpg;0
C:\Users\Tune and Tones\Documents\traindata\IMG\center_2026_08_02_19_00_33_301.jpg;0
C:\Users\Tune and Tones\Documents\traindata\IMG\center_2026_08_02_19_00_33_390.jpg;-0.25
C:\Users\Tune and Tones\Documents\traindata\IMG\center_2026_08_02_19_00_33_479.jpg;-0.45
C:\Users\Tune and Tones\Documents\traindata\IMG\center_2026_08_02_19_00_33_568.jpg;-0.7
C:\Users\Tune and Tones\Documents\traindata\IMG\center_2026_08_02_19_00_33_661.jpg;0
C:\Users\Tune and Tones\Documents\traindata\IMG\center_2026_08_02_19_00_33_748.jpg;0
C:\Users\Tune and Tones\Documents\traindata\IMG\center_2026_08_02_19_00_33_839.jpg;0
C:\Users\Tune and Tones\Documents\traindata\IMG\center_2026_08_02_19_00_33_928.jpg;0
C:\Users\Tune and Tones\Documents\traindata\IMG\center_2026_08_02_19_00_34_019.jpg;0
C:\Users\Tune and Tones\Documents\traindata\IMG\center_2026_08_02_19_00_34_110.jpg;-0.25
C:\Users\Tune and Tones\Documents\traindata\IMG\center_2026_08_02_19_00_34_198.jpg;-0.45
C:\Users\Tune and Tones\Documents\traindata\IMG\center_2026_08_02_19_00_34_292.jpg;-0.7
C:\Users\Tune and Tones\Documents\traindata\IMG\center_2026_08_02_19_00_34_382.jpg;0
C:\Users\Tune and Tones\Documents\traindata\IMG\center_2026_08_02_19_00_34_474.jpg;0
C:\Users\Tune and Tones\Documents\traindata\IMG\center_2026_08_02_19_00_34_562.jpg;0
C:\Users\Tune and Tones\Documents\traindata\IMG\center_2026_08_02_19_00_34_654.jpg;0
C:\Users\Tune and Tones\Documents\traindata\IMG\center_2026_08_02_19_00_34_742.jpg;-0.2
C:\Users\Tune and Tones\Documents\traindata\IMG\center_2026_08_02_19_00_34_831.jpg;-0.45
C:\Users\Tune and Tones\Documents\traindata\IMG\center_2026_08_02_19_00_34_923.jpg;-0.6500001
C:\Users\Tune and Tones\Documents\traindata\IMG\center_2026_08_02_19_00_35_013.jpg;0
C:\Users\Tune and Tones\Documents\traindata\IMG\center_2026_08_02_19_00_35_104.jpg;0
C:\Users\Tune and Tones\Documents\traindata\IMG\center_2026_08_02_19_00_35_187.jpg;0
C:\Users\Tune and Tones\Documents\traindata\IMG\center_2026_08_02_19_00_35_276.jpg;0
C:\Users\Tune and Tones\Documents\traindata\IMG\center_2026_08_02_19_00_35_365.jpg;-0.2
C:\Users\Tune and Tones\Documents\traindata\IMG\center_2026_08_02_19_00_35_454.jpg;-0.45
C:\Users\Tune and Tones\Documents\traindata\IMG\center_2026_08_02_19_00_35_539.jpg;-0.6500001
C:\Users\Tune and Tones\Documents\traindata\IMG\center_2026_08_02_19_00_35_633.jpg;0
C:\Users\Tune and Tones\Documents\traindata\IMG\center_2026_08_02_19_00_35_718.jpg;0
C:\Users\Tune and Tones\Documents\traindata\IMG\center_2026_08_02_19_00_35_806.jpg;0
C:\Users\Tune and Tones\Documents\traindata\IMG\center_2026_08_02_19_00_35_892.jpg;0
C:\Users\Tune and Tones\Documents\traindata\IMG\center_2026_08_02_19_00_35_980.jpg;-0.2
C:\Users\Tune and Tones\Documents\traindata\IMG\center_2026_08_02_19_00_36_068.jpg;-0.45
C:\Users\Tune and Tones\Documents\traindata\IMG\center_2026_08_02_19_00_36_156.jpg;-0.6500001
C:\Users\Tune and Tones\Documents\traindata\IMG\center_2026_08_02_19_00_36_243.jpg;-0.8500001
C:\Users\Tune and Tones\Documents\traindata\IMG\center_2026_08_02_19_00_36_336.jpg;0
C:\Users\Tune and Tones\Documents\traindata\IMG\center_2026_08_02_19_00_36_418.jpg;0
C:\Users\Tune and Tones\Documents\traindata\IMG\center_2026_08_02_19_00_36_516.jpg;0
C:\Users\Tune and Tones\Documents\traindata\IMG\center_2026_08_02_19_00_36_602.jpg;0
C:\Users\Tune and Tones\Documents\traindata\IMG\center_2026_08_02_19_00_36_694.jpg;0
C:\Users\Tune and Tones\Documents\traindata\IMG\center_2026_08_02_19_00_36_790.jpg;0
C:\Users\Tune and Tones\Documents\traindata\IMG\center_2026_08_02_19_00_36_881.jpg;0
C:\Users\Tune and Tones\Documents\traindata\IMG\center_2026_08_02_19_00_36_969.jpg;0
C:\Users\Tune and Tones\Documents\traindata\IMG\center_2026_08_02_19_00_37_061.jpg;0
C:\Users\Tune and Tones\Documents\traindata\IMG\center_2026_08_02_19_00_37_147.jpg;0
C:\Users\Tune and Tones\Documents\traindata\IMG\center_2026_08_02_19_00_37_234.jpg;0
C:\Users\Tune and Tones\Documents\traindata\IMG\center_2026_08_02_19_00_37_326.jpg;0
C:\Users\Tune and Tones\Documents\traindata\IMG\center_2026_08_02_19_00_37_414.jpg;0
C:\Users\Tune and Tones\Documents\traindata\IMG\center_2026_08_02_19_00_37_503.jpg;0
C:\Users\Tune and Tones\Documents\traindata\IMG\center_2026_08_02_19_00_37_591.jpg;0
C:\Users\Tune and Tones\Documents\traindata\IMG\center_2026_08_02_19_00_37_680.jpg;-0.2
C:\Users\Tune and Tones\Documents\traindata\IMG\center_2026_08_02_19_00_37_775.jpg;-0.45
C:\Users\Tune and Tones\Documents\traindata\IMG\center_2026_08_02_19_00_37_863.jpg;0
C:\Users\Tune and Tones\Documents\traindata\IMG\center_2026_08_02_19_00_37_955.jpg;0
C:\Users\Tune and Tones\Documents\traindata\IMG\center_2026_08_02_19_00_38_044.jpg;0
C:\Users\Tune and Tones\Documents\traindata\IMG\center_2026_08_02_19_00_38_142.jpg;0
C:\Users\Tune and Tones\Documents\traindata\IMG\center_2026_08_02_19_00_38_233.jpg;0
C:\Users\Tune and Tones\Documents\traindata\IMG\center_2026_08_02_19_00_38_325.jpg;0
C:\Users\Tune and Tones\Documents\traindata\IMG\center_2026_08_02_19_00_38_417.jpg;0
C:\Users\Tune and Tones\Documents\traindata\IMG\center_2026_08_02_19_00_38_508.jpg;0
C:\Users\Tune and Tones\Documents\traindata\IMG\center_2026_08_02_19_00_38_600.jpg;0
C:\Users\Tune and Tones\Documents\traindata\IMG\center_2026_08_02_19_00_38_694.jpg;0
C:\Users\Tune and Tones\Documents\traindata\IMG\center_2026_08_02_19_00_38_789.jpg;-0.25
C:\Users\Tune and Tones\Documents\traindata\IMG\center_2026_08_02_19_00_38_892.jpg;-0.5000001
C:\Users\Tune and Tones\Documents\traindata\IMG\center_2026_08_02_19_00_38_977.jpg;-0.7
C:\Users\Tune and Tones\Documents\traindata\IMG\center_2026_08_02_19_00_39_075.jpg;0
C:\Users\Tune and Tones\Documents\traindata\IMG\center_2026_08_02_19_00_39_177.jpg;0
C:\Users\Tune and Tones\Documents\traindata\IMG\center_2026_08_02_19_00_39_273.jpg;0
C:\Users\Tune and Tones\Documents\traindata\IMG\center_2026_08_02_19_00_39_367.jpg;0
C:\Users\Tune and Tones\Documents\traindata\IMG\center_2026_08_02_19_00_39_467.jpg;0
C:\Users\Tune and Tones\Documents\traindata\IMG\center_2026_08_02_19_00_39_566.jpg;0
C:\Users\Tune and Tones\Documents\traindata\IMG\center_2026_08_02_19_00_39_660.jpg;0
C:\Users\Tune and Tones\Documents\traindata\IMG\center_2026_08_02_19_00_39_765.jpg;0
C:\Users\Tune and Tones\Documents\traindata\IMG\center_2026_08_02_19_00_39_860.jpg;0
C:\Users\Tune and Tones\Documents\traindata\IMG\center_2026_08_02_19_00_39_955.jpg;0
C:\Users\Tune and Tones\Documents\traindata\IMG\center_2026_08_02_19_00_40_055.jpg;0
C:\Users\Tune and Tones\Documents\traindata\IMG\center_2026_08_02_19_00_40_146.jpg;0
C:\Users\Tune and Tones\Documents\traindata\IMG\center_2026_08_02_19_00_40_243.jpg;0
C:\Users\Tune and Tones\Documents\traindata\IMG\center_2026_08_02_19_00_40_347.jpg;0
C:\Users\Tune and Tones\Documents\traindata\IMG\center_2026_08_02_19_00_40_432.jpg;0
C:\Users\Tune and Tones\Documents\traindata\IMG\center_2026_08_02_19_00_40_523.jpg;-0.2
C:\Users\Tune and Tones\Documents\traindata\IMG\center_2026_08_02_19_00_40_618.jpg;-0.45
C:\Users\Tune and Tones\Documents\traindata\IMG\center_2026_08_02_19_00_40_710.jpg;-0.7
C:\Users\Tune and Tones\Documents\traindata\IMG\center_2026_08_02_19_00_40_807.jpg;0
C:\Users\Tune and Tones\Documents\traindata\IMG\center_2026_08_02_19_00_40_910.jpg;0
C:\Users\Tune and Tones\Documents\traindata\IMG\center_2026_08_02_19_00_41_004.jpg;0
C:\Users\Tune and Tones\Documents\traindata\IMG\center_2026_08_02_19_00_41_104.jpg;0
C:\Users\Tune and Tones\Documents\traindata\IMG\center_2026_08_02_19_00_41_196.jpg;0
C:\Users\Tune and Tones\Documents\traindata\IMG\center_2026_08_02_19_00_41_289.jpg;-0.25
C:\Users\Tune and Tones\Documents\traindata\IMG\center_2026_08_02_19_00_41_384.jpg;-0.45
C:\Users\Tune and Tones\Documents\traindata\IMG\center_2026_08_02_19_00_41_478.jpg;0
C:\Users\Tune and Tones\Documents\traindata\IMG\center_2026_08_02_19_00_41_571.jpg;0
C:\Users\Tune and Tones\Documents\traindata\IMG\center_2026_08_02_19_00_41_667.jpg;0
C:\Users\Tune and Tones\Documents\traindata\IMG\center_2026_08_02_19_00_41_758.jpg;0
C:\Users\Tune and Tones\Documents\traindata\IMG\center_2026_08_02_19_00_41_847.jpg;0
C:\Users\Tune and Tones\Documents\traindata\IMG\center_2026_08_02_19_00_41_943.jpg;0
C:\Users\Tune and Tones\Documents\traindata\IMG\center_2026_08_02_19_00_42_038.jpg;0
C:\Users\Tune and Tones\Documents\traindata\IMG\center_2026_08_02_19_00_42_130.jpg;0
C:\Users\Tune and Tones\Documents\traindata\IMG\center_2026_08_02_19_00_42_228.jpg;0.25
C:\Users\Tune and Tones\Documents\traindata\IMG\center_2026_08_02_19_00_42_319.jpg;0
C:\Users\Tune and Tones\Documents\traindata\IMG\center_2026_08_02_19_00_42_414.jpg;0
C:\Users\Tune and Tones\Documents\traindata\IMG\center_2026_08_02_19_00_42_509.jpg;0
C:\Users\Tune and Tones\Documents\traindata\IMG\center_2026_08_02_19_00_42_613.jpg;0
C:\Users\Tune and Tones\Documents\traindata\IMG\center_2026_08_02_19_00_42_710.jpg;0
C:\Users\Tune and Tones\Documents\traindata\IMG\center_2026_08_02_19_00_42_796.jpg;0
C:\Users\Tune and Tones\Documents\traindata\IMG\center_2026_08_02_19_00_42_899.jpg;0
C:\Users\Tune and Tones\Documents\traindata\IMG\center_2026_08_02_19_00_42_999.jpg;-0.25
C:\Users\Tune and Tones\Documents\traindata\IMG\center_2026_08_02_19_00_43_097.jpg;-0.5000001
C:\Users\Tune and Tones\Documents\traindata\IMG\center_2026_08_02_19_00_43_195.jpg;-0.7500002
C:\Users\Tune and Tones\Documents\traindata\IMG\center_2026_08_02_19_00_43_284.jpg;0
C:\Users\Tune and Tones\Documents\traindata\IMG\center_2026_08_02_19_00_43_382.jpg;0
C:\Users\Tune and Tones\Documents\traindata\IMG\center_2026_08_02_19_00_43_492.jpg;0
C:\Users\Tune and Tones\Documents\traindata\IMG\center_2026_08_02_19_00_43_592.jpg;0
C:\Users\Tune and Tones\Documents\traindata\IMG\center_2026_08_02_19_00_43_694.jpg;0
C:\Users\Tune and Tones\Documents\traindata\IMG\center_2026_08_02_19_00_43_791.jpg;0
C:\Users\Tune and Tones\Documents\traindata\IMG\center_2026_08_02_19_00_43_888.jpg;0
C:\Users\Tune and Tones\Documents\traindata\IMG\center_2026_08_02_19_00_43_989.jpg;0
C:\Users\Tune and Tones\Documents\traindata\IMG\center_2026_08_02_19_00_44_076.jpg;0
C:\Users\Tune and Tones\Documents\traindata\IMG\center_2026_08_02_19_00_44_173.jpg;0
C:\Users\Tune and Tones\Documents\traindata\IMG\center_2026_08_02_19_00_44_277.jpg;0
C:\Users\Tune and Tones\Documents\traindata\IMG\center_2026_08_02_19_00_44_381.jpg;0
C:\Users\Tune and Tones\Documents\traindata\IMG\center_2026_08_02_19_00_44_480.jpg;0
C:\Users\Tune and Tones\Documents\traindata\IMG\center_2026_08_02_19_00_44_580.jpg;0
C:\Users\Tune and Tones\Documents\traindata\IMG\center_2026_08_02_19_00_44_679.jpg;0
C:\Users\Tune and Tones\Documents\traindata\IMG\center_2026_08_02_19_00_44_778.jpg;0
C:\Users\Tune and Tones\Documents\traindata\IMG\center_2026_08_02_19_00_44_878.jpg;0
C:\Users\Tune and Tones\Documents\traindata\IMG\center_2026_08_02_19_00_44_978.jpg;0
C:\Users\Tune and Tones\Documents\traindata\IMG\center_2026_08_02_19_00_45_074.jpg;0
C:\Users\Tune and Tones\Documents\traindata\IMG\center_2026_08_02_19_00_45_174.jpg;0
C:\Users\Tune and Tones\Documents\traindata\IMG\center_2026_08_02_19_00_45_274.jpg;0
C:\Users\Tune and Tones\Documents\traindata\IMG\center_2026_08_02_19_00_45_378.jpg;0
C:\Users\Tune and Tones\Documents\traindata\IMG\center_2026_08_02_19_00_45_474.jpg;0
C:\Users\Tune and Tones\Documents\traindata\IMG\center_2026_08_02_19_00_45_573.jpg;0
C:\Users\Tune and Tones\Documents\traindata\IMG\center_2026_08_02_19_00_45_673.jpg;0
C:\Users\Tune and Tones\Documents\traindata\IMG\center_2026_08_02_19_00_45_770.jpg;0
C:\Users\Tune and Tones\Documents\traindata\IMG\center_2026_08_02_19_00_45_871.jpg;-0.25
C:\Users\Tune and Tones\Documents\traindata\IMG\center_2026_08_02_19_00_45_972.jpg;-0.5000001
C:\Users\Tune and Tones\Documents\traindata\IMG\center_2026_08_02_19_00_46_066.jpg;0
C:\Users\Tune and Tones\Documents\traindata\IMG\center_2026_08_02_19_00_46_164.jpg;0
C:\Users\Tune and Tones\Documents\traindata\IMG\center_2026_08_02_19_00_46_265.jpg;0
C:\Users\Tune and Tones\Documents\traindata\IMG\center_2026_08_02_19_00_46_367.jpg;0
C:\Users\Tune and Tones\Documents\traindata\IMG\center_2026_08_02_19_00_46_446.jpg;0
C:\Users\Tune and Tones\Documents\traindata\IMG\center_2026_08_02_19_00_46_536.jpg;0
C:\Users\Tune and Tones\Documents\traindata\IMG\center_2026_08_02_19_00_46_634.jpg;0
C:\Users\Tune and Tones\Documents\traindata\IMG\center_2026_08_02_19_00_46_735.jpg;0
C:\Users\Tune and Tones\Documents\traindata\IMG\center_2026_08_02_19_00_46_842.jpg;0
C:\Users\Tune and Tones\Documents\traindata\IMG\center_2026_08_02_19_00_46_930.jpg;0
C:\Users\Tune and Tones\Documents\traindata\IMG\center_2026_08_02_19_00_47_026.jpg;0
C:\Users\Tune and Tones\Documents\traindata\IMG\center_2026_08_02_19_00_47_129.jpg;0
C:\Users\Tune and Tones\Documents\traindata\IMG\center_2026_08_02_19_00_47_228.jpg;0
C:\Users\Tune and Tones\Documents\traindata\IMG\center_2026_08_02_19_00_47_323.jpg;0
C:\Users\Tune and Tones\Documents\traindata\IMG\center_2026_08_02_19_00_47_427.jpg;0
C:\Users\Tune and Tones\Documents\traindata\IMG\center_2026_08_02_19_00_47_522.jpg;0
C:\Users\Tune and Tones\Documents\traindata\IMG\center_2026_08_02_19_00_47_623.jpg;0
C:\Users\Tune and Tones\Documents\traindata\IMG\center_2026_08_02_19_00_47_721.jpg;-0.25
C:\Users\Tune and Tones\Documents\traindata\IMG\center_2026_08_02_19_00_47_817.jpg;-0.5000001
C:\Users\Tune and Tones\Documents\traindata\IMG\center_2026_08_02_19_00_47_901.jpg;-0.7
C:\Users\Tune and Tones\Documents\traindata\IMG\center_2026_08_02_19_00_47_995.jpg;-0.9500002
C:\Users\Tune and Tones\Documents\traindata\IMG\center_2026_08_02_19_00_48_097.jpg;0
C:\Users\Tune and Tones\Documents\traindata\IMG\center_2026_08_02_19_00_48_200.jpg;0
C:\Users\Tune and Tones\Documents\traindata\IMG\center_2026_08_02_19_00_48_287.jpg;0
C:\Users\Tune and Tones\Documents\traindata\IMG\center_2026_08_02_19_00_48_379.jpg;0
C:\Users\Tune and Tones\Documents\traindata\IMG\center_2026_08_02_19_00_48_476.jpg;0
C:\Users\Tune and Tones\Documents\traindata\IMG\center_2026_08_02_19_00_48_569.jpg;0.25
C:\Users\Tune and Tones\Documents\traindata\IMG\center_2026_08_02_19_00_48_663.jpg;0.45
C:\Users\Tune and Tones\Documents\traindata\IMG\center_2026_08_02_19_00_48_761.jpg;0.7
C:\Users\Tune and Tones\Documents\traindata\IMG\center_2026_08_02_19_00_48_869.jpg;1
C:\Users\Tune and Tones\Documents\traindata\IMG\center_2026_08_02_19_00_48_967.jpg;0
C:\Users\Tune and Tones\Documents\traindata\IMG\center_2026_08_02_19_00_49_062.jpg;0
C:\Users\Tune and Tones\Documents\traindata\IMG\center_2026_08_02_19_00_49_160.jpg;0
C:\Users\Tune and Tones\Documents\traindata\IMG\center_2026_08_02_19_00_49_261.jpg;0
C:\Users\Tune and Tones\Documents\traindata\IMG\center_2026_08_02_19_00_49_365.jpg;0
C:\Users\Tune and Tones\Documents\traindata\IMG\center_2026_08_02_19_00_49_467.jpg;-0.25
C:\Users\Tune and Tones\Documents\traindata\IMG\center_2026_08_02_19_00_49_566.jpg;-0.5000001
C:\Users\Tune and Tones\Documents\traindata\IMG\center_2026_08_02_19_00_49_671.jpg;-0.8000001
C:\Users\Tune and Tones\Documents\traindata\IMG\center_2026_08_02_19_00_49_774.jpg;-1
C:\Users\Tune and Tones\Documents\traindata\IMG\center_2026_08_02_19_00_49_879.jpg;0
C:\Users\Tune and Tones\Documents\traindata\IMG\center_2026_08_02_19_00_49_969.jpg;0
C:\Users\Tune and Tones\Documents\traindata\IMG\center_2026_08_02_19_00_50_060.jpg;0
C:\Users\Tune and Tones\Documents\traindata\IMG\center_2026_08_02_19_00_50_169.jpg;0
C:\Users\Tune and Tones\Documents\traindata\IMG\center_2026_08_02_19_00_50_278.jpg;0
C:\Users\Tune and Tones\Documents\traindata\IMG\center_2026_08_02_19_00_50_361.jpg;0.2
C:\Users\Tune and Tones\Documents\traindata\IMG\center_2026_08_02_19_00_50_455.jpg;0.45
C:\Users\Tune and Tones\Documents\traindata\IMG\center_2026_08_02_19_00_50_552.jpg;0.7
C:\Users\Tune and Tones\Documents\traindata\IMG\center_2026_08_02_19_00_50_648.jpg;0.9500002
C:\Users\Tune and Tones\Documents\traindata\IMG\center_2026_08_02_19_00_50_750.jpg;0
C:\Users\Tune and Tones\Documents\traindata\IMG\center_2026_08_02_19_00_50_855.jpg;0
C:\Users\Tune and Tones\Documents\traindata\IMG\center_2026_08_02_19_00_50_951.jpg;0
C:\Users\Tune and Tones\Documents\traindata\IMG\center_2026_08_02_19_00_51_061.jpg;0
C:\Users\Tune and Tones\Documents\traindata\IMG\center_2026_08_02_19_00_51_163.jpg;0
C:\Users\Tune and Tones\Documents\traindata\IMG\center_2026_08_02_19_00_51_264.jpg;0
C:\Users\Tune and Tones\Documents\traindata\IMG\center_2026_08_02_19_00_51_367.jpg;-0.25
C:\Users\Tune and Tones\Documents\traindata\IMG\center_2026_08_02_19_00_51_470.jpg;-0.5500001
C:\Users\Tune and Tones\Documents\traindata\IMG\center_2026_08_02_19_00_51_563.jpg;0
C:\Users\Tune and Tones\Documents\traindata\IMG\center_2026_08_02_19_00_51_667.jpg;0
C:\Users\Tune and Tones\Documents\traindata\IMG\center_2026_08_02_19_00_51_772.jpg;0
C:\Users\Tune and Tones\Documents\traindata\IMG\center_2026_08_02_19_00_51_873.jpg;0
C:\Users\Tune and Tones\Documents\traindata\IMG\center_2026_08_02_19_00_51_973.jpg;0
C:\Users\Tune and Tones\Documents\traindata\IMG\center_2026_08_02_19_00_52_088.jpg;-0.25
C:\Users\Tune and Tones\Documents\traindata\IMG\center_2026_08_02_19_00_52_182.jpg;-0.5000001
C:\Users\Tune and Tones\Documents\traindata\IMG\center_2026_08_02_19_00_52_287.jpg;0
C:\Users\Tune and Tones\Documents\traindata\IMG\center_2026_08_02_19_00_52_388.jpg;0
C:\Users\Tune and Tones\Documents\traindata\IMG\center_2026_08_02_19_00_52_494.jpg;0
C:\Users\Tune and Tones\Documents\traindata\IMG\center_2026_08_02_19_00_52_597.jpg;0
C:\Users\Tune and Tones\Documents\traindata\IMG\center_2026_08_02_19_00_52_701.jpg;0
C:\Users\Tune and Tones\Documents\traindata\IMG\center_2026_08_02_19_00_52_807.jpg;0
C:\Users\Tune and Tones\Documents\traindata\IMG\center_2026_08_02_19_00_52_908.jpg;0
C:\Users\Tune and Tones\Documents\traindata\IMG\center_2026_08_02_19_00_53_020.jpg;0.25
C:\Users\Tune and Tones\Documents\traindata\IMG\center_2026_08_02_19_00_53_122.jpg;0.5000001
C:\Users\Tune and Tones\Documents\traindata\IMG\center_2026_08_02_19_00_53_239.jpg;0
C:\Users\Tune and Tones\Documents\traindata\IMG\center_2026_08_02_19_00_53_343.jpg;0
C:\Users\Tune and Tones\Documents\traindata\IMG\center_2026_08_02_19_00_53_446.jpg;0
C:\Users\Tune and Tones\Documents\traindata\IMG\center_2026_08_02_19_00_53_550.jpg;0
C:\Users\Tune and Tones\Documents\traindata\IMG\center_2026_08_02_19_00_53_651.jpg;0
C:\Users\Tune and Tones\Documents\traindata\IMG\center_2026_08_02_19_00_53_756.jpg;-0.25
C:\Users\Tune and Tones\Documents\traindata\IMG\center_2026_08_02_19_00_53_866.jpg;-0.5000001
C:\Users\Tune and Tones\Documents\traindata\IMG\center_2026_08_02_19_00_53_974.jpg;0
C:\Users\Tune and Tones\Documents\traindata\IMG\center_2026_08_02_19_00_54_076.jpg;0
C:\Users\Tune and Tones\Documents\traindata\IMG\center_2026_08_02_19_00_54_185.jpg;0
C:\Users\Tune and Tones\Documents\traindata\IMG\center_2026_08_02_19_00_54_292.jpg;0
C:\Users\Tune and Tones\Documents\traindata\IMG\center_2026_08_02_19_00_54_397.jpg;0
C:\Users\Tune and Tones\Documents\traindata\IMG\center_2026_08_02_19_00_54_487.jpg;0
C:\Users\Tune and Tones\Documents\traindata\IMG\center_2026_08_02_19_00_54_584.jpg;0
C:\Users\Tune and Tones\Documents\traindata\IMG\center_2026_08_02_19_00_54_691.jpg;0
C:\Users\Tune and Tones\Documents\traindata\IMG\center_2026_08_02_19_00_54_797.jpg;0
C:\Users\Tune and Tones\Documents\traindata\IMG\center_2026_08_02_19_00_54_898.jpg;0
C:\Users\Tune and Tones\Documents\traindata\IMG\center_2026_08_02_19_00_55_004.jpg;0
C:\Users\Tune and Tones\Documents\traindata\IMG\center_2026_08_02_19_00_55_110.jpg;0
C:\Users\Tune and Tones\Documents\traindata\IMG\center_2026_08_02_19_00_55_229.jpg;0
C:\Users\Tune and Tones\Documents\traindata\IMG\center_2026_08_02_19_00_55_337.jpg;0
C:\Users\Tune and Tones\Documents\traindata\IMG\center_2026_08_02_19_00_55_453.jpg;-0.3
C:\Users\Tune and Tones\Documents\traindata\IMG\center_2026_08_02_19_00_55_561.jpg;-0.5500001
C:\Users\Tune and Tones\Documents\traindata\IMG\center_2026_08_02_19_00_55_656.jpg;0
C:\Users\Tune and Tones\Documents\traindata\IMG\center_2026_08_02_19_00_55_753.jpg;0
C:\Users\Tune and Tones\Documents\traindata\IMG\center_2026_08_02_19_00_55_853.jpg;0
C:\Users\Tune and Tones\Documents\traindata\IMG\center_2026_08_02_19_00_55_958.jpg;0
C:\Users\Tune and Tones\Documents\traindata\IMG\center_2026_08_02_19_00_56_061.jpg;0
C:\Users\Tune and Tones\Documents\traindata\IMG\center_2026_08_02_19_00_56_165.jpg;0
C:\Users\Tune and Tones\Documents\traindata\IMG\center_2026_08_02_19_00_56_265.jpg;0
C:\Users\Tune and Tones\Documents\traindata\IMG\center_2026_08_02_19_00_56_388.jpg;0
C:\Users\Tune and Tones\Documents\traindata\IMG\center_2026_08_02_19_00_56_474.jpg;0
C:\Users\Tune and Tones\Documents\traindata\IMG\center_2026_08_02_19_00_56_574.jpg;0
C:\Users\Tune and Tones\Documents\traindata\IMG\center_2026_08_02_19_00_56_682.jpg;0
C:\Users\Tune and Tones\Documents\traindata\IMG\center_2026_08_02_19_00_56_779.jpg;0
C:\Users\Tune and Tones\Documents\traindata\IMG\center_2026_08_02_19_00_56_882.jpg;0
C:\Users\Tune and Tones\Documents\traindata\IMG\center_2026_08_02_19_00_56_985.jpg;0
C:\Users\Tune and Tones\Documents\traindata\IMG\center_2026_08_02_19_00_57_088.jpg;0
C:\Users\Tune and Tones\Documents\traindata\IMG\center_2026_08_02_19_00_57_191.jpg;0
C:\Users\Tune and Tones\Documents\traindata\IMG\center_2026_08_02_19_00_57_294.jpg;0
C:\Users\Tune and Tones\Documents\traindata\IMG\center_2026_08_02_19_00_57_397.jpg;0
C:\Users\Tune and Tones\Documents\traindata\IMG\center_2026_08_02_19_00_57_497.jpg;0
C:\Users\Tune and Tones\Documents\traindata\IMG\center_2026_08_02_19_00_57_599.jpg;0
C:\Users\Tune and Tones\Documents\traindata\IMG\center_2026_08_02_19_00_57_704.jpg;0
C:\Users\Tune and Tones\Documents\traindata\IMG\center_2026_08_02_19_00_57_812.jpg;0
C:\Users\Tune and Tones\Documents\traindata\IMG\center_2026_08_02_19_00_57_904.jpg;0
C:\Users\Tune and Tones\Documents\traindata\IMG\center_2026_08_02_19_00_58_019.jpg;0
C:\Users\Tune and Tones\Documents\traindata\IMG\center_2026_08_02_19_00_58_131.jpg;0
C:\Users\Tune and Tones\Documents\traindata\IMG\center_2026_08_02_19_00_58_233.jpg;0
C:\Users\Tune and Tones\Documents\traindata\IMG\center_2026_08_02_19_00_58_332.jpg;0
C:\Users\Tune and Tones\Documents\traindata\IMG\center_2026_08_02_19_00_58_431.jpg;0
C:\Users\Tune and Tones\Documents\traindata\IMG\center_2026_08_02_19_00_58_540.jpg;0
C:\Users\Tune and Tones\Documents\traindata\IMG\center_2026_08_02_19_00_58_643.jpg;0
C:\Users\Tune and Tones\Documents\traindata\IMG\center_2026_08_02_19_00_58_747.jpg;0
C:\Users\Tune and Tones\Documents\traindata\IMG\center_2026_08_02_19_00_58_852.jpg;0
C:\Users\Tune and Tones\Documents\traindata\IMG\center_2026_08_02_19_00_58_959.jpg;0
C:\Users\Tune and Tones\Documents\traindata\IMG\center_2026_08_02_19_00_59_059.jpg;0
C:\Users\Tune and Tones\Documents\traindata\IMG\center_2026_08_02_19_00_59_161.jpg;0
C:\Users\Tune and Tones\Documents\traindata\IMG\center_2026_08_02_19_00_59_257.jpg;0
C:\Users\Tune and Tones\Documents\traindata\IMG\center_2026_08_02_19_00_59_348.jpg;0
C:\Users\Tune and Tones\Documents\traindata\IMG\center_2026_08_02_19_00_59_457.jpg;0
C:\Users\Tune and Tones\Documents\traindata\IMG\center_2026_08_02_19_00_59_569.jpg;0
C:\Users\Tune and Tones\Documents\traindata\IMG\center_2026_08_02_19_00_59_687.jpg;-0.25
C:\Users\Tune and Tones\Documents\traindata\IMG\center_2026_08_02_19_00_59_791.jpg;-0.5500001
C:\Users\Tune and Tones\Documents\traindata\IMG\center_2026_08_02_19_00_59_882.jpg;0
C:\Users\Tune and Tones\Documents\traindata\IMG\center_2026_08_02_19_00_59_979.jpg;0
C:\Users\Tune and Tones\Documents\traindata\IMG\center_2026_08_02_19_01_00_084.jpg;0
C:\Users\Tune and Tones\Documents\traindata\IMG\center_2026_08_02_19_01_00_189.jpg;0
C:\Users\Tune and Tones\Documents\traindata\IMG\center_2026_08_02_19_01_00_289.jpg;0
C:\Users\Tune and Tones\Documents\traindata\IMG\center_2026_08_02_19_01_00_393.jpg;0
C:\Users\Tune and Tones\Documents\traindata\IMG\center_2026_08_02_19_01_00_489.jpg;0
C:\Users\Tune and Tones\Documents\traindata\IMG\center_2026_08_02_19_01_00_585.jpg;0
C:\Users\Tune and Tones\Documents\traindata\IMG\center_2026_08_02_19_01_00_684.jpg;0
C:\Users\Tune and Tones\Documents\traindata\IMG\center_2026_08_02_19_01_00_782.jpg;0
C:\Users\Tune and Tones\Documents\traindata\IMG\center_2026_08_02_19_01_00_880.jpg;0
C:\Users\Tune and Tones\Documents\traindata\IMG\center_2026_08_02_19_01_00_977.jpg;0
C:\Users\Tune and Tones\Documents\traindata\IMG\center_2026_08_02_19_01_01_074.jpg;0
C:\Users\Tune and Tones\Documents\traindata\IMG\center_2026_08_02_19_01_01_173.jpg;0
C:\Users\Tune and Tones\Documents\traindata\IMG\center_2026_08_02_19_01_01_270.jpg;0
C:\Users\Tune and Tones\Documents\traindata\IMG\center_2026_08_02_19_01_01_366.jpg;0
C:\Users\Tune and Tones\Documents\traindata\IMG\center_2026_08_02_19_01_01_471.jpg;0
C:\Users\Tune and Tones\Documents\traindata\IMG\center_2026_08_02_19_01_01_562.jpg;0
C:\Users\Tune and Tones\Documents\traindata\IMG\center_2026_08_02_19_01_01_662.jpg;0
C:\Users\Tune and Tones\Documents\traindata\IMG\center_2026_08_02_19_01_01_760.jpg;0
C:\Users\Tune and Tones\Documents\traindata\IMG\center_2026_08_02_19_01_01_857.jpg;0
C:\Users\Tune and Tones\Documents\traindata\IMG\center_2026_08_02_19_01_01_956.jpg;0
C:\Users\Tune and Tones\Documents\traindata\IMG\center_2026_08_02_19_01_02_059.jpg;0
C:\Users\Tune and Tones\Documents\traindata\IMG\center_2026_08_02_19_01_02_151.jpg;0
C:\Users\Tune and Tones\Documents\traindata\IMG\center_2026_08_02_19_01_02_249.jpg;0
C:\Users\Tune and Tones\Documents\traindata\IMG\center_2026_08_02_19_01_02_345.jpg;0
C:\Users\Tune and Tones\Documents\traindata\IMG\center_2026_08_02_19_01_02_442.jpg;0
C:\Users\Tune and Tones\Documents\traindata\IMG\center_2026_08_02_19_01_02_539.jpg;0
C:\Users\Tune and Tones\Documents\traindata\IMG\center_2026_08_02_19_01_02_636.jpg;0
C:\Users\Tune and Tones\Documents\traindata\IMG\center_2026_08_02_19_01_02_732.jpg;0
C:\Users\Tune and Tones\Documents\traindata\IMG\center_2026_08_02_19_01_02_816.jpg;0
C:\Users\Tune and Tones\Documents\traindata\IMG\center_2026_08_02_19_01_02_914.jpg;0
C:\Users\Tune and Tones\Documents\traindata\IMG\center_2026_08_02_19_01_03_010.jpg;0
C:\Users\Tune and Tones\Documents\traindata\IMG\center_2026_08_02_19_01_03_107.jpg;0
C:\Users\Tune and Tones\Documents\traindata\IMG\center_2026_08_02_19_01_03_216.jpg;0
C:\Users\Tune and Tones\Documents\traindata\IMG\center_2026_08_02_19_01_03_313.jpg;0
C:\Users\Tune and Tones\Documents\traindata\IMG\center_2026_08_02_19_01_03_410.jpg;0
C:\Users\Tune and Tones\Documents\traindata\IMG\center_2026_08_02_19_01_03_508.jpg;0
C:\Users\Tune and Tones\Documents\traindata\IMG\center_2026_08_02_19_01_03_592.jpg;0
C:\Users\Tune and Tones\Documents\traindata\IMG\center_2026_08_02_19_01_03_692.jpg;0
C:\Users\Tune and Tones\Documents\traindata\IMG\center_2026_08_02_19_01_03_789.jpg;0
C:\Users\Tune and Tones\Documents\traindata\IMG\center_2026_08_02_19_01_03_887.jpg;0
C:\Users\Tune and Tones\Documents\traindata\IMG\center_2026_08_02_19_01_03_986.jpg;0
C:\Users\Tune and Tones\Documents\traindata\IMG\center_2026_08_02_19_01_04_085.jpg;0
C:\Users\Tune and Tones\Documents\traindata\IMG\center_2026_08_02_19_01_04_182.jpg;0
C:\Users\Tune and Tones\Documents\traindata\IMG\center_2026_08_02_19_01_04_282.jpg;-0.25
C:\Users\Tune and Tones\Documents\traindata\IMG\center_2026_08_02_19_01_04_377.jpg;-0.5000001
C:\Users\Tune and Tones\Documents\traindata\IMG\center_2026_08_02_19_01_04_480.jpg;0
C:\Users\Tune and Tones\Documents\traindata\IMG\center_2026_08_02_19_01_04_577.jpg;0
C:\Users\Tune and Tones\Documents\traindata\IMG\center_2026_08_02_19_01_04_675.jpg;0
C:\Users\Tune and Tones\Documents\traindata\IMG\center_2026_08_02_19_01_04_773.jpg;0
C:\Users\Tune and Tones\Documents\traindata\IMG\center_2026_08_02_19_01_04_874.jpg;0
C:\Users\Tune and Tones\Documents\traindata\IMG\center_2026_08_02_19_01_04_965.jpg;0
C:\Users\Tune and Tones\Documents\traindata\IMG\center_2026_08_02_19_01_05_061.jpg;0
C:\Users\Tune and Tones\Documents\traindata\IMG\center_2026_08_02_19_01_05_158.jpg;0
C:\Users\Tune and Tones\Documents\traindata\IMG\center_2026_08_02_19_01_05_252.jpg;0
C:\Users\Tune and Tones\Documents\traindata\IMG\center_2026_08_02_19_01_05_349.jpg;0
C:\Users\Tune and Tones\Documents\traindata\IMG\center_2026_08_02_19_01_05_444.jpg;0
C:\Users\Tune and Tones\Documents\traindata\IMG\center_2026_08_02_19_01_05_543.jpg;0
C:\Users\Tune and Tones\Documents\traindata\IMG\center_2026_08_02_19_01_05_639.jpg;0
C:\Users\Tune and Tones\Documents\traindata\IMG\center_2026_08_02_19_01_05_737.jpg;0
C:\Users\Tune and Tones\Documents\traindata\IMG\center_2026_08_02_19_01_05_835.jpg;0
C:\Users\Tune and Tones\Documents\traindata\IMG\center_2026_08_02_19_01_05_932.jpg;0
C:\Users\Tune and Tones\Documents\traindata\IMG\center_2026_08_02_19_01_06_025.jpg;0
C:\Users\Tune and Tones\Documents\traindata\IMG\center_2026_08_02_19_01_06_122.jpg;0
C:\Users\Tune and Tones\Documents\traindata\IMG\center_2026_08_02_19_01_06_217.jpg;0
C:\Users\Tune and Tones\Documents\traindata\IMG\center_2026_08_02_19_01_06_316.jpg;0
C:\Users\Tune and Tones\Documents\traindata\IMG\center_2026_08_02_19_01_06_410.jpg;-0.25
C:\Users\Tune and Tones\Documents\traindata\IMG\center_2026_08_02_19_01_06_503.jpg;0
C:\Users\Tune and Tones\Documents\traindata\IMG\center_2026_08_02_19_01_06_601.jpg;0
C:\Users\Tune and Tones\Documents\traindata\IMG\center_2026_08_02_19_01_06_694.jpg;0
C:\Users\Tune and Tones\Documents\traindata\IMG\center_2026_08_02_19_01_06_785.jpg;0
C:\Users\Tune and Tones\Documents\traindata\IMG\center_2026_08_02_19_01_06_873.jpg;0
C:\Users\Tune and Tones\Documents\traindata\IMG\center_2026_08_02_19_01_06_964.jpg;0
C:\Users\Tune and Tones\Documents\traindata\IMG\center_2026_08_02_19_01_07_064.jpg;0
C:\Users\Tune and Tones\Documents\traindata\IMG\center_2026_08_02_19_01_07_158.jpg;0
C:\Users\Tune and Tones\Documents\traindata\IMG\center_2026_08_02_19_01_07_251.jpg;-0.25
C:\Users\Tune and Tones\Documents\traindata\IMG\center_2026_08_02_19_01_07_345.jpg;-0.45
C:\Users\Tune and Tones\Documents\traindata\IMG\center_2026_08_02_19_01_07_441.jpg;-0.7
C:\Users\Tune and Tones\Documents\traindata\IMG\center_2026_08_02_19_01_07_547.jpg;0
C:\Users\Tune and Tones\Documents\traindata\IMG\center_2026_08_02_19_01_07_643.jpg;0
C:\Users\Tune and Tones\Documents\traindata\IMG\center_2026_08_02_19_01_07_738.jpg;0
C:\Users\Tune and Tones\Documents\traindata\IMG\center_2026_08_02_19_01_07_831.jpg;0
C:\Users\Tune and Tones\Documents\traindata\IMG\center_2026_08_02_19_01_07_920.jpg;0
C:\Users\Tune and Tones\Documents\traindata\IMG\center_2026_08_02_19_01_08_003.jpg;0
C:\Users\Tune and Tones\Documents\traindata\IMG\center_2026_08_02_19_01_08_094.jpg;0
C:\Users\Tune and Tones\Documents\traindata\IMG\center_2026_08_02_19_01_08_182.jpg;0
C:\Users\Tune and Tones\Documents\traindata\IMG\center_2026_08_02_19_01_08_273.jpg;0
C:\Users\Tune and Tones\Documents\traindata\IMG\center_2026_08_02_19_01_08_357.jpg;0
C:\Users\Tune and Tones\Documents\traindata\IMG\center_2026_08_02_19_01_08_446.jpg;0
C:\Users\Tune and Tones\Documents\traindata\IMG\center_2026_08_02_19_01_08_535.jpg;0
C:\Users\Tune and Tones\Documents\traindata\IMG\center_2026_08_02_19_01_08_618.jpg;0
C:\Users\Tune and Tones\Documents\traindata\IMG\center_2026_08_02_19_01_08_704.jpg;0
C:\Users\Tune and Tones\Documents\traindata\IMG\center_2026_08_02_19_01_08_797.jpg;0
C:\Users\Tune and Tones\Documents\traindata\IMG\center_2026_08_02_19_01_08_881.jpg;0
C:\Users\Tune and Tones\Documents\traindata\IMG\center_2026_08_02_19_01_08_969.jpg;0
C:\Users\Tune and Tones\Documents\traindata\IMG\center_2026_08_02_19_01_09_057.jpg;0
C:\Users\Tune and Tones\Documents\traindata\IMG\center_2026_08_02_19_01_09_143.jpg;0
C:\Users\Tune and Tones\Documents\traindata\IMG\center_2026_08_02_19_01_09_231.jpg;0
C:\Users\Tune and Tones\Documents\traindata\IMG\center_2026_08_02_19_01_09_318.jpg;0
C:\Users\Tune and Tones\Documents\traindata\IMG\center_2026_08_02_19_01_09_412.jpg;0
C:\Users\Tune and Tones\Documents\traindata\IMG\center_2026_08_02_19_01_09_497.jpg;0
C:\Users\Tune and Tones\Documents\traindata\IMG\center_2026_08_02_19_01_09_581.jpg;0
C:\Users\Tune and Tones\Documents\traindata\IMG\center_2026_08_02_19_01_09_669.jpg;0
C:\Users\Tune and Tones\Documents\traindata\IMG\center_2026_08_02_19_01_09_757.jpg;0
C:\Users\Tune and Tones\Documents\traindata\IMG\center_2026_08_02_19_01_09_848.jpg;0
C:\Users\Tune and Tones\Documents\traindata\IMG\center_2026_08_02_19_01_09_937.jpg;0
C:\Users\Tune and Tones\Documents\traindata\IMG\center_2026_08_02_19_01_10_022.jpg;0
C:\Users\Tune and Tones\Documents\traindata\IMG\center_2026_08_02_19_01_10_111.jpg;0
C:\Users\Tune and Tones\Documents\traindata\IMG\center_2026_08_02_19_01_10_197.jpg;-0.2
C:\Users\Tune and Tones\Documents\traindata\IMG\center_2026_08_02_19_01_10_282.jpg;-0.4
C:\Users\Tune and Tones\Documents\traindata\IMG\center_2026_08_02_19_01_10_372.jpg;0
C:\Users\Tune and Tones\Documents\traindata\IMG\center_2026_08_02_19_01_10_455.jpg;0
C:\Users\Tune and Tones\Documents\traindata\IMG\center_2026_08_02_19_01_10_542.jpg;0
C:\Users\Tune and Tones\Documents\traindata\IMG\center_2026_08_02_19_01_10_630.jpg;0
C:\Users\Tune and Tones\Documents\traindata\IMG\center_2026_08_02_19_01_10_715.jpg;0
C:\Users\Tune and Tones\Documents\traindata\IMG\center_2026_08_02_19_01_10_799.jpg;0
C:\Users\Tune and Tones\Documents\traindata\IMG\center_2026_08_02_19_01_10_885.jpg;0
C:\Users\Tune and Tones\Documents\traindata\IMG\center_2026_08_02_19_01_10_966.jpg;0
C:\Users\Tune and Tones\Documents\traindata\IMG\center_2026_08_02_19_01_11_047.jpg;-0.2
C:\Users\Tune and Tones\Documents\traindata\IMG\center_2026_08_02_19_01_11_133.jpg;-0.45
C:\Users\Tune and Tones\Documents\traindata\IMG\center_2026_08_02_19_01_11_215.jpg;-0.6500001
C:\Users\Tune and Tones\Documents\traindata\IMG\center_2026_08_02_19_01_11_298.jpg;0
C:\Users\Tune and Tones\Documents\traindata\IMG\center_2026_08_02_19_01_11_383.jpg;0
C:\Users\Tune and Tones\Documents\traindata\IMG\center_2026_08_02_19_01_11_462.jpg;0
C:\Users\Tune and Tones\Documents\traindata\IMG\center_2026_08_02_19_01_11_542.jpg;0
C:\Users\Tune and Tones\Documents\traindata\IMG\center_2026_08_02_19_01_11_620.jpg;0
C:\Users\Tune and Tones\Documents\traindata\IMG\center_2026_08_02_19_01_11_701.jpg;0
C:\Users\Tune and Tones\Documents\traindata\IMG\center_2026_08_02_19_01_11_777.jpg;0
C:\Users\Tune and Tones\Documents\traindata\IMG\center_2026_08_02_19_01_11_858.jpg;0
C:\Users\Tune and Tones\Documents\traindata\IMG\center_2026_08_02_19_01_11_935.jpg;0
C:\Users\Tune and Tones\Documents\traindata\IMG\center_2026_08_02_19_01_12_014.jpg;-0.2
C:\Users\Tune and Tones\Documents\traindata\IMG\center_2026_08_02_19_01_12_092.jpg;-0.4
C:\Users\Tune and Tones\Documents\traindata\IMG\center_2026_08_02_19_01_12_171.jpg;-0.6000001
C:\Users\Tune and Tones\Documents\traindata\IMG\center_2026_08_02_19_01_12_247.jpg;-0.7500002
C:\Users\Tune and Tones\Documents\traindata\IMG\center_2026_08_02_19_01_12_327.jpg;0
C:\Users\Tune and Tones\Documents\traindata\IMG\center_2026_08_02_19_01_12_409.jpg;0
C:\Users\Tune and Tones\Documents\traindata\IMG\center_2026_08_02_19_01_12_487.jpg;0
C:\Users\Tune and Tones\Documents\traindata\IMG\center_2026_08_02_19_01_12_563.jpg;0
C:\Users\Tune and Tones\Documents\traindata\IMG\center_2026_08_02_19_01_12_639.jpg;0
C:\Users\Tune and Tones\Documents\traindata\IMG\center_2026_08_02_19_01_12_715.jpg;0
C:\Users\Tune and Tones\Documents\traindata\IMG\center_2026_08_02_19_01_12_791.jpg;0
C:\Users\Tune and Tones\Documents\traindata\IMG\center_2026_08_02_19_01_12_866.jpg;0
C:\Users\Tune and Tones\Documents\traindata\IMG\center_2026_08_02_19_01_12_943.jpg;0
C:\Users\Tune and Tones\Documents\traindata\IMG\center_2026_08_02_19_01_13_018.jpg;0
C:\Users\Tune and Tones\Documents\traindata\IMG\center_2026_08_02_19_01_13_091.jpg;-0.2
C:\Users\Tune and Tones\Documents\traindata\IMG\center_2026_08_02_19_01_13_168.jpg;-0.4
C:\Users\Tune and Tones\Documents\traindata\IMG\center_2026_08_02_19_01_13_246.jpg;-0.5500001
C:\Users\Tune and Tones\Documents\traindata\IMG\center_2026_08_02_19_01_13_320.jpg;-0.7500002
C:\Users\Tune and Tones\Documents\traindata\IMG\center_2026_08_02_19_01_13_398.jpg;-0.9500002
C:\Users\Tune and Tones\Documents\traindata\IMG\center_2026_08_02_19_01_13_473.jpg;0
C:\Users\Tune and Tones\Documents\traindata\IMG\center_2026_08_02_19_01_13_552.jpg;0
C:\Users\Tune and Tones\Documents\traindata\IMG\center_2026_08_02_19_01_13_694.jpg;0
C:\Users\Tune and Tones\Documents\traindata\IMG\center_2026_08_02_19_01_13_765.jpg;0
C:\Users\Tune and Tones\Documents\traindata\IMG\center_2026_08_02_19_01_13_838.jpg;0
C:\Users\Tune and Tones\Documents\traindata\IMG\center_2026_08_02_19_01_13_912.jpg;0
C:\Users\Tune and Tones\Documents\traindata\IMG\center_2026_08_02_19_01_13_985.jpg;0.15
C:\Users\Tune and Tones\Documents\traindata\IMG\center_2026_08_02_19_01_14_059.jpg;0.35
C:\Users\Tune and Tones\Documents\traindata\IMG\center_2026_08_02_19_01_14_131.jpg;0.5500001
C:\Users\Tune and Tones\Documents\traindata\IMG\center_2026_08_02_19_01_14_205.jpg;0
C:\Users\Tune and Tones\Documents\traindata\IMG\center_2026_08_02_19_01_14_278.jpg;0
C:\Users\Tune and Tones\Documents\traindata\IMG\center_2026_08_02_19_01_14_356.jpg;0
C:\Users\Tune and Tones\Documents\traindata\IMG\center_2026_08_02_19_01_14_428.jpg;0
C:\Users\Tune and Tones\Documents\traindata\IMG\center_2026_08_02_19_01_14_497.jpg;0
C:\Users\Tune and Tones\Documents\traindata\IMG\center_2026_08_02_19_01_14_572.jpg;0
C:\Users\Tune and Tones\Documents\traindata\IMG\center_2026_08_02_19_01_14_647.jpg;0
C:\Users\Tune and Tones\Documents\traindata\IMG\center_2026_08_02_19_01_14_719.jpg;0
C:\Users\Tune and Tones\Documents\traindata\IMG\center_2026_08_02_19_01_14_792.jpg;0
C:\Users\Tune and Tones\Documents\traindata\IMG\center_2026_08_02_19_01_14_862.jpg;0
C:\Users\Tune and Tones\Documents\traindata\IMG\center_2026_08_02_19_01_14_935.jpg;0
C:\Users\Tune and Tones\Documents\traindata\IMG\center_2026_08_02_19_01_15_008.jpg;0
C:\Users\Tune and Tones\Documents\traindata\IMG\center_2026_08_02_19_01_15_080.jpg;0
C:\Users\Tune and Tones\Documents\traindata\IMG\center_2026_08_02_19_01_15_152.jpg;0
C:\Users\Tune and Tones\Documents\traindata\IMG\center_2026_08_02_19_01_15_220.jpg;0
C:\Users\Tune and Tones\Documents\traindata\IMG\center_2026_08_02_19_01_15_293.jpg;0
C:\Users\Tune and Tones\Documents\traindata\IMG\center_2026_08_02_19_01_15_364.jpg;0
C:\Users\Tune and Tones\Documents\traindata\IMG\center_2026_08_02_19_01_15_436.jpg;-0.2
C:\Users\Tune and Tones\Documents\traindata\IMG\center_2026_08_02_19_01_15_509.jpg;-0.4
C:\Users\Tune and Tones\Documents\traindata\IMG\center_2026_08_02_19_01_15_578.jpg;-0.5500001
C:\Users\Tune and Tones\Documents\traindata\IMG\center_2026_08_02_19_01_15_650.jpg;0
C:\Users\Tune and Tones\Documents\traindata\IMG\center_2026_08_02_19_01_15_719.jpg;0
C:\Users\Tune and Tones\Documents\traindata\IMG\center_2026_08_02_19_01_15_792.jpg;0
C:\Users\Tune and Tones\Documents\traindata\IMG\center_2026_08_02_19_01_15_861.jpg;0
C:\Users\Tune and Tones\Documents\traindata\IMG\center_2026_08_02_19_01_15_936.jpg;-0.2
C:\Users\Tune and Tones\Documents\traindata\IMG\center_2026_08_02_19_01_16_004.jpg;-0.35
C:\Users\Tune and Tones\Documents\traindata\IMG\center_2026_08_02_19_01_16_076.jpg;-0.5500001
C:\Users\Tune and Tones\Documents\traindata\IMG\center_2026_08_02_19_01_16_147.jpg;-0.7
C:\Users\Tune and Tones\Documents\traindata\IMG\center_2026_08_02_19_01_16_224.jpg;-0.9000002
C:\Users\Tune and Tones\Documents\traindata\IMG\center_2026_08_02_19_01_16_295.jpg;-1
C:\Users\Tune and Tones\Documents\traindata\IMG\center_2026_08_02_19_01_16_366.jpg;0
C:\Users\Tune and Tones\Documents\traindata\IMG\center_2026_08_02_19_01_16_442.jpg;0
C:\Users\Tune and Tones\Documents\traindata\IMG\center_2026_08_02_19_01_16_516.jpg;0
C:\Users\Tune and Tones\Documents\traindata\IMG\center_2026_08_02_19_01_16_598.jpg;0
C:\Users\Tune and Tones\Documents\traindata\IMG\center_2026_08_02_19_01_16_677.jpg;0
C:\Users\Tune and Tones\Documents\traindata\IMG\center_2026_08_02_19_01_16_756.jpg;0.2
C:\Users\Tune and Tones\Documents\traindata\IMG\center_2026_08_02_19_01_16_834.jpg;0.4
C:\Users\Tune and Tones\Documents\traindata\IMG\center_2026_08_02_19_01_16_911.jpg;0.6000001
C:\Users\Tune and Tones\Documents\traindata\IMG\center_2026_08_02_19_01_16_986.jpg;0
C:\Users\Tune and Tones\Documents\traindata\IMG\center_2026_08_02_19_01_17_063.jpg;0
C:\Users\Tune and Tones\Documents\traindata\IMG\center_2026_08_02_19_01_17_136.jpg;0
C:\Users\Tune and Tones\Documents\traindata\IMG\center_2026_08_02_19_01_17_216.jpg;0
C:\Users\Tune and Tones\Documents\traindata\IMG\center_2026_08_02_19_01_17_295.jpg;0
C:\Users\Tune and Tones\Documents\traindata\IMG\center_2026_08_02_19_01_17_370.jpg;0
C:\Users\Tune and Tones\Documents\traindata\IMG\center_2026_08_02_19_01_17_447.jpg;0
C:\Users\Tune and Tones\Documents\traindata\IMG\center_2026_08_02_19_01_17_528.jpg;0
C:\Users\Tune and Tones\Documents\traindata\IMG\center_2026_08_02_19_01_17_607.jpg;0
C:\Users\Tune and Tones\Documents\traindata\IMG\center_2026_08_02_19_01_17_685.jpg;-0.2
C:\Users\Tune and Tones\Documents\traindata\IMG\center_2026_08_02_19_01_17_766.jpg;-0.4
C:\Users\Tune and Tones\Documents\traindata\IMG\center_2026_08_02_19_01_17_846.jpg;0
C:\Users\Tune and Tones\Documents\traindata\IMG\center_2026_08_02_19_01_17_924.jpg;0
C:\Users\Tune and Tones\Documents\traindata\IMG\center_2026_08_02_19_01_17_997.jpg;0
C:\Users\Tune and Tones\Documents\traindata\IMG\center_2026_08_02_19_01_18_076.jpg;0
C:\Users\Tune and Tones\Documents\traindata\IMG\center_2026_08_02_19_01_18_158.jpg;0
C:\Users\Tune and Tones\Documents\traindata\IMG\center_2026_08_02_19_01_18_239.jpg;-0.2
C:\Users\Tune and Tones\Documents\traindata\IMG\center_2026_08_02_19_01_18_315.jpg;-0.4
C:\Users\Tune and Tones\Documents\traindata\IMG\center_2026_08_02_19_01_18_395.jpg;0
C:\Users\Tune and Tones\Documents\traindata\IMG\center_2026_08_02_19_01_18_474.jpg;0
C:\Users\Tune and Tones\Documents\traindata\IMG\center_2026_08_02_19_01_18_551.jpg;0
C:\Users\Tune and Tones\Documents\traindata\IMG\center_2026_08_02_19_01_18_628.jpg;0
C:\Users\Tune and Tones\Documents\traindata\IMG\center_2026_08_02_19_01_18_706.jpg;0
C:\Users\Tune and Tones\Documents\traindata\IMG\center_2026_08_02_19_01_18_783.jpg;0
C:\Users\Tune and Tones\Documents\traindata\IMG\center_2026_08_02_19_01_18_861.jpg;0
C:\Users\Tune and Tones\Documents\traindata\IMG\center_2026_08_02_19_01_18_936.jpg;0
C:\Users\Tune and Tones\Documents\traindata\IMG\center_2026_08_02_19_01_19_017.jpg;-0.2
C:\Users\Tune and Tones\Documents\traindata\IMG\center_2026_08_02_19_01_19_093.jpg;-0.4
C:\Users\Tune and Tones\Documents\traindata\IMG\center_2026_08_02_19_01_19_169.jpg;0
C:\Users\Tune and Tones\Documents\traindata\IMG\center_2026_08_02_19_01_19_252.jpg;0
C:\Users\Tune and Tones\Documents\traindata\IMG\center_2026_08_02_19_01_19_327.jpg;0
C:\Users\Tune and Tones\Documents\traindata\IMG\center_2026_08_02_19_01_19_405.jpg;0
C:\Users\Tune and Tones\Documents\traindata\IMG\center_2026_08_02_19_01_19_482.jpg;0
C:\Users\Tune and Tones\Documents\traindata\IMG\center_2026_08_02_19_01_19_560.jpg;0
C:\Users\Tune and Tones\Documents\traindata\IMG\center_2026_08_02_19_01_19_636.jpg;-0.2
C:\Users\Tune and Tones\Documents\traindata\IMG\center_2026_08_02_19_01_19_717.jpg;-0.4
C:\Users\Tune and Tones\Documents\traindata\IMG\center_2026_08_02_19_01_19_792.jpg;-0.6000001
C:\Users\Tune and Tones\Documents\traindata\IMG\center_2026_08_02_19_01_19_873.jpg;-0.8000001
C:\Users\Tune and Tones\Documents\traindata\IMG\center_2026_08_02_19_01_19_950.jpg;-1
C:\Users\Tune and Tones\Documents\traindata\IMG\center_2026_08_02_19_01_20_034.jpg;0
C:\Users\Tune and Tones\Documents\traindata\IMG\center_2026_08_02_19_01_20_115.jpg;0
C:\Users\Tune and Tones\Documents\traindata\IMG\center_2026_08_02_19_01_20_190.jpg;0
C:\Users\Tune and Tones\Documents\traindata\IMG\center_2026_08_02_19_01_20_266.jpg;0
C:\Users\Tune and Tones\Documents\traindata\IMG\center_2026_08_02_19_01_20_344.jpg;0
C:\Users\Tune and Tones\Documents\traindata\IMG\center_2026_08_02_19_01_20_417.jpg;0
C:\Users\Tune and Tones\Documents\traindata\IMG\center_2026_08_02_19_01_20_493.jpg;0
C:\Users\Tune and Tones\Documents\traindata\IMG\center_2026_08_02_19_01_20_573.jpg;0.2
C:\Users\Tune and Tones\Documents\traindata\IMG\center_2026_08_02_19_01_20_652.jpg;0.4
C:\Users\Tune and Tones\Documents\traindata\IMG\center_2026_08_02_19_01_20_729.jpg;0.6000001
C:\Users\Tune and Tones\Documents\traindata\IMG\center_2026_08_02_19_01_20_806.jpg;0.7500002
C:\Users\Tune and Tones\Documents\traindata\IMG\center_2026_08_02_19_01_20_885.jpg;0
C:\Users\Tune and Tones\Documents\traindata\IMG\center_2026_08_02_19_01_20_964.jpg;0
C:\Users\Tune and Tones\Documents\traindata\IMG\center_2026_08_02_19_01_21_043.jpg;0
C:\Users\Tune and Tones\Documents\traindata\IMG\center_2026_08_02_19_01_21_122.jpg;0
C:\Users\Tune and Tones\Documents\traindata\IMG\center_2026_08_02_19_01_21_198.jpg;0
C:\Users\Tune and Tones\Documents\traindata\IMG\center_2026_08_02_19_01_21_272.jpg;0
C:\Users\Tune and Tones\Documents\traindata\IMG\center_2026_08_02_19_01_21_354.jpg;0
C:\Users\Tune and Tones\Documents\traindata\IMG\center_2026_08_02_19_01_21_436.jpg;0
C:\Users\Tune and Tones\Documents\traindata\IMG\center_2026_08_02_19_01_21_514.jpg;0
C:\Users\Tune and Tones\Documents\traindata\IMG\center_2026_08_02_19_01_21_595.jpg;0
C:\Users\Tune and Tones\Documents\traindata\IMG\center_2026_08_02_19_01_21_680.jpg;0
C:\Users\Tune and Tones\Documents\traindata\IMG\center_2026_08_02_19_01_21_764.jpg;0
C:\Users\Tune and Tones\Documents\traindata\IMG\center_2026_08_02_19_01_21_846.jpg;0
C:\Users\Tune and Tones\Documents\traindata\IMG\center_2026_08_02_19_01_21_932.jpg;0
C:\Users\Tune and Tones\Documents\traindata\IMG\center_2026_08_02_19_01_22_013.jpg;0
C:\Users\Tune and Tones\Documents\traindata\IMG\center_2026_08_02_19_01_22_095.jpg;0
C:\Users\Tune and Tones\Documents\traindata\IMG\center_2026_08_02_19_01_22_178.jpg;0
C:\Users\Tune and Tones\Documents\traindata\IMG\center_2026_08_02_19_01_22_258.jpg;0
C:\Users\Tune and Tones\Documents\traindata\IMG\center_2026_08_02_19_01_22_335.jpg;0
C:\Users\Tune and Tones\Documents\traindata\IMG\center_2026_08_02_19_01_22_412.jpg;0
C:\Users\Tune and Tones\Documents\traindata\IMG\center_2026_08_02_19_01_22_493.jpg;0
C:\Users\Tune and Tones\Documents\traindata\IMG\center_2026_08_02_19_01_22_572.jpg;0
C:\Users\Tune and Tones\Documents\traindata\IMG\center_2026_08_02_19_01_22_645.jpg;0
C:\Users\Tune and Tones\Documents\traindata\IMG\center_2026_08_02_19_01_22_722.jpg;-0.2
C:\Users\Tune and Tones\Documents\traindata\IMG\center_2026_08_02_19_01_22_793.jpg;-0.4
C:\Users\Tune and Tones\Documents\traindata\IMG\center_2026_08_02_19_01_22_871.jpg;0
C:\Users\Tune and Tones\Documents\traindata\IMG\center_2026_08_02_19_01_22_944.jpg;0
C:\Users\Tune and Tones\Documents\traindata\IMG\center_2026_08_02_19_01_23_016.jpg;0
C:\Users\Tune and Tones\Documents\traindata\IMG\center_2026_08_02_19_01_23_094.jpg;0
C:\Users\Tune and Tones\Documents\traindata\IMG\center_2026_08_02_19_01_23_164.jpg;0
C:\Users\Tune and Tones\Documents\traindata\IMG\center_2026_08_02_19_01_23_230.jpg;0
C:\Users\Tune and Tones\Documents\traindata\IMG\center_2026_08_02_19_01_23_308.jpg;0
C:\Users\Tune and Tones\Documents\traindata\IMG\center_2026_08_02_19_01_23_379.jpg;0
C:\Users\Tune and Tones\Documents\traindata\IMG\center_2026_08_02_19_01_23_451.jpg;0
C:\Users\Tune and Tones\Documents\traindata\IMG\center_2026_08_02_19_01_23_522.jpg;0
C:\Users\Tune and Tones\Documents\traindata\IMG\center_2026_08_02_19_01_23_593.jpg;0
C:\Users\Tune and Tones\Documents\traindata\IMG\center_2026_08_02_19_01_23_660.jpg;-0.15
C:\Users\Tune and Tones\Documents\traindata\IMG\center_2026_08_02_19_01_23_733.jpg;-0.35
C:\Users\Tune and Tones\Documents\traindata\IMG\center_2026_08_02_19_01_23_805.jpg;0
C:\Users\Tune and Tones\Documents\traindata\IMG\center_2026_08_02_19_01_23_874.jpg;0
C:\Users\Tune and Tones\Documents\traindata\IMG\center_2026_08_02_19_01_23_946.jpg;0
C:\Users\Tune and Tones\Documents\traindata\IMG\center_2026_08_02_19_01_24_022.jpg;0
C:\Users\Tune and Tones\Documents\traindata\IMG\center_2026_08_02_19_01_24_094.jpg;0
C:\Users\Tune and Tones\Documents\traindata\IMG\center_2026_08_02_19_01_24_168.jpg;0
C:\Users\Tune and Tones\Documents\traindata\IMG\center_2026_08_02_19_01_24_240.jpg;0
C:\Users\Tune and Tones\Documents\traindata\IMG\center_2026_08_02_19_01_24_311.jpg;0
C:\Users\Tune and Tones\Documents\traindata\IMG\center_2026_08_02_19_01_24_385.jpg;0
C:\Users\Tune and Tones\Documents\traindata\IMG\center_2026_08_02_19_01_24_456.jpg;0
C:\Users\Tune and Tones\Documents\traindata\IMG\center_2026_08_02_19_01_24_529.jpg;0
C:\Users\Tune and Tones\Documents\traindata\IMG\center_2026_08_02_19_01_24_605.jpg;0
C:\Users\Tune and Tones\Documents\traindata\IMG\center_2026_08_02_19_01_24_752.jpg;0
C:\Users\Tune and Tones\Documents\traindata\IMG\center_2026_08_02_19_01_24_826.jpg;0
C:\Users\Tune and Tones\Documents\traindata\IMG\center_2026_08_02_19_01_24_897.jpg;0
C:\Users\Tune and Tones\Documents\traindata\IMG\center_2026_08_02_19_01_24_968.jpg;0
C:\Users\Tune and Tones\Documents\traindata\IMG\center_2026_08_02_19_01_25_042.jpg;0
C:\Users\Tune and Tones\Documents\traindata\IMG\center_2026_08_02_19_01_25_116.jpg;0
C:\Users\Tune and Tones\Documents\traindata\IMG\center_2026_08_02_19_01_25_187.jpg;0
C:\Users\Tune and Tones\Documents\traindata\IMG\center_2026_08_02_19_01_25_260.jpg;0
C:\Users\Tune and Tones\Documents\traindata\IMG\center_2026_08_02_19_01_25_332.jpg;0
C:\Users\Tune and Tones\Documents\traindata\IMG\center_2026_08_02_19_01_25_404.jpg;0
C:\Users\Tune and Tones\Documents\traindata\IMG\center_2026_08_02_19_01_25_477.jpg;0
C:\Users\Tune and Tones\Documents\traindata\IMG\center_2026_08_02_19_01_25_552.jpg;0
C:\Users\Tune and Tones\Documents\traindata\IMG\center_2026_08_02_19_01_25_625.jpg;0
C:\Users\Tune and Tones\Documents\traindata\IMG\center_2026_08_02_19_01_25_700.jpg;0
C:\Users\Tune and Tones\Documents\traindata\IMG\center_2026_08_02_19_01_25_773.jpg;0
C:\Users\Tune and Tones\Documents\traindata\IMG\center_2026_08_02_19_01_25_848.jpg;0
C:\Users\Tune and Tones\Documents\traindata\IMG\center_2026_08_02_19_01_25_919.jpg;0
C:\Users\Tune and Tones\Documents\traindata\IMG\center_2026_08_02_19_01_25_993.jpg;0
C:\Users\Tune and Tones\Documents\traindata\IMG\center_2026_08_02_19_01_26_067.jpg;0
C:\Users\Tune and Tones\Documents\traindata\IMG\center_2026_08_02_19_01_26_145.jpg;0
C:\Users\Tune and Tones\Documents\traindata\IMG\center_2026_08_02_19_01_26_224.jpg;0
C:\Users\Tune and Tones\Documents\traindata\IMG\center_2026_08_02_19_01_26_294.jpg;0
C:\Users\Tune and Tones\Documents\traindata\IMG\center_2026_08_02_19_01_26_367.jpg;0
C:\Users\Tune and Tones\Documents\traindata\IMG\center_2026_08_02_19_01_26_446.jpg;0
C:\Users\Tune and Tones\Documents\traindata\IMG\center_2026_08_02_19_01_26_519.jpg;0
C:\Users\Tune and Tones\Documents\traindata\IMG\center_2026_08_02_19_01_26_594.jpg;0
C:\Users\Tune and Tones\Documents\traindata\IMG\center_2026_08_02_19_01_26_670.jpg;0
C:\Users\Tune and Tones\Documents\traindata\IMG\center_2026_08_02_19_01_26_743.jpg;0
C:\Users\Tune and Tones\Documents\traindata\IMG\center_2026_08_02_19_01_26_817.jpg;0
C:\Users\Tune and Tones\Documents\traindata\IMG\center_2026_08_02_19_01_26_891.jpg;0
C:\Users\Tune and Tones\Documents\traindata\IMG\center_2026_08_02_19_01_26_966.jpg;0
C:\Users\Tune and Tones\Documents\traindata\IMG\center_2026_08_02_19_01_27_047.jpg;-0.2
C:\Users\Tune and Tones\Documents\traindata\IMG\center_2026_08_02_19_01_27_117.jpg;0
C:\Users\Tune and Tones\Documents\traindata\IMG\center_2026_08_02_19_01_27_192.jpg;0
C:\Users\Tune and Tones\Documents\traindata\IMG\center_2026_08_02_19_01_27_271.jpg;0
C:\Users\Tune and Tones\Documents\traindata\IMG\center_2026_08_02_19_01_27_349.jpg;0
C:\Users\Tune and Tones\Documents\traindata\IMG\center_2026_08_02_19_01_27_420.jpg;0
C:\Users\Tune and Tones\Documents\traindata\IMG\center_2026_08_02_19_01_27_494.jpg;0
C:\Users\Tune and Tones\Documents\traindata\IMG\center_2026_08_02_19_01_27_573.jpg;0
C:\Users\Tune and Tones\Documents\traindata\IMG\center_2026_08_02_19_01_27_646.jpg;0
C:\Users\Tune and Tones\Documents\traindata\IMG\center_2026_08_02_19_01_27_726.jpg;0
C:\Users\Tune and Tones\Documents\traindata\IMG\center_2026_08_02_19_01_27_799.jpg;0
C:\Users\Tune and Tones\Documents\traindata\IMG\center_2026_08_02_19_01_27_875.jpg;0
C:\Users\Tune and Tones\Documents\traindata\IMG\center_2026_08_02_19_01_27_953.jpg;0
C:\Users\Tune and Tones\Documents\traindata\IMG\center_2026_08_02_19_01_28_028.jpg;0
C:\Users\Tune and Tones\Documents\traindata\IMG\center_2026_08_02_19_01_28_103.jpg;0
C:\Users\Tune and Tones\Documents\traindata\IMG\center_2026_08_02_19_01_28_185.jpg;0
C:\Users\Tune and Tones\Documents\traindata\IMG\center_2026_08_02_19_01_28_260.jpg;0
C:\Users\Tune and Tones\Documents\traindata\IMG\center_2026_08_02_19_01_28_333.jpg;0
C:\Users\Tune and Tones\Documents\traindata\IMG\center_2026_08_02_19_01_28_410.jpg;-0.2
C:\Users\Tune and Tones\Documents\traindata\IMG\center_2026_08_02_19_01_28_489.jpg;-0.4
C:\Users\Tune and Tones\Documents\traindata\IMG\center_2026_08_02_19_01_28_569.jpg;0
C:\Users\Tune and Tones\Documents\traindata\IMG\center_2026_08_02_19_01_28_643.jpg;0
C:\Users\Tune and Tones\Documents\traindata\IMG\center_2026_08_02_19_01_28_728.jpg;0
C:\Users\Tune and Tones\Documents\traindata\IMG\center_2026_08_02_19_01_28_804.jpg;0
C:\Users\Tune and Tones\Documents\traindata\IMG\center_2026_08_02_19_01_28_881.jpg;0
C:\Users\Tune and Tones\Documents\traindata\IMG\center_2026_08_02_19_01_28_960.jpg;0
C:\Users\Tune and Tones\Documents\traindata\IMG\center_2026_08_02_19_01_29_040.jpg;0
C:\Users\Tune and Tones\Documents\traindata\IMG\center_2026_08_02_19_01_29_119.jpg;0
C:\Users\Tune and Tones\Documents\traindata\IMG\center_2026_08_02_19_01_29_203.jpg;0
C:\Users\Tune and Tones\Documents\traindata\IMG\center_2026_08_02_19_01_29_283.jpg;0
C:\Users\Tune and Tones\Documents\traindata\IMG\center_2026_08_02_19_01_29_360.jpg;0
C:\Users\Tune and Tones\Documents\traindata\IMG\center_2026_08_02_19_01_29_442.jpg;0
C:\Users\Tune and Tones\Documents\traindata\IMG\center_2026_08_02_19_01_29_526.jpg;0
C:\Users\Tune and Tones\Documents\traindata\IMG\center_2026_08_02_19_01_29_615.jpg;0
C:\Users\Tune and Tones\Documents\traindata\IMG\center_2026_08_02_19_01_29_692.jpg;0
C:\Users\Tune and Tones\Documents\traindata\IMG\center_2026_08_02_19_01_29_776.jpg;0
C:\Users\Tune and Tones\Documents\traindata\IMG\center_2026_08_02_19_01_29_861.jpg;0
C:\Users\Tune and Tones\Documents\traindata\IMG\center_2026_08_02_19_01_29_949.jpg;0
C:\Users\Tune and Tones\Documents\traindata\IMG\center_2026_08_02_19_01_30_038.jpg;0
C:\Users\Tune and Tones\Documents\traindata\IMG\center_2026_08_02_19_01_30_125.jpg;0
C:\Users\Tune and Tones\Documents\traindata\IMG\center_2026_08_02_19_01_30_211.jpg;0
C:\Users\Tune and Tones\Documents\traindata\IMG\center_2026_08_02_19_01_30_299.jpg;0
C:\Users\Tune and Tones\Documents\traindata\IMG\center_2026_08_02_19_01_30_381.jpg;0
C:\Users\Tune and Tones\Documents\traindata\IMG\center_2026_08_02_19_01_30_465.jpg;0
C:\Users\Tune and Tones\Documents\traindata\IMG\center_2026_08_02_19_01_30_555.jpg;0
C:\Users\Tune and Tones\Documents\traindata\IMG\center_2026_08_02_19_01_30_648.jpg;0
C:\Users\Tune and Tones\Documents\traindata\IMG\center_2026_08_02_19_01_30_733.jpg;0
C:\Users\Tune and Tones\Documents\traindata\IMG\center_2026_08_02_19_01_30_821.jpg;0
C:\Users\Tune and Tones\Documents\traindata\IMG\center_2026_08_02_19_01_30_912.jpg;0
C:\Users\Tune and Tones\Documents\traindata\IMG\center_2026_08_02_19_01_31_003.jpg;0
C:\Users\Tune and Tones\Documents\traindata\IMG\center_2026_08_02_19_01_31_100.jpg;0
C:\Users\Tune and Tones\Documents\traindata\IMG\center_2026_08_02_19_01_31_186.jpg;0
C:\Users\Tune and Tones\Documents\traindata\IMG\center_2026_08_02_19_01_31_273.jpg;0
C:\Users\Tune and Tones\Documents\traindata\IMG\center_2026_08_02_19_01_31_374.jpg;0
C:\Users\Tune and Tones\Documents\traindata\IMG\center_2026_08_02_19_01_31_464.jpg;0
C:\Users\Tune and Tones\Documents\traindata\IMG\center_2026_08_02_19_01_31_552.jpg;0
C:\Users\Tune and Tones\Documents\traindata\IMG\center_2026_08_02_19_01_31_649.jpg;0
C:\Users\Tune and Tones\Documents\traindata\IMG\center_2026_08_02_19_01_31_734.jpg;0
C:\Users\Tune and Tones\Documents\traindata\IMG\center_2026_08_02_19_01_31_825.jpg;0
C:\Users\Tune and Tones\Documents\traindata\IMG\center_2026_08_02_19_01_31_919.jpg;0
C:\Users\Tune and Tones\Documents\traindata\IMG\center_2026_08_02_19_01_32_010.jpg;0
C:\Users\Tune and Tones\Documents\traindata\IMG\center_2026_08_02_19_01_32_104.jpg;0
C:\Users\Tune and Tones\Documents\traindata\IMG\center_2026_08_02_19_01_32_203.jpg;0
C:\Users\Tune and Tones\Documents\traindata\IMG\center_2026_08_02_19_01_32_299.jpg;0
C:\Users\Tune and Tones\Documents\traindata\IMG\center_2026_08_02_19_01_32_397.jpg;0
C:\Users\Tune and Tones\Documents\traindata\IMG\center_2026_08_02_19_01_32_484.jpg;0
C:\Users\Tune and Tones\Documents\traindata\IMG\center_2026_08_02_19_01_32_581.jpg;0
C:\Users\Tune and Tones\Documents\traindata\IMG\center_2026_08_02_19_01_32_678.jpg;0
C:\Users\Tune and Tones\Documents\traindata\IMG\center_2026_08_02_19_01_32_774.jpg;0
C:\Users\Tune and Tones\Documents\traindata\IMG\center_2026_08_02_19_01_32_870.jpg;0
C:\Users\Tune and Tones\Documents\traindata\IMG\center_2026_08_02_19_01_32_969.jpg;0
C:\Users\Tune and Tones\Documents\traindata\IMG\center_2026_08_02_19_01_33_138.jpg;0
C:\Users\Tune and Tones\Documents\traindata\IMG\center_2026_08_02_19_01_33_234.jpg;0
C:\Users\Tune and Tones\Documents\traindata\IMG\center_2026_08_02_19_01_33_258.jpg;0
C:\Users\Tune and Tones\Documents\traindata\IMG\center_2026_08_02_19_01_33_360.jpg;0
C:\Users\Tune and Tones\Documents\traindata\IMG\center_2026_08_02_19_01_33_458.jpg;0
C:\Users\Tune and Tones\Documents\traindata\IMG\center_2026_08_02_19_01_33_558.jpg;0
C:\Users\Tune and Tones\Documents\traindata\IMG\center_2026_08_02_19_01_33_655.jpg;0
C:\Users\Tune and Tones\Documents\traindata\IMG\center_2026_08_02_19_01_33_751.jpg;-0.25
C:\Users\Tune and Tones\Documents\traindata\IMG\center_2026_08_02_19_01_33_846.jpg;-0.45
C:\Users\Tune and Tones\Documents\traindata\IMG\center_2026_08_02_19_01_33_957.jpg;0
C:\Users\Tune and Tones\Documents\traindata\IMG\center_2026_08_02_19_01_34_056.jpg;0
C:\Users\Tune and Tones\Documents\traindata\IMG\center_2026_08_02_19_01_34_156.jpg;0
C:\Users\Tune and Tones\Documents\traindata\IMG\center_2026_08_02_19_01_34_256.jpg;0
C:\Users\Tune and Tones\Documents\traindata\IMG\center_2026_08_02_19_01_34_353.jpg;0
C:\Users\Tune and Tones\Documents\traindata\IMG\center_2026_08_02_19_01_34_455.jpg;0
C:\Users\Tune and Tones\Documents\traindata\IMG\center_2026_08_02_19_01_34_551.jpg;0
C:\Users\Tune and Tones\Documents\traindata\IMG\center_2026_08_02_19_01_34_652.jpg;0
C:\Users\Tune and Tones\Documents\traindata\IMG\center_2026_08_02_19_01_34_747.jpg;-0.2
C:\Users\Tune and Tones\Documents\traindata\IMG\center_2026_08_02_19_01_34_838.jpg;-0.45
C:\Users\Tune and Tones\Documents\traindata\IMG\center_2026_08_02_19_01_34_934.jpg;-0.7
C:\Users\Tune and Tones\Documents\traindata\IMG\center_2026_08_02_19_01_35_032.jpg;0
C:\Users\Tune and Tones\Documents\traindata\IMG\center_2026_08_02_19_01_35_137.jpg;0
C:\Users\Tune and Tones\Documents\traindata\IMG\center_2026_08_02_19_01_35_234.jpg;0
C:\Users\Tune and Tones\Documents\traindata\IMG\center_2026_08_02_19_01_35_328.jpg;0
C:\Users\Tune and Tones\Documents\traindata\IMG\center_2026_08_02_19_01_35_420.jpg;0
C:\Users\Tune and Tones\Documents\traindata\IMG\center_2026_08_02_19_01_35_517.jpg;0
C:\Users\Tune and Tones\Documents\traindata\IMG\center_2026_08_02_19_01_35_603.jpg;0
C:\Users\Tune and Tones\Documents\traindata\IMG\center_2026_08_02_19_01_35_694.jpg;0
C:\Users\Tune and Tones\Documents\traindata\IMG\center_2026_08_02_19_01_35_770.jpg;0
C:\Users\Tune and Tones\Documents\traindata\IMG\center_2026_08_02_19_01_35_869.jpg;0
C:\Users\Tune and Tones\Documents\traindata\IMG\center_2026_08_02_19_01_35_955.jpg;0
C:\Users\Tune and Tones\Documents\traindata\IMG\center_2026_08_02_19_01_36_037.jpg;0
C:\Users\Tune and Tones\Documents\traindata\IMG\center_2026_08_02_19_01_36_128.jpg;-0.25
C:\Users\Tune and Tones\Documents\traindata\IMG\center_2026_08_02_19_01_36_222.jpg;-0.45
C:\Users\Tune and Tones\Documents\traindata\IMG\center_2026_08_02_19_01_36_305.jpg;-0.6500001
C:\Users\Tune and Tones\Documents\traindata\IMG\center_2026_08_02_19_01_36_393.jpg;0
C:\Users\Tune and Tones\Documents\traindata\IMG\center_2026_08_02_19_01_36_485.jpg;0
C:\Users\Tune and Tones\Documents\traindata\IMG\center_2026_08_02_19_01_36_575.jpg;0
C:\Users\Tune and Tones\Documents\traindata\IMG\center_2026_08_02_19_01_36_668.jpg;0
C:\Users\Tune and Tones\Documents\traindata\IMG\center_2026_08_02_19_01_36_759.jpg;0
C:\Users\Tune and Tones\Documents\traindata\IMG\center_2026_08_02_19_01_36_847.jpg;0
C:\Users\Tune and Tones\Documents\traindata\IMG\center_2026_08_02_19_01_36_934.jpg;0
C:\Users\Tune and Tones\Documents\traindata\IMG\center_2026_08_02_19_01_37_027.jpg;0
C:\Users\Tune and Tones\Documents\traindata\IMG\center_2026_08_02_19_01_37_118.jpg;0
C:\Users\Tune and Tones\Documents\traindata\IMG\center_2026_08_02_19_01_37_202.jpg;0
C:\Users\Tune and Tones\Documents\traindata\IMG\center_2026_08_02_19_01_37_298.jpg;0
C:\Users\Tune and Tones\Documents\traindata\IMG\center_2026_08_02_19_01_37_387.jpg;-0.2
C:\Users\Tune and Tones\Documents\traindata\IMG\center_2026_08_02_19_01_37_471.jpg;-0.45
C:\Users\Tune and Tones\Documents\traindata\IMG\center_2026_08_02_19_01_37_559.jpg;-0.6500001
C:\Users\Tune and Tones\Documents\traindata\IMG\center_2026_08_02_19_01_37_648.jpg;0
C:\Users\Tune and Tones\Documents\traindata\IMG\center_2026_08_02_19_01_37_743.jpg;0
C:\Users\Tune and Tones\Documents\traindata\IMG\center_2026_08_02_19_01_37_828.jpg;0
C:\Users\Tune and Tones\Documents\traindata\IMG\center_2026_08_02_19_01_37_916.jpg;0
C:\Users\Tune and Tones\Documents\traindata\IMG\center_2026_08_02_19_01_38_002.jpg;0
C:\Users\Tune and Tones\Documents\traindata\IMG\center_2026_08_02_19_01_38_095.jpg;-0.25
C:\Users\Tune and Tones\Documents\traindata\IMG\center_2026_08_02_19_01_38_178.jpg;-0.45
C:\Users\Tune and Tones\Documents\traindata\IMG\center_2026_08_02_19_01_38_263.jpg;-0.6500001
C:\Users\Tune and Tones\Documents\traindata\IMG\center_2026_08_02_19_01_38_355.jpg;-0.9000002
C:\Users\Tune and Tones\Documents\traindata\IMG\center_2026_08_02_19_01_38_444.jpg;-1
C:\Users\Tune and Tones\Documents\traindata\IMG\center_2026_08_02_19_01_38_535.jpg;-1
C:\Users\Tune and Tones\Documents\traindata\IMG\center_2026_08_02_19_01_38_625.jpg;0
C:\Users\Tune and Tones\Documents\traindata\IMG\center_2026_08_02_19_01_38_715.jpg;0
C:\Users\Tune and Tones\Documents\traindata\IMG\center_2026_08_02_19_01_38_802.jpg;0
C:\Users\Tune and Tones\Documents\traindata\IMG\center_2026_08_02_19_01_38_891.jpg;0
C:\Users\Tune and Tones\Documents\traindata\IMG\center_2026_08_02_19_01_38_982.jpg;0
C:\Users\Tune and Tones\Documents\traindata\IMG\center_2026_08_02_19_01_39_072.jpg;0
C:\Users\Tune and Tones\Documents\traindata\IMG\center_2026_08_02_19_01_39_167.jpg;0
C:\Users\Tune and Tones\Documents\traindata\IMG\center_2026_08_02_19_01_39_255.jpg;-0.2
C:\Users\Tune and Tones\Documents\traindata\IMG\center_2026_08_02_19_01_39_346.jpg;-0.4
C:\Users\Tune and Tones\Documents\traindata\IMG\center_2026_08_02_19_01_39_435.jpg;0
C:\Users\Tune and Tones\Documents\traindata\IMG\center_2026_08_02_19_01_39_527.jpg;0
C:\Users\Tune and Tones\Documents\traindata\IMG\center_2026_08_02_19_01_39_617.jpg;0
C:\Users\Tune and Tones\Documents\traindata\IMG\center_2026_08_02_19_01_39_721.jpg;0
C:\Users\Tune and Tones\Documents\traindata\IMG\center_2026_08_02_19_01_39_805.jpg;0
C:\Users\Tune and Tones\Documents\traindata\IMG\center_2026_08_02_19_01_39_899.jpg;0
C:\Users\Tune and Tones\Documents\traindata\IMG\center_2026_08_02_19_01_40_002.jpg;0
C:\Users\Tune and Tones\Documents\traindata\IMG\center_2026_08_02_19_01_40_100.jpg;0
C:\Users\Tune and Tones\Documents\traindata\IMG\center_2026_08_02_19_01_40_198.jpg;-0.25
C:\Users\Tune and Tones\Documents\traindata\IMG\center_2026_08_02_19_01_40_308.jpg;-0.5000001
C:\Users\Tune and Tones\Documents\traindata\IMG\center_2026_08_02_19_01_40_399.jpg;-0.7500002
C:\Users\Tune and Tones\Documents\traindata\IMG\center_2026_08_02_19_01_40_503.jpg;-1
C:\Users\Tune and Tones\Documents\traindata\IMG\center_2026_08_02_19_01_40_605.jpg;0
C:\Users\Tune and Tones\Documents\traindata\IMG\center_2026_08_02_19_01_40_710.jpg;0
C:\Users\Tune and Tones\Documents\traindata\IMG\center_2026_08_02_19_01_40_816.jpg;0
C:\Users\Tune and Tones\Documents\traindata\IMG\center_2026_08_02_19_01_40_914.jpg;0
C:\Users\Tune and Tones\Documents\traindata\IMG\center_2026_08_02_19_01_41_013.jpg;0
C:\Users\Tune and Tones\Documents\traindata\IMG\center_2026_08_02_19_01_41_118.jpg;0
C:\Users\Tune and Tones\Documents\traindata\IMG\center_2026_08_02_19_01_41_225.jpg;0
C:\Users\Tune and Tones\Documents\traindata\IMG\center_2026_08_02_19_01_41_323.jpg;0.25
C:\Users\Tune and Tones\Documents\traindata\IMG\center_2026_08_02_19_01_41_427.jpg;0
C:\Users\Tune and Tones\Documents\traindata\IMG\center_2026_08_02_19_01_41_525.jpg;0
C:\Users\Tune and Tones\Documents\traindata\IMG\center_2026_08_02_19_01_41_620.jpg;0
C:\Users\Tune and Tones\Documents\traindata\IMG\center_2026_08_02_19_01_41_715.jpg;0
C:\Users\Tune and Tones\Documents\traindata\IMG\center_2026_08_02_19_01_41_808.jpg;0
C:\Users\Tune and Tones\Documents\traindata\IMG\center_2026_08_02_19_01_41_901.jpg;0
C:\Users\Tune and Tones\Documents\traindata\IMG\center_2026_08_02_19_01_41_993.jpg;0
C:\Users\Tune and Tones\Documents\traindata\IMG\center_2026_08_02_19_01_42_083.jpg;0
C:\Users\Tune and Tones\Documents\traindata\IMG\center_2026_08_02_19_01_42_176.jpg;0
C:\Users\Tune and Tones\Documents\traindata\IMG\center_2026_08_02_19_01_42_271.jpg;0
C:\Users\Tune and Tones\Documents\traindata\IMG\center_2026_08_02_19_01_42_368.jpg;0
C:\Users\Tune and Tones\Documents\traindata\IMG\center_2026_08_02_19_01_42_463.jpg;0
C:\Users\Tune and Tones\Documents\traindata\IMG\center_2026_08_02_19_01_42_570.jpg;0
C:\Users\Tune and Tones\Documents\traindata\IMG\center_2026_08_02_19_01_42_660.jpg;0
C:\Users\Tune and Tones\Documents\traindata\IMG\center_2026_08_02_19_01_42_762.jpg;0
C:\Users\Tune and Tones\Documents\traindata\IMG\center_2026_08_02_19_01_42_870.jpg;0
C:\Users\Tune and Tones\Documents\traindata\IMG\center_2026_08_02_19_01_42_966.jpg;0
C:\Users\Tune and Tones\Documents\traindata\IMG\center_2026_08_02_19_01_43_069.jpg;0
C:\Users\Tune and Tones\Documents\traindata\IMG\center_2026_08_02_19_01_43_174.jpg;0
C:\Users\Tune and Tones\Documents\traindata\IMG\center_2026_08_02_19_01_43_279.jpg;0
C:\Users\Tune and Tones\Documents\traindata\IMG\center_2026_08_02_19_01_43_380.jpg;0
C:\Users\Tune and Tones\Documents\traindata\IMG\center_2026_08_02_19_01_43_482.jpg;0
C:\Users\Tune and Tones\Documents\traindata\IMG\center_2026_08_02_19_01_43_584.jpg;0
C:\Users\Tune and Tones\Documents\traindata\IMG\center_2026_08_02_19_01_43_685.jpg;0
C:\Users\Tune and Tones\Documents\traindata\IMG\center_2026_08_02_19_01_43_785.jpg;0
C:\Users\Tune and Tones\Documents\traindata\IMG\center_2026_08_02_19_01_43_885.jpg;0
C:\Users\Tune and Tones\Documents\traindata\IMG\center_2026_08_02_19_01_43_985.jpg;0
C:\Users\Tune and Tones\Documents\traindata\IMG\center_2026_08_02_19_01_44_081.jpg;0
C:\Users\Tune and Tones\Documents\traindata\IMG\center_2026_08_02_19_01_44_168.jpg;0
C:\Users\Tune and Tones\Documents\traindata\IMG\center_2026_08_02_19_01_44_254.jpg;0
C:\Users\Tune and Tones\Documents\traindata\IMG\center_2026_08_02_19_01_44_344.jpg;0
C:\Users\Tune and Tones\Documents\traindata\IMG\center_2026_08_02_19_01_44_431.jpg;0
C:\Users\Tune and Tones\Documents\traindata\IMG\center_2026_08_02_19_01_44_518.jpg;0
C:\Users\Tune and Tones\Documents\traindata\IMG\center_2026_08_02_19_01_44_604.jpg;0
C:\Users\Tune and Tones\Documents\traindata\IMG\center_2026_08_02_19_01_44_689.jpg;0
C:\Users\Tune and Tones\Documents\traindata\IMG\center_2026_08_02_19_01_44_775.jpg;0
C:\Users\Tune and Tones\Documents\traindata\IMG\center_2026_08_02_19_01_44_858.jpg;0
C:\Users\Tune and Tones\Documents\traindata\IMG\center_2026_08_02_19_01_44_945.jpg;0
C:\Users\Tune and Tones\Documents\traindata\IMG\center_2026_08_02_19_01_45_029.jpg;0
C:\Users\Tune and Tones\Documents\traindata\IMG\center_2026_08_02_19_01_45_110.jpg;0
C:\Users\Tune and Tones\Documents\traindata\IMG\center_2026_08_02_19_01_45_193.jpg;0
C:\Users\Tune and Tones\Documents\traindata\IMG\center_2026_08_02_19_01_45_268.jpg;0
C:\Users\Tune and Tones\Documents\traindata\IMG\center_2026_08_02_19_01_45_352.jpg;0
C:\Users\Tune and Tones\Documents\traindata\IMG\center_2026_08_02_19_01_45_432.jpg;0
C:\Users\Tune and Tones\Documents\traindata\IMG\center_2026_08_02_19_01_45_514.jpg;0
C:\Users\Tune and Tones\Documents\traindata\IMG\center_2026_08_02_19_01_45_594.jpg;0
C:\Users\Tune and Tones\Documents\traindata\IMG\center_2026_08_02_19_01_45_676.jpg;0
C:\Users\Tune and Tones\Documents\traindata\IMG\center_2026_08_02_19_01_45_758.jpg;0
C:\Users\Tune and Tones\Documents\traindata\IMG\center_2026_08_02_19_01_45_844.jpg;0.2
C:\Users\Tune and Tones\Documents\traindata\IMG\center_2026_08_02_19_01_45_922.jpg;0.4
C:\Users\Tune and Tones\Documents\traindata\IMG\center_2026_08_02_19_01_46_003.jpg;0
C:\Users\Tune and Tones\Documents\traindata\IMG\center_2026_08_02_19_01_46_074.jpg;0
C:\Users\Tune and Tones\Documents\traindata\IMG\center_2026_08_02_19_01_46_155.jpg;0
C:\Users\Tune and Tones\Documents\traindata\IMG\center_2026_08_02_19_01_46_235.jpg;0
C:\Users\Tune and Tones\Documents\traindata\IMG\center_2026_08_02_19_01_46_310.jpg;0
C:\Users\Tune and Tones\Documents\traindata\IMG\center_2026_08_02_19_01_46_387.jpg;0.2
C:\Users\Tune and Tones\Documents\traindata\IMG\center_2026_08_02_19_01_46_463.jpg;0.35
C:\Users\Tune and Tones\Documents\traindata\IMG\center_2026_08_02_19_01_46_539.jpg;0.5500001
C:\Users\Tune and Tones\Documents\traindata\IMG\center_2026_08_02_19_01_46_617.jpg;0.7500002
C:\Users\Tune and Tones\Documents\traindata\IMG\center_2026_08_02_19_01_46_692.jpg;0
C:\Users\Tune and Tones\Documents\traindata\IMG\center_2026_08_02_19_01_46_769.jpg;0
C:\Users\Tune and Tones\Documents\traindata\IMG\center_2026_08_02_19_01_46_843.jpg;0.15
C:\Users\Tune and Tones\Documents\traindata\IMG\center_2026_08_02_19_01_46_913.jpg;0.35
C:\Users\Tune and Tones\Documents\traindata\IMG\center_2026_08_02_19_01_46_987.jpg;0.5000001
C:\Users\Tune and Tones\Documents\traindata\IMG\center_2026_08_02_19_01_47_063.jpg;0.7
C:\Users\Tune and Tones\Documents\traindata\IMG\center_2026_08_02_19_01_47_131.jpg;0
C:\Users\Tune and Tones\Documents\traindata\IMG\center_2026_08_02_19_01_47_198.jpg;0
C:\Users\Tune and Tones\Documents\traindata\IMG\center_2026_08_02_19_01_47_270.jpg;0
C:\Users\Tune and Tones\Documents\traindata\IMG\center_2026_08_02_19_01_47_342.jpg;0
C:\Users\Tune and Tones\Documents\traindata\IMG\center_2026_08_02_19_01_47_409.jpg;0
C:\Users\Tune and Tones\Documents\traindata\IMG\center_2026_08_02_19_01_47_483.jpg;0
C:\Users\Tune and Tones\Documents\traindata\IMG\center_2026_08_02_19_01_47_551.jpg;0.2
C:\Users\Tune and Tones\Documents\traindata\IMG\center_2026_08_02_19_01_47_622.jpg;0.35
C:\Users\Tune and Tones\Documents\traindata\IMG\center_2026_08_02_19_01_47_694.jpg;0
C:\Users\Tune and Tones\Documents\traindata\IMG\center_2026_08_02_19_01_47_763.jpg;0
C:\Users\Tune and Tones\Documents\traindata\IMG\center_2026_08_02_19_01_47_830.jpg;0
C:\Users\Tune and Tones\Documents\traindata\IMG\center_2026_08_02_19_01_47_904.jpg;0
C:\Users\Tune and Tones\Documents\traindata\IMG\center_2026_08_02_19_01_47_973.jpg;0.2
C:\Users\Tune and Tones\Documents\traindata\IMG\center_2026_08_02_19_01_48_043.jpg;0.35
C:\Users\Tune and Tones\Documents\traindata\IMG\center_2026_08_02_19_01_48_113.jpg;0.5500001
C:\Users\Tune and Tones\Documents\traindata\IMG\center_2026_08_02_19_01_48_250.jpg;0.9000002
C:\Users\Tune and Tones\Documents\traindata\IMG\center_2026_08_02_19_01_48_318.jpg;0
C:\Users\Tune and Tones\Documents\traindata\IMG\center_2026_08_02_19_01_48_386.jpg;0
C:\Users\Tune and Tones\Documents\traindata\IMG\center_2026_08_02_19_01_48_454.jpg;0
C:\Users\Tune and Tones\Documents\traindata\IMG\center_2026_08_02_19_01_48_524.jpg;0
C:\Users\Tune and Tones\Documents\traindata\IMG\center_2026_08_02_19_01_48_598.jpg;0.2
C:\Users\Tune and Tones\Documents\traindata\IMG\center_2026_08_02_19_01_48_670.jpg;0.4
C:\Users\Tune and Tones\Documents\traindata\IMG\center_2026_08_02_19_01_48_740.jpg;0.5500001
C:\Users\Tune and Tones\Documents\traindata\IMG\center_2026_08_02_19_01_48_816.jpg;0.7500002
C:\Users\Tune and Tones\Documents\traindata\IMG\center_2026_08_02_19_01_48_888.jpg;0.9000002
C:\Users\Tune and Tones\Documents\traindata\IMG\center_2026_08_02_19_01_48_959.jpg;0
C:\Users\Tune and Tones\Documents\traindata\IMG\center_2026_08_02_19_01_49_043.jpg;0
C:\Users\Tune and Tones\Documents\traindata\IMG\center_2026_08_02_19_01_49_118.jpg;0
C:\Users\Tune and Tones\Documents\traindata\IMG\center_2026_08_02_19_01_49_193.jpg;0
C:\Users\Tune and Tones\Documents\traindata\IMG\center_2026_08_02_19_01_49_265.jpg;0
C:\Users\Tune and Tones\Documents\traindata\IMG\center_2026_08_02_19_01_49_345.jpg;0.2
C:\Users\Tune and Tones\Documents\traindata\IMG\center_2026_08_02_19_01_49_423.jpg;0.4
C:\Users\Tune and Tones\Documents\traindata\IMG\center_2026_08_02_19_01_49_495.jpg;0.6000001
C:\Users\Tune and Tones\Documents\traindata\IMG\center_2026_08_02_19_01_49_575.jpg;0
C:\Users\Tune and Tones\Documents\traindata\IMG\center_2026_08_02_19_01_49_647.jpg;0
C:\Users\Tune and Tones\Documents\traindata\IMG\center_2026_08_02_19_01_49_731.jpg;0
C:\Users\Tune and Tones\Documents\traindata\IMG\center_2026_08_02_19_01_49_809.jpg;0
C:\Users\Tune and Tones\Documents\traindata\IMG\center_2026_08_02_19_01_49_888.jpg;0.2
C:\Users\Tune and Tones\Documents\traindata\IMG\center_2026_08_02_19_01_49_972.jpg;0.4
C:\Users\Tune and Tones\Documents\traindata\IMG\center_2026_08_02_19_01_50_047.jpg;0
C:\Users\Tune and Tones\Documents\traindata\IMG\center_2026_08_02_19_01_50_124.jpg;0
C:\Users\Tune and Tones\Documents\traindata\IMG\center_2026_08_02_19_01_50_204.jpg;0
C:\Users\Tune and Tones\Documents\traindata\IMG\center_2026_08_02_19_01_50_281.jpg;0
C:\Users\Tune and Tones\Documents\traindata\IMG\center_2026_08_02_19_01_50_359.jpg;0
C:\Users\Tune and Tones\Documents\traindata\IMG\center_2026_08_02_19_01_50_439.jpg;0
C:\Users\Tune and Tones\Documents\traindata\IMG\center_2026_08_02_19_01_50_514.jpg;0
C:\Users\Tune and Tones\Documents\traindata\IMG\center_2026_08_02_19_01_50_597.jpg;0
C:\Users\Tune and Tones\Documents\traindata\IMG\center_2026_08_02_19_01_50_668.jpg;0
C:\Users\Tune and Tones\Documents\traindata\IMG\center_2026_08_02_19_01_50_746.jpg;0
C:\Users\Tune and Tones\Documents\traindata\IMG\center_2026_08_02_19_01_50_828.jpg;0
C:\Users\Tune and Tones\Documents\traindata\IMG\center_2026_08_02_19_01_50_906.jpg;0
C:\Users\Tune and Tones\Documents\traindata\IMG\center_2026_08_02_19_01_50_977.jpg;0
C:\Users\Tune and Tones\Documents\traindata\IMG\center_2026_08_02_19_01_51_058.jpg;0
C:\Users\Tune and Tones\Documents\traindata\IMG\center_2026_08_02_19_01_51_134.jpg;0
C:\Users\Tune and Tones\Documents\traindata\IMG\center_2026_08_02_19_01_51_211.jpg;0
C:\Users\Tune and Tones\Documents\traindata\IMG\center_2026_08_02_19_01_51_289.jpg;0
C:\Users\Tune and Tones\Documents\traindata\IMG\center_2026_08_02_19_01_51_369.jpg;0
C:\Users\Tune and Tones\Documents\traindata\IMG\center_2026_08_02_19_01_51_445.jpg;0
C:\Users\Tune and Tones\Documents\traindata\IMG\center_2026_08_02_19_01_51_522.jpg;0
C:\Users\Tune and Tones\Documents\traindata\IMG\center_2026_08_02_19_01_51_603.jpg;0
C:\Users\Tune and Tones\Documents\traindata\IMG\center_2026_08_02_19_01_51_688.jpg;0
C:\Users\Tune and Tones\Documents\traindata\IMG\center_2026_08_02_19_01_51_766.jpg;0
C:\Users\Tune and Tones\Documents\traindata\IMG\center_2026_08_02_19_01_51_844.jpg;0
C:\Users\Tune and Tones\Documents\traindata\IMG\center_2026_08_02_19_01_51_924.jpg;0
C:\Users\Tune and Tones\Documents\traindata\IMG\center_2026_08_02_19_01_52_006.jpg;0
C:\Users\Tune and Tones\Documents\traindata\IMG\center_2026_08_02_19_01_52_085.jpg;0
C:\Users\Tune and Tones\Documents\traindata\IMG\center_2026_08_02_19_01_52_163.jpg;0
C:\Users\Tune and Tones\Documents\traindata\IMG\center_2026_08_02_19_01_52_235.jpg;0
C:\Users\Tune and Tones\Documents\traindata\IMG\center_2026_08_02_19_01_52_310.jpg;0
C:\Users\Tune and Tones\Documents\traindata\IMG\center_2026_08_02_19_01_52_392.jpg;0
C:\Users\Tune and Tones\Documents\traindata\IMG\center_2026_08_02_19_01_52_469.jpg;0.2
C:\Users\Tune and Tones\Documents\traindata\IMG\center_2026_08_02_19_01_52_554.jpg;0
C:\Users\Tune and Tones\Documents\traindata\IMG\center_2026_08_02_19_01_52_627.jpg;0
C:\Users\Tune and Tones\Documents\traindata\IMG\center_2026_08_02_19_01_52_706.jpg;0
C:\Users\Tune and Tones\Documents\traindata\IMG\center_2026_08_02_19_01_52_788.jpg;0
C:\Users\Tune and Tones\Documents\traindata\IMG\center_2026_08_02_19_01_52_867.jpg;0
C:\Users\Tune and Tones\Documents\traindata\IMG\center_2026_08_02_19_01_52_936.jpg;0
C:\Users\Tune and Tones\Documents\traindata\IMG\center_2026_08_02_19_01_53_018.jpg;0
C:\Users\Tune and Tones\Documents\traindata\IMG\center_2026_08_02_19_01_53_096.jpg;0
C:\Users\Tune and Tones\Documents\traindata\IMG\center_2026_08_02_19_01_53_175.jpg;0
C:\Users\Tune and Tones\Documents\traindata\IMG\center_2026_08_02_19_01_53_249.jpg;0
C:\Users\Tune and Tones\Documents\traindata\IMG\center_2026_08_02_19_01_53_333.jpg;0
C:\Users\Tune and Tones\Documents\traindata\IMG\center_2026_08_02_19_01_53_408.jpg;0
C:\Users\Tune and Tones\Documents\traindata\IMG\center_2026_08_02_19_01_53_483.jpg;0
C:\Users\Tune and Tones\Documents\traindata\IMG\center_2026_08_02_19_01_53_562.jpg;0
C:\Users\Tune and Tones\Documents\traindata\IMG\center_2026_08_02_19_01_53_638.jpg;0
C:\Users\Tune and Tones\Documents\traindata\IMG\center_2026_08_02_19_01_53_718.jpg;0
C:\Users\Tune and Tones\Documents\traindata\IMG\center_2026_08_02_19_01_53_796.jpg;0
C:\Users\Tune and Tones\Documents\traindata\IMG\center_2026_08_02_19_01_53_872.jpg;0
C:\Users\Tune and Tones\Documents\traindata\IMG\center_2026_08_02_19_01_53_950.jpg;0
C:\Users\Tune and Tones\Documents\traindata\IMG\center_2026_08_02_19_01_54_025.jpg;0
C:\Users\Tune and Tones\Documents\traindata\IMG\center_2026_08_02_19_01_54_100.jpg;0
C:\Users\Tune and Tones\Documents\traindata\IMG\center_2026_08_02_19_01_54_176.jpg;0
C:\Users\Tune and Tones\Documents\traindata\IMG\center_2026_08_02_19_01_54_254.jpg;0
C:\Users\Tune and Tones\Documents\traindata\IMG\center_2026_08_02_19_01_54_327.jpg;0
C:\Users\Tune and Tones\Documents\traindata\IMG\center_2026_08_02_19_01_54_407.jpg;0
C:\Users\Tune and Tones\Documents\traindata\IMG\center_2026_08_02_19_01_54_486.jpg;0
C:\Users\Tune and Tones\Documents\traindata\IMG\center_2026_08_02_19_01_54_558.jpg;0
C:\Users\Tune and Tones\Documents\traindata\IMG\center_2026_08_02_19_01_54_637.jpg;0
C:\Users\Tune and Tones\Documents\traindata\IMG\center_2026_08_02_19_01_54_716.jpg;0
C:\Users\Tune and Tones\Documents\traindata\IMG\center_2026_08_02_19_01_54_797.jpg;0
C:\Users\Tune and Tones\Documents\traindata\IMG\center_2026_08_02_19_01_54_878.jpg;0
C:\Users\Tune and Tones\Documents\traindata\IMG\center_2026_08_02_19_01_54_956.jpg;0
C:\Users\Tune and Tones\Documents\traindata\IMG\center_2026_08_02_19_01_55_036.jpg;0
C:\Users\Tune and Tones\Documents\traindata\IMG\center_2026_08_02_19_01_55_115.jpg;0
C:\Users\Tune and Tones\Documents\traindata\IMG\center_2026_08_02_19_01_55_193.jpg;-0.2
C:\Users\Tune and Tones\Documents\traindata\IMG\center_2026_08_02_19_01_55_274.jpg;-0.4
C:\Users\Tune and Tones\Documents\traindata\IMG\center_2026_08_02_19_01_55_356.jpg;-0.6000001
C:\Users\Tune and Tones\Documents\traindata\IMG\center_2026_08_02_19_01_55_437.jpg;0
C:\Users\Tune and Tones\Documents\traindata\IMG\center_2026_08_02_19_01_55_515.jpg;0
C:\Users\Tune and Tones\Documents\traindata\IMG\center_2026_08_02_19_01_55_599.jpg;0
C:\Users\Tune and Tones\Documents\traindata\IMG\center_2026_08_02_19_01_55_682.jpg;0
C:\Users\Tune and Tones\Documents\traindata\IMG\center_2026_08_02_19_01_55_765.jpg;0
C:\Users\Tune and Tones\Documents\traindata\IMG\center_2026_08_02_19_01_55_853.jpg;0
C:\Users\Tune and Tones\Documents\traindata\IMG\center_2026_08_02_19_01_55_933.jpg;0
C:\Users\Tune and Tones\Documents\traindata\IMG\center_2026_08_02_19_01_56_018.jpg;0
C:\Users\Tune and Tones\Documents\traindata\IMG\center_2026_08_02_19_01_56_103.jpg;-0.2
C:\Users\Tune and Tones\Documents\traindata\IMG\center_2026_08_02_19_01_56_185.jpg;-0.4
C:\Users\Tune and Tones\Documents\traindata\IMG\center_2026_08_02_19_01_56_270.jpg;-0.6500001
C:\Users\Tune and Tones\Documents\traindata\IMG\center_2026_08_02_19_01_56_355.jpg;-0.8500001
C:\Users\Tune and Tones\Documents\traindata\IMG\center_2026_08_02_19_01_56_440.jpg;0
C:\Users\Tune and Tones\Documents\traindata\IMG\center_2026_08_02_19_01_56_520.jpg;0
C:\Users\Tune and Tones\Documents\traindata\IMG\center_2026_08_02_19_01_56_605.jpg;0
C:\Users\Tune and Tones\Documents\traindata\IMG\center_2026_08_02_19_01_56_688.jpg;0
C:\Users\Tune and Tones\Documents\traindata\IMG\center_2026_08_02_19_01_56_771.jpg;0
C:\Users\Tune and Tones\Documents\traindata\IMG\center_2026_08_02_19_01_56_855.jpg;0
C:\Users\Tune and Tones\Documents\traindata\IMG\center_2026_08_02_19_01_56_939.jpg;0
C:\Users\Tune and Tones\Documents\traindata\IMG\center_2026_08_02_19_01_57_028.jpg;0
C:\Users\Tune and Tones\Documents\traindata\IMG\center_2026_08_02_19_01_57_112.jpg;0
C:\Users\Tune and Tones\Documents\traindata\IMG\center_2026_08_02_19_01_57_199.jpg;0
C:\Users\Tune and Tones\Documents\traindata\IMG\center_2026_08_02_19_01_57_284.jpg;-0.2
C:\Users\Tune and Tones\Documents\traindata\IMG\center_2026_08_02_19_01_57_371.jpg;-0.45
C:\Users\Tune and Tones\Documents\traindata\IMG\center_2026_08_02_19_01_57_457.jpg;-0.6500001
C:\Users\Tune and Tones\Documents\traindata\IMG\center_2026_08_02_19_01_57_543.jpg;0
C:\Users\Tune and Tones\Documents\traindata\IMG\center_2026_08_02_19_01_57_630.jpg;0
C:\Users\Tune and Tones\Documents\traindata\IMG\center_2026_08_02_19_01_57_719.jpg;0
C:\Users\Tune and Tones\Documents\traindata\IMG\center_2026_08_02_19_01_57_807.jpg;0
C:\Users\Tune and Tones\Documents\traindata\IMG\center_2026_08_02_19_01_57_894.jpg;0
C:\Users\Tune and Tones\Documents\traindata\IMG\center_2026_08_02_19_01_57_981.jpg;0
C:\Users\Tune and Tones\Documents\traindata\IMG\center_2026_08_02_19_01_58_070.jpg;-0.25
C:\Users\Tune and Tones\Documents\traindata\IMG\center_2026_08_02_19_01_58_157.jpg;-0.45
C:\Users\Tune and Tones\Documents\traindata\IMG\center_2026_08_02_19_01_58_247.jpg;-0.7
C:\Users\Tune and Tones\Documents\traindata\IMG\center_2026_08_02_19_01_58_335.jpg;-0.9000002
C:\Users\Tune and Tones\Documents\traindata\IMG\center_2026_08_02_19_01_58_427.jpg;-1
C:\Users\Tune and Tones\Documents\traindata\IMG\center_2026_08_02_19_01_58_518.jpg;0
C:\Users\Tune and Tones\Documents\traindata\IMG\center_2026_08_02_19_01_58_613.jpg;0
C:\Users\Tune and Tones\Documents\traindata\IMG\center_2026_08_02_19_01_58_700.jpg;0
C:\Users\Tune and Tones\Documents\traindata\IMG\center_2026_08_02_19_01_58_789.jpg;0
C:\Users\Tune and Tones\Documents\traindata\IMG\center_2026_08_02_19_01_58_882.jpg;-0.2
C:\Users\Tune and Tones\Documents\traindata\IMG\center_2026_08_02_19_01_58_969.jpg;-0.45
C:\Users\Tune and Tones\Documents\traindata\IMG\center_2026_08_02_19_01_59_060.jpg;-0.6500001
C:\Users\Tune and Tones\Documents\traindata\IMG\center_2026_08_02_19_01_59_150.jpg;0
C:\Users\Tune and Tones\Documents\traindata\IMG\center_2026_08_02_19_01_59_244.jpg;0
C:\Users\Tune and Tones\Documents\traindata\IMG\center_2026_08_02_19_01_59_329.jpg;0
C:\Users\Tune and Tones\Documents\traindata\IMG\center_2026_08_02_19_01_59_418.jpg;0
C:\Users\Tune and Tones\Documents\traindata\IMG\center_2026_08_02_19_01_59_509.jpg;-0.25
C:\Users\Tune and Tones\Documents\traindata\IMG\center_2026_08_02_19_01_59_599.jpg;-0.45
C:\Users\Tune and Tones\Documents\traindata\IMG\center_2026_08_02_19_01_59_684.jpg;0
C:\Users\Tune and Tones\Documents\traindata\IMG\center_2026_08_02_19_01_59_776.jpg;0
C:\Users\Tune and Tones\Documents\traindata\IMG\center_2026_08_02_19_01_59_866.jpg;0
C:\Users\Tune and Tones\Documents\traindata\IMG\center_2026_08_02_19_01_59_951.jpg;0
C:\Users\Tune and Tones\Documents\traindata\IMG\center_2026_08_02_19_02_00_039.jpg;0
C:\Users\Tune and Tones\Documents\traindata\IMG\center_2026_08_02_19_02_00_126.jpg;-0.2
C:\Users\Tune and Tones\Documents\traindata\IMG\center_2026_08_02_19_02_00_216.jpg;-0.45
C:\Users\Tune and Tones\Documents\traindata\IMG\center_2026_08_02_19_02_00_304.jpg;0
C:\Users\Tune and Tones\Documents\traindata\IMG\center_2026_08_02_19_02_00_393.jpg;0
C:\Users\Tune and Tones\Documents\traindata\IMG\center_2026_08_02_19_02_00_477.jpg;0
C:\Users\Tune and Tones\Documents\traindata\IMG\center_2026_08_02_19_02_00_564.jpg;0
C:\Users\Tune and Tones\Documents\traindata\IMG\center_2026_08_02_19_02_00_651.jpg;0
C:\Users\Tune and Tones\Documents\traindata\IMG\center_2026_08_02_19_02_00_738.jpg;0
C:\Users\Tune and Tones\Documents\traindata\IMG\center_2026_08_02_19_02_00_827.jpg;0
C:\Users\Tune and Tones\Documents\traindata\IMG\center_2026_08_02_19_02_00_914.jpg;0
C:\Users\Tune and Tones\Documents\traindata\IMG\center_2026_08_02_19_02_01_004.jpg;0
C:\Users\Tune and Tones\Documents\traindata\IMG\center_2026_08_02_19_02_01_092.jpg;0
C:\Users\Tune and Tones\Documents\traindata\IMG\center_2026_08_02_19_02_01_179.jpg;0
C:\Users\Tune and Tones\Documents\traindata\IMG\center_2026_08_02_19_02_01_265.jpg;0
C:\Users\Tune and Tones\Documents\traindata\IMG\center_2026_08_02_19_02_01_354.jpg;0
C:\Users\Tune and Tones\Documents\traindata\IMG\center_2026_08_02_19_02_01_442.jpg;0
C:\Users\Tune and Tones\Documents\traindata\IMG\center_2026_08_02_19_02_01_529.jpg;0
C:\Users\Tune and Tones\Documents\traindata\IMG\center_2026_08_02_19_02_01_620.jpg;-0.2
C:\Users\Tune and Tones\Documents\traindata\IMG\center_2026_08_02_19_02_01_703.jpg;-0.4
C:\Users\Tune and Tones\Documents\traindata\IMG\center_2026_08_02_19_02_01_798.jpg;-0.6500001
C:\Users\Tune and Tones\Documents\traindata\IMG\center_2026_08_02_19_02_01_880.jpg;0
C:\Users\Tune and Tones\Documents\traindata\IMG\center_2026_08_02_19_02_01_971.jpg;0
C:\Users\Tune and Tones\Documents\traindata\IMG\center_2026_08_02_19_02_02_065.jpg;0
C:\Users\Tune and Tones\Documents\traindata\IMG\center_2026_08_02_19_02_02_153.jpg;0
C:\Users\Tune and Tones\Documents\traindata\IMG\center_2026_08_02_19_02_02_240.jpg;0
C:\Users\Tune and Tones\Documents\traindata\IMG\center_2026_08_02_19_02_02_331.jpg;0
C:\Users\Tune and Tones\Documents\traindata\IMG\center_2026_08_02_19_02_02_424.jpg;-0.2
C:\Users\Tune and Tones\Documents\traindata\IMG\center_2026_08_02_19_02_02_507.jpg;-0.4
C:\Users\Tune and Tones\Documents\traindata\IMG\center_2026_08_02_19_02_02_599.jpg;-0.6500001
C:\Users\Tune and Tones\Documents\traindata\IMG\center_2026_08_02_19_02_02_688.jpg;-0.9000002
C:\Users\Tune and Tones\Documents\traindata\IMG\center_2026_08_02_19_02_02_784.jpg;-1
C:\Users\Tune and Tones\Documents\traindata\IMG\center_2026_08_02_19_02_02_879.jpg;0
C:\Users\Tune and Tones\Documents\traindata\IMG\center_2026_08_02_19_02_02_984.jpg;0
C:\Users\Tune and Tones\Documents\traindata\IMG\center_2026_08_02_19_02_03_078.jpg;0
C:\Users\Tune and Tones\Documents\traindata\IMG\center_2026_08_02_19_02_03_174.jpg;0
C:\Users\Tune and Tones\Documents\traindata\IMG\center_2026_08_02_19_02_03_276.jpg;0
C:\Users\Tune and Tones\Documents\traindata\IMG\center_2026_08_02_19_02_03_378.jpg;0
C:\Users\Tune and Tones\Documents\traindata\IMG\center_2026_08_02_19_02_03_480.jpg;0
C:\Users\Tune and Tones\Documents\traindata\IMG\center_2026_08_02_19_02_03_577.jpg;0
C:\Users\Tune and Tones\Documents\traindata\IMG\center_2026_08_02_19_02_03_672.jpg;0
C:\Users\Tune and Tones\Documents\traindata\IMG\center_2026_08_02_19_02_03_769.jpg;0.25
C:\Users\Tune and Tones\Documents\traindata\IMG\center_2026_08_02_19_02_03_864.jpg;0.45
C:\Users\Tune and Tones\Documents\traindata\IMG\center_2026_08_02_19_02_03_964.jpg;0
C:\Users\Tune and Tones\Documents\traindata\IMG\center_2026_08_02_19_02_04_062.jpg;0
C:\Users\Tune and Tones\Documents\traindata\IMG\center_2026_08_02_19_02_04_153.jpg;0
C:\Users\Tune and Tones\Documents\traindata\IMG\center_2026_08_02_19_02_04_251.jpg;0
C:\Users\Tune and Tones\Documents\traindata\IMG\center_2026_08_02_19_02_04_344.jpg;0
C:\Users\Tune and Tones\Documents\traindata\IMG\center_2026_08_02_19_02_04_442.jpg;0
C:\Users\Tune and Tones\Documents\traindata\IMG\center_2026_08_02_19_02_04_537.jpg;0
C:\Users\Tune and Tones\Documents\traindata\IMG\center_2026_08_02_19_02_04_632.jpg;0
C:\Users\Tune and Tones\Documents\traindata\IMG\center_2026_08_02_19_02_04_728.jpg;0
C:\Users\Tune and Tones\Documents\traindata\IMG\center_2026_08_02_19_02_04_815.jpg;0
C:\Users\Tune and Tones\Documents\traindata\IMG\center_2026_08_02_19_02_04_917.jpg;0
C:\Users\Tune and Tones\Documents\traindata\IMG\center_2026_08_02_19_02_05_002.jpg;0
C:\Users\Tune and Tones\Documents\traindata\IMG\center_2026_08_02_19_02_05_096.jpg;0
C:\Users\Tune and Tones\Documents\traindata\IMG\center_2026_08_02_19_02_05_192.jpg;0
C:\Users\Tune and Tones\Documents\traindata\IMG\center_2026_08_02_19_02_05_286.jpg;0
C:\Users\Tune and Tones\Documents\traindata\IMG\center_2026_08_02_19_02_05_378.jpg;0
C:\Users\Tune and Tones\Documents\traindata\IMG\center_2026_08_02_19_02_05_465.jpg;-0.2
C:\Users\Tune and Tones\Documents\traindata\IMG\center_2026_08_02_19_02_05_563.jpg;-0.45
C:\Users\Tune and Tones\Documents\traindata\IMG\center_2026_08_02_19_02_05_662.jpg;0
C:\Users\Tune and Tones\Documents\traindata\IMG\center_2026_08_02_19_02_05_756.jpg;0
C:\Users\Tune and Tones\Documents\traindata\IMG\center_2026_08_02_19_02_05_854.jpg;0
C:\Users\Tune and Tones\Documents\traindata\IMG\center_2026_08_02_19_02_05_938.jpg;0
C:\Users\Tune and Tones\Documents\traindata\IMG\center_2026_08_02_19_02_06_036.jpg;0
C:\Users\Tune and Tones\Documents\traindata\IMG\center_2026_08_02_19_02_06_128.jpg;0
C:\Users\Tune and Tones\Documents\traindata\IMG\center_2026_08_02_19_02_06_227.jpg;0
C:\Users\Tune and Tones\Documents\traindata\IMG\center_2026_08_02_19_02_06_318.jpg;0
C:\Users\Tune and Tones\Documents\traindata\IMG\center_2026_08_02_19_02_06_400.jpg;0
C:\Users\Tune and Tones\Documents\traindata\IMG\center_2026_08_02_19_02_06_497.jpg;0
C:\Users\Tune and Tones\Documents\traindata\IMG\center_2026_08_02_19_02_06_600.jpg;0
C:\Users\Tune and Tones\Documents\traindata\IMG\center_2026_08_02_19_02_06_686.jpg;-0.2
C:\Users\Tune and Tones\Documents\traindata\IMG\center_2026_08_02_19_02_06_780.jpg;-0.45
C:\Users\Tune and Tones\Documents\traindata\IMG\center_2026_08_02_19_02_06_873.jpg;0
C:\Users\Tune and Tones\Documents\traindata\IMG\center_2026_08_02_19_02_06_971.jpg;0
C:\Users\Tune and Tones\Documents\traindata\IMG\center_2026_08_02_19_02_07_065.jpg;0
C:\Users\Tune and Tones\Documents\traindata\IMG\center_2026_08_02_19_02_07_155.jpg;0
C:\Users\Tune and Tones\Documents\traindata\IMG\center_2026_08_02_19_02_07_257.jpg;0
C:\Users\Tune and Tones\Documents\traindata\IMG\center_2026_08_02_19_02_07_358.jpg;0
C:\Users\Tune and Tones\Documents\traindata\IMG\center_2026_08_02_19_02_07_461.jpg;-0.25
C:\Users\Tune and Tones\Documents\traindata\IMG\center_2026_08_02_19_02_07_560.jpg;-0.5000001
C:\Users\Tune and Tones\Documents\traindata\IMG\center_2026_08_02_19_02_07_645.jpg;-0.7
C:\Users\Tune and Tones\Documents\traindata\IMG\center_2026_08_02_19_02_07_741.jpg;0
C:\Users\Tune and Tones\Documents\traindata\IMG\center_2026_08_02_19_02_07_839.jpg;0
C:\Users\Tune and Tones\Documents\traindata\IMG\center_2026_08_02_19_02_07_959.jpg;0
C:\Users\Tune and Tones\Documents\traindata\IMG\center_2026_08_02_19_02_08_057.jpg;0
C:\Users\Tune and Tones\Documents\traindata\IMG\center_2026_08_02_19_02_08_153.jpg;0
C:\Users\Tune and Tones\Documents\traindata\IMG\center_2026_08_02_19_02_08_246.jpg;0
C:\Users\Tune and Tones\Documents\traindata\IMG\center_2026_08_02_19_02_08_344.jpg;0
C:\Users\Tune and Tones\Documents\traindata\IMG\center_2026_08_02_19_02_08_446.jpg;0
C:\Users\Tune and Tones\Documents\traindata\IMG\center_2026_08_02_19_02_08_548.jpg;0
C:\Users\Tune and Tones\Documents\traindata\IMG\center_2026_08_02_19_02_08_645.jpg;0
C:\Users\Tune and Tones\Documents\traindata\IMG\center_2026_08_02_19_02_08_745.jpg;-0.25
C:\Users\Tune and Tones\Documents\traindata\IMG\center_2026_08_02_19_02_08_850.jpg;0
C:\Users\Tune and Tones\Documents\traindata\IMG\center_2026_08_02_19_02_08_942.jpg;0
C:\Users\Tune and Tones\Documents\traindata\IMG\center_2026_08_02_19_02_09_042.jpg;0
C:\Users\Tune and Tones\Documents\traindata\IMG\center_2026_08_02_19_02_09_145.jpg;0
C:\Users\Tune and Tones\Documents\traindata\IMG\center_2026_08_02_19_02_09_245.jpg;0
C:\Users\Tune and Tones\Documents\traindata\IMG\center_2026_08_02_19_02_09_346.jpg;0
C:\Users\Tune and Tones\Documents\traindata\IMG\center_2026_08_02_19_02_09_445.jpg;0
C:\Users\Tune and Tones\Documents\traindata\IMG\center_2026_08_02_19_02_09_547.jpg;-0.25
C:\Users\Tune and Tones\Documents\traindata\IMG\center_2026_08_02_19_02_09_643.jpg;-0.5000001
C:\Users\Tune and Tones\Documents\traindata\IMG\center_2026_08_02_19_02_09_743.jpg;-0.7500002
C:\Users\Tune and Tones\Documents\traindata\IMG\center_2026_08_02_19_02_09_845.jpg;0
C:\Users\Tune and Tones\Documents\traindata\IMG\center_2026_08_02_19_02_09_945.jpg;0
C:\Users\Tune and Tones\Documents\traindata\IMG\center_2026_08_02_19_02_10_028.jpg;0
C:\Users\Tune and Tones\Documents\traindata\IMG\center_2026_08_02_19_02_10_133.jpg;0
C:\Users\Tune and Tones\Documents\traindata\IMG\center_2026_08_02_19_02_10_232.jpg;0
C:\Users\Tune and Tones\Documents\traindata\IMG\center_2026_08_02_19_02_10_322.jpg;0
C:\Users\Tune and Tones\Documents\traindata\IMG\center_2026_08_02_19_02_10_417.jpg;0
C:\Users\Tune and Tones\Documents\traindata\IMG\center_2026_08_02_19_02_10_511.jpg;0
C:\Users\Tune and Tones\Documents\traindata\IMG\center_2026_08_02_19_02_10_608.jpg;0
C:\Users\Tune and Tones\Documents\traindata\IMG\center_2026_08_02_19_02_10_702.jpg;0
C:\Users\Tune and Tones\Documents\traindata\IMG\center_2026_08_02_19_02_10_795.jpg;0
C:\Users\Tune and Tones\Documents\traindata\IMG\center_2026_08_02_19_02_10_883.jpg;0
C:\Users\Tune and Tones\Documents\traindata\IMG\center_2026_08_02_19_02_10_964.jpg;0
C:\Users\Tune and Tones\Documents\traindata\IMG\center_2026_08_02_19_02_11_063.jpg;0
C:\Users\Tune and Tones\Documents\traindata\IMG\center_2026_08_02_19_02_11_152.jpg;0
C:\Users\Tune and Tones\Documents\traindata\IMG\center_2026_08_02_19_02_11_249.jpg;0
C:\Users\Tune and Tones\Documents\traindata\IMG\center_2026_08_02_19_02_11_340.jpg;0
C:\Users\Tune and Tones\Documents\traindata\IMG\center_2026_08_02_19_02_11_434.jpg;0
C:\Users\Tune and Tones\Documents\traindata\IMG\center_2026_08_02_19_02_11_528.jpg;0
C:\Users\Tune and Tones\Documents\traindata\IMG\center_2026_08_02_19_02_11_630.jpg;0
C:\Users\Tune and Tones\Documents\traindata\IMG\center_2026_08_02_19_02_11_733.jpg;0
C:\Users\Tune and Tones\Documents\traindata\IMG\center_2026_08_02_19_02_11_829.jpg;0
C:\Users\Tune and Tones\Documents\traindata\IMG\center_2026_08_02_19_02_11_924.jpg;0
C:\Users\Tune and Tones\Documents\traindata\IMG\center_2026_08_02_19_02_12_019.jpg;0
C:\Users\Tune and Tones\Documents\traindata\IMG\center_2026_08_02_19_02_12_110.jpg;0
C:\Users\Tune and Tones\Documents\traindata\IMG\center_2026_08_02_19_02_12_210.jpg;0
C:\Users\Tune and Tones\Documents\traindata\IMG\center_2026_08_02_19_02_12_293.jpg;0
C:\Users\Tune and Tones\Documents\traindata\IMG\center_2026_08_02_19_02_12_383.jpg;0
C:\Users\Tune and Tones\Documents\traindata\IMG\center_2026_08_02_19_02_12_494.jpg;0
C:\Users\Tune and Tones\Documents\traindata\IMG\center_2026_08_02_19_02_12_577.jpg;0
C:\Users\Tune and Tones\Documents\traindata\IMG\center_2026_08_02_19_02_12_676.jpg;0
C:\Users\Tune and Tones\Documents\traindata\IMG\center_2026_08_02_19_02_12_774.jpg;0
C:\Users\Tune and Tones\Documents\traindata\IMG\center_2026_08_02_19_02_12_885.jpg;0
C:\Users\Tune and Tones\Documents\traindata\IMG\center_2026_08_02_19_02_12_982.jpg;0
C:\Users\Tune and Tones\Documents\traindata\IMG\center_2026_08_02_19_02_13_082.jpg;0
C:\Users\Tune and Tones\Documents\traindata\IMG\center_2026_08_02_19_02_13_177.jpg;0
C:\Users\Tune and Tones\Documents\traindata\IMG\center_2026_08_02_19_02_13_272.jpg;0
C:\Users\Tune and Tones\Documents\traindata\IMG\center_2026_08_02_19_02_13_376.jpg;0
C:\Users\Tune and Tones\Documents\traindata\IMG\center_2026_08_02_19_02_13_474.jpg;0
C:\Users\Tune and Tones\Documents\traindata\IMG\center_2026_08_02_19_02_13_575.jpg;0
C:\Users\Tune and Tones\Documents\traindata\IMG\center_2026_08_02_19_02_13_672.jpg;0
C:\Users\Tune and Tones\Documents\traindata\IMG\center_2026_08_02_19_02_13_774.jpg;-0.25
C:\Users\Tune and Tones\Documents\traindata\IMG\center_2026_08_02_19_02_13_872.jpg;0
C:\Users\Tune and Tones\Documents\traindata\IMG\center_2026_08_02_19_02_13_972.jpg;0
C:\Users\Tune and Tones\Documents\traindata\IMG\center_2026_08_02_19_02_14_072.jpg;0
C:\Users\Tune and Tones\Documents\traindata\IMG\center_2026_08_02_19_02_14_176.jpg;0
C:\Users\Tune and Tones\Documents\traindata\IMG\center_2026_08_02_19_02_14_275.jpg;0
C:\Users\Tune and Tones\Documents\traindata\IMG\center_2026_08_02_19_02_14_376.jpg;0
C:\Users\Tune and Tones\Documents\traindata\IMG\center_2026_08_02_19_02_14_477.jpg;0
C:\Users\Tune and Tones\Documents\traindata\IMG\center_2026_08_02_19_02_14_571.jpg;0
C:\Users\Tune and Tones\Documents\traindata\IMG\center_2026_08_02_19_02_14_679.jpg;0
C:\Users\Tune and Tones\Documents\traindata\IMG\center_2026_08_02_19_02_14_783.jpg;0
C:\Users\Tune and Tones\Documents\traindata\IMG\center_2026_08_02_19_02_14_887.jpg;0
C:\Users\Tune and Tones\Documents\traindata\IMG\center_2026_08_02_19_02_14_990.jpg;-0.25
C:\Users\Tune and Tones\Documents\traindata\IMG\center_2026_08_02_19_02_15_091.jpg;-0.5500001
C:\Users\Tune and Tones\Documents\traindata\IMG\center_2026_08_02_19_02_15_193.jpg;0
C:\Users\Tune and Tones\Documents\traindata\IMG\center_2026_08_02_19_02_15_288.jpg;0
C:\Users\Tune and Tones\Documents\traindata\IMG\center_2026_08_02_19_02_15_380.jpg;0
C:\Users\Tune and Tones\Documents\traindata\IMG\center_2026_08_02_19_02_15_491.jpg;0
C:\Users\Tune and Tones\Documents\traindata\IMG\center_2026_08_02_19_02_15_599.jpg;0
C:\Users\Tune and Tones\Documents\traindata\IMG\center_2026_08_02_19_02_15_691.jpg;0
C:\Users\Tune and Tones\Documents\traindata\IMG\center_2026_08_02_19_02_15_798.jpg;0
C:\Users\Tune and Tones\Documents\traindata\IMG\center_2026_08_02_19_02_15_905.jpg;0
C:\Users\Tune and Tones\Documents\traindata\IMG\center_2026_08_02_19_02_15_991.jpg;0
C:\Users\Tune and Tones\Documents\traindata\IMG\center_2026_08_02_19_02_16_097.jpg;0
C:\Users\Tune and Tones\Documents\traindata\IMG\center_2026_08_02_19_02_16_215.jpg;0
C:\Users\Tune and Tones\Documents\traindata\IMG\center_2026_08_02_19_02_16_299.jpg;0
C:\Users\Tune and Tones\Documents\traindata\IMG\center_2026_08_02_19_02_16_396.jpg;0
C:\Users\Tune and Tones\Documents\traindata\IMG\center_2026_08_02_19_02_16_501.jpg;0
C:\Users\Tune and Tones\Documents\traindata\IMG\center_2026_08_02_19_02_16_605.jpg;0
C:\Users\Tune and Tones\Documents\traindata\IMG\center_2026_08_02_19_02_16_701.jpg;0
C:\Users\Tune and Tones\Documents\traindata\IMG\center_2026_08_02_19_02_16_803.jpg;0
C:\Users\Tune and Tones\Documents\traindata\IMG\center_2026_08_02_19_02_16_905.jpg;0
C:\Users\Tune and Tones\Documents\traindata\IMG\center_2026_08_02_19_02_17_005.jpg;0
C:\Users\Tune and Tones\Documents\traindata\IMG\center_2026_08_02_19_02_17_113.jpg;0
C:\Users\Tune and Tones\Documents\traindata\IMG\center_2026_08_02_19_02_17_216.jpg;0
C:\Users\Tune and Tones\Documents\traindata\IMG\center_2026_08_02_19_02_17_318.jpg;0
C:\Users\Tune and Tones\Documents\traindata\IMG\center_2026_08_02_19_02_17_430.jpg;0
C:\Users\Tune and Tones\Documents\traindata\IMG\center_2026_08_02_19_02_17_539.jpg;0
C:\Users\Tune and Tones\Documents\traindata\IMG\center_2026_08_02_19_02_17_643.jpg;0
C:\Users\Tune and Tones\Documents\traindata\IMG\center_2026_08_02_19_02_17_743.jpg;0
C:\Users\Tune and Tones\Documents\traindata\IMG\center_2026_08_02_19_02_17_853.jpg;0
C:\Users\Tune and Tones\Documents\traindata\IMG\center_2026_08_02_19_02_17_956.jpg;0
C:\Users\Tune and Tones\Documents\traindata\IMG\center_2026_08_02_19_02_18_061.jpg;0
C:\Users\Tune and Tones\Documents\traindata\IMG\center_2026_08_02_19_02_18_164.jpg;0
C:\Users\Tune and Tones\Documents\traindata\IMG\center_2026_08_02_19_02_18_260.jpg;0
C:\Users\Tune and Tones\Documents\traindata\IMG\center_2026_08_02_19_02_18_372.jpg;0
C:\Users\Tune and Tones\Documents\traindata\IMG\center_2026_08_02_19_02_18_478.jpg;0
C:\Users\Tune and Tones\Documents\traindata\IMG\center_2026_08_02_19_02_18_575.jpg;0
C:\Users\Tune and Tones\Documents\traindata\IMG\center_2026_08_02_19_02_18_684.jpg;0
C:\Users\Tune and Tones\Documents\traindata\IMG\center_2026_08_02_19_02_18_786.jpg;0
C:\Users\Tune and Tones\Documents\traindata\IMG\center_2026_08_02_19_02_18_893.jpg;0
C:\Users\Tune and Tones\Documents\traindata\IMG\center_2026_08_02_19_02_18_988.jpg;0
C:\Users\Tune and Tones\Documents\traindata\IMG\center_2026_08_02_19_02_19_085.jpg;-0.2
C:\Users\Tune and Tones\Documents\traindata\IMG\center_2026_08_02_19_02_19_194.jpg;-0.5000001
C:\Users\Tune and Tones\Documents\traindata\IMG\center_2026_08_02_19_02_19_300.jpg;0
C:\Users\Tune and Tones\Documents\traindata\IMG\center_2026_08_02_19_02_19_400.jpg;0
C:\Users\Tune and Tones\Documents\traindata\IMG\center_2026_08_02_19_02_19_514.jpg;0
C:\Users\Tune and Tones\Documents\traindata\IMG\center_2026_08_02_19_02_19_613.jpg;0
C:\Users\Tune and Tones\Documents\traindata\IMG\center_2026_08_02_19_02_19_727.jpg;0
C:\Users\Tune and Tones\Documents\traindata\IMG\center_2026_08_02_19_02_19_822.jpg;0
C:\Users\Tune and Tones\Documents\traindata\IMG\center_2026_08_02_19_02_19_917.jpg;0
C:\Users\Tune and Tones\Documents\traindata\IMG\center_2026_08_02_19_02_20_017.jpg;0
C:\Users\Tune and Tones\Documents\traindata\IMG\center_2026_08_02_19_02_20_118.jpg;0
C:\Users\Tune and Tones\Documents\traindata\IMG\center_2026_08_02_19_02_20_221.jpg;0
C:\Users\Tune and Tones\Documents\traindata\IMG\center_2026_08_02_19_02_20_328.jpg;0
C:\Users\Tune and Tones\Documents\traindata\IMG\center_2026_08_02_19_02_20_429.jpg;0
C:\Users\Tune and Tones\Documents\traindata\IMG\center_2026_08_02_19_02_20_531.jpg;0
C:\Users\Tune and Tones\Documents\traindata\IMG\center_2026_08_02_19_02_20_649.jpg;0
C:\Users\Tune and Tones\Documents\traindata\IMG\center_2026_08_02_19_02_20_752.jpg;0
C:\Users\Tune and Tones\Documents\traindata\IMG\center_2026_08_02_19_02_20_867.jpg;0
C:\Users\Tune and Tones\Documents\traindata\IMG\center_2026_08_02_19_02_20_971.jpg;0
C:\Users\Tune and Tones\Documents\traindata\IMG\center_2026_08_02_19_02_21_064.jpg;0
C:\Users\Tune and Tones\Documents\traindata\IMG\center_2026_08_02_19_02_21_157.jpg;0
C:\Users\Tune and Tones\Documents\traindata\IMG\center_2026_08_02_19_02_21_263.jpg;0
C:\Users\Tune and Tones\Documents\traindata\IMG\center_2026_08_02_19_02_21_367.jpg;0
C:\Users\Tune and Tones\Documents\traindata\IMG\center_2026_08_02_19_02_21_471.jpg;0
C:\Users\Tune and Tones\Documents\traindata\IMG\center_2026_08_02_19_02_21_573.jpg;0
C:\Users\Tune and Tones\Documents\traindata\IMG\center_2026_08_02_19_02_21_679.jpg;0
C:\Users\Tune and Tones\Documents\traindata\IMG\center_2026_08_02_19_02_21_787.jpg;-0.25
C:\Users\Tune and Tones\Documents\traindata\IMG\center_2026_08_02_19_02_21_890.jpg;0
C:\Users\Tune and Tones\Documents\traindata\IMG\center_2026_08_02_19_02_21_993.jpg;0
C:\Users\Tune and Tones\Documents\traindata\IMG\center_2026_08_02_19_02_22_098.jpg;0
C:\Users\Tune and Tones\Documents\traindata\IMG\center_2026_08_02_19_02_22_196.jpg;0
C:\Users\Tune and Tones\Documents\traindata\IMG\center_2026_08_02_19_02_22_299.jpg;0
C:\Users\Tune and Tones\Documents\traindata\IMG\center_2026_08_02_19_02_22_413.jpg;0
C:\Users\Tune and Tones\Documents\traindata\IMG\center_2026_08_02_19_02_22_526.jpg;0
C:\Users\Tune and Tones\Documents\traindata\IMG\center_2026_08_02_19_02_22_631.jpg;0
C:\Users\Tune and Tones\Documents\traindata\IMG\center_2026_08_02_19_02_22_732.jpg;0
C:\Users\Tune and Tones\Documents\traindata\IMG\center_2026_08_02_19_02_22_838.jpg;0
C:\Users\Tune and Tones\Documents\traindata\IMG\center_2026_08_02_19_02_22_937.jpg;0
C:\Users\Tune and Tones\Documents\traindata\IMG\center_2026_08_02_19_02_23_042.jpg;0
C:\Users\Tune and Tones\Documents\traindata\IMG\center_2026_08_02_19_02_23_147.jpg;0
C:\Users\Tune and Tones\Documents\traindata\IMG\center_2026_08_02_19_02_23_251.jpg;0
C:\Users\Tune and Tones\Documents\traindata\IMG\center_2026_08_02_19_02_23_352.jpg;0
C:\Users\Tune and Tones\Documents\traindata\IMG\center_2026_08_02_19_02_23_449.jpg;0
C:\Users\Tune and Tones\Documents\traindata\IMG\center_2026_08_02_19_02_23_560.jpg;0
C:\Users\Tune and Tones\Documents\traindata\IMG\center_2026_08_02_19_02_23_655.jpg;0
C:\Users\Tune and Tones\Documents\traindata\IMG\center_2026_08_02_19_02_23_745.jpg;-0.2
C:\Users\Tune and Tones\Documents\traindata\IMG\center_2026_08_02_19_02_23_866.jpg;0
C:\Users\Tune and Tones\Documents\traindata\IMG\center_2026_08_02_19_02_23_977.jpg;0
C:\Users\Tune and Tones\Documents\traindata\IMG\center_2026_08_02_19_02_24_088.jpg;0
C:\Users\Tune and Tones\Documents\traindata\IMG\center_2026_08_02_19_02_24_187.jpg;0
C:\Users\Tune and Tones\Documents\traindata\IMG\center_2026_08_02_19_02_24_291.jpg;0
C:\Users\Tune and Tones\Documents\traindata\IMG\center_2026_08_02_19_02_24_391.jpg;0
C:\Users\Tune and Tones\Documents\traindata\IMG\center_2026_08_02_19_02_24_492.jpg;0
C:\Users\Tune and Tones\Documents\traindata\IMG\center_2026_08_02_19_02_24_588.jpg;0
C:\Users\Tune and Tones\Documents\traindata\IMG\center_2026_08_02_19_02_24_698.jpg;-0.25
C:\Users\Tune and Tones\Documents\traindata\IMG\center_2026_08_02_19_02_24_795.jpg;-0.5000001
C:\Users\Tune and Tones\Documents\traindata\IMG\center_2026_08_02_19_02_24_896.jpg;0
C:\Users\Tune and Tones\Documents\traindata\IMG\center_2026_08_02_19_02_24_997.jpg;0
C:\Users\Tune and Tones\Documents\traindata\IMG\center_2026_08_02_19_02_25_100.jpg;0
C:\Users\Tune and Tones\Documents\traindata\IMG\center_2026_08_02_19_02_25_197.jpg;0
C:\Users\Tune and Tones\Documents\traindata\IMG\center_2026_08_02_19_02_25_295.jpg;0
C:\Users\Tune and Tones\Documents\traindata\IMG\center_2026_08_02_19_02_25_402.jpg;0
C:\Users\Tune and Tones\Documents\traindata\IMG\center_2026_08_02_19_02_25_493.jpg;0
C:\Users\Tune and Tones\Documents\traindata\IMG\center_2026_08_02_19_02_25_594.jpg;0
C:\Users\Tune and Tones\Documents\traindata\IMG\center_2026_08_02_19_02_25_691.jpg;0
C:\Users\Tune and Tones\Documents\traindata\IMG\center_2026_08_02_19_02_25_787.jpg;0
C:\Users\Tune and Tones\Documents\traindata\IMG\center_2026_08_02_19_02_25_885.jpg;0
C:\Users\Tune and Tones\Documents\traindata\IMG\center_2026_08_02_19_02_25_984.jpg;0
C:\Users\Tune and Tones\Documents\traindata\IMG\center_2026_08_02_19_02_26_081.jpg;0
C:\Users\Tune and Tones\Documents\traindata\IMG\center_2026_08_02_19_02_26_181.jpg;0
C:\Users\Tune and Tones\Documents\traindata\IMG\center_2026_08_02_19_02_26_281.jpg;0
C:\Users\Tune and Tones\Documents\traindata\IMG\center_2026_08_02_19_02_26_382.jpg;0
C:\Users\Tune and Tones\Documents\traindata\IMG\center_2026_08_02_19_02_26_475.jpg;0
C:\Users\Tune and Tones\Documents\traindata\IMG\center_2026_08_02_19_02_26_576.jpg;0
C:\Users\Tune and Tones\Documents\traindata\IMG\center_2026_08_02_19_02_26_673.jpg;0
C:\Users\Tune and Tones\Documents\traindata\IMG\center_2026_08_02_19_02_26_774.jpg;0
C:\Users\Tune and Tones\Documents\traindata\IMG\center_2026_08_02_19_02_26_872.jpg;0
C:\Users\Tune and Tones\Documents\traindata\IMG\center_2026_08_02_19_02_26_972.jpg;0
C:\Users\Tune and Tones\Documents\traindata\IMG\center_2026_08_02_19_02_27_068.jpg;0
C:\Users\Tune and Tones\Documents\traindata\IMG\center_2026_08_02_19_02_27_165.jpg;0
C:\Users\Tune and Tones\Documents\traindata\IMG\center_2026_08_02_19_02_27_263.jpg;0
C:\Users\Tune and Tones\Documents\traindata\IMG\center_2026_08_02_19_02_27_348.jpg;-0.25
C:\Users\Tune and Tones\Documents\traindata\IMG\center_2026_08_02_19_02_27_446.jpg;0
C:\Users\Tune and Tones\Documents\traindata\IMG\center_2026_08_02_19_02_27_552.jpg;0
C:\Users\Tune and Tones\Documents\traindata\IMG\center_2026_08_02_19_02_27_659.jpg;0
C:\Users\Tune and Tones\Documents\traindata\IMG\center_2026_08_02_19_02_27_749.jpg;0
C:\Users\Tune and Tones\Documents\traindata\IMG\center_2026_08_02_19_02_27_848.jpg;0
C:\Users\Tune and Tones\Documents\traindata\IMG\center_2026_08_02_19_02_27_931.jpg;0
C:\Users\Tune and Tones\Documents\traindata\IMG\center_2026_08_02_19_02_28_031.jpg;0
C:\Users\Tune and Tones\Documents\traindata\IMG\center_2026_08_02_19_02_28_129.jpg;0
C:\Users\Tune and Tones\Documents\traindata\IMG\center_2026_08_02_19_02_28_226.jpg;0
C:\Users\Tune and Tones\Documents\traindata\IMG\center_2026_08_02_19_02_28_326.jpg;0
C:\Users\Tune and Tones\Documents\traindata\IMG\center_2026_08_02_19_02_28_423.jpg;0
C:\Users\Tune and Tones\Documents\traindata\IMG\center_2026_08_02_19_02_28_520.jpg;0
C:\Users\Tune and Tones\Documents\traindata\IMG\center_2026_08_02_19_02_28_617.jpg;0
C:\Users\Tune and Tones\Documents\traindata\IMG\center_2026_08_02_19_02_28_716.jpg;-0.25
C:\Users\Tune and Tones\Documents\traindata\IMG\center_2026_08_02_19_02_28_816.jpg;0
C:\Users\Tune and Tones\Documents\traindata\IMG\center_2026_08_02_19_02_28_914.jpg;0
C:\Users\Tune and Tones\Documents\traindata\IMG\center_2026_08_02_19_02_29_013.jpg;0
C:\Users\Tune and Tones\Documents\traindata\IMG\center_2026_08_02_19_02_29_115.jpg;0
C:\Users\Tune and Tones\Documents\traindata\IMG\center_2026_08_02_19_02_29_213.jpg;0
C:\Users\Tune and Tones\Documents\traindata\IMG\center_2026_08_02_19_02_29_312.jpg;0
C:\Users\Tune and Tones\Documents\traindata\IMG\center_2026_08_02_19_02_29_411.jpg;0
C:\Users\Tune and Tones\Documents\traindata\IMG\center_2026_08_02_19_02_29_510.jpg;0
C:\Users\Tune and Tones\Documents\traindata\IMG\center_2026_08_02_19_02_29_610.jpg;0
C:\Users\Tune and Tones\Documents\traindata\IMG\center_2026_08_02_19_02_29_709.jpg;0
C:\Users\Tune and Tones\Documents\traindata\IMG\center_2026_08_02_19_02_29_807.jpg;-0.2
C:\Users\Tune and Tones\Documents\traindata\IMG\center_2026_08_02_19_02_29_910.jpg;-0.5000001
C:\Users\Tune and Tones\Documents\traindata\IMG\center_2026_08_02_19_02_30_008.jpg;0
C:\Users\Tune and Tones\Documents\traindata\IMG\center_2026_08_02_19_02_30_106.jpg;0
C:\Users\Tune and Tones\Documents\traindata\IMG\center_2026_08_02_19_02_30_209.jpg;0
C:\Users\Tune and Tones\Documents\traindata\IMG\center_2026_08_02_19_02_30_302.jpg;0
C:\Users\Tune and Tones\Documents\traindata\IMG\center_2026_08_02_19_02_30_394.jpg;0
C:\Users\Tune and Tones\Documents\traindata\IMG\center_2026_08_02_19_02_30_489.jpg;0
C:\Users\Tune and Tones\Documents\traindata\IMG\center_2026_08_02_19_02_30_586.jpg;0
C:\Users\Tune and Tones\Documents\traindata\IMG\center_2026_08_02_19_02_30_682.jpg;0
C:\Users\Tune and Tones\Documents\traindata\IMG\center_2026_08_02_19_02_30_775.jpg;0
C:\Users\Tune and Tones\Documents\traindata\IMG\center_2026_08_02_19_02_30_872.jpg;-0.25
C:\Users\Tune and Tones\Documents\traindata\IMG\center_2026_08_02_19_02_30_964.jpg;-0.45
C:\Users\Tune and Tones\Documents\traindata\IMG\center_2026_08_02_19_02_31_057.jpg;0
C:\Users\Tune and Tones\Documents\traindata\IMG\center_2026_08_02_19_02_31_149.jpg;0
C:\Users\Tune and Tones\Documents\traindata\IMG\center_2026_08_02_19_02_31_241.jpg;0
C:\Users\Tune and Tones\Documents\traindata\IMG\center_2026_08_02_19_02_31_340.jpg;0
C:\Users\Tune and Tones\Documents\traindata\IMG\center_2026_08_02_19_02_31_421.jpg;0
C:\Users\Tune and Tones\Documents\traindata\IMG\center_2026_08_02_19_02_31_516.jpg;0
C:\Users\Tune and Tones\Documents\traindata\IMG\center_2026_08_02_19_02_31_610.jpg;0
C:\Users\Tune and Tones\Documents\traindata\IMG\center_2026_08_02_19_02_31_699.jpg;0
C:\Users\Tune and Tones\Documents\traindata\IMG\center_2026_08_02_19_02_31_791.jpg;0
C:\Users\Tune and Tones\Documents\traindata\IMG\center_2026_08_02_19_02_31_885.jpg;0
C:\Users\Tune and Tones\Documents\traindata\IMG\center_2026_08_02_19_02_31_986.jpg;0
C:\Users\Tune and Tones\Documents\traindata\IMG\center_2026_08_02_19_02_32_076.jpg;0
C:\Users\Tune and Tones\Documents\traindata\IMG\center_2026_08_02_19_02_32_169.jpg;0
C:\Users\Tune and Tones\Documents\traindata\IMG\center_2026_08_02_19_02_32_259.jpg;0
C:\Users\Tune and Tones\Documents\traindata\IMG\center_2026_08_02_19_02_32_343.jpg;0
C:\Users\Tune and Tones\Documents\traindata\IMG\center_2026_08_02_19_02_32_437.jpg;0
C:\Users\Tune and Tones\Documents\traindata\IMG\center_2026_08_02_19_02_32_529.jpg;0
C:\Users\Tune and Tones\Documents\traindata\IMG\center_2026_08_02_19_02_32_618.jpg;0
C:\Users\Tune and Tones\Documents\traindata\IMG\center_2026_08_02_19_02_32_713.jpg;-0.25
C:\Users\Tune and Tones\Documents\traindata\IMG\center_2026_08_02_19_02_32_805.jpg;-0.45
C:\Users\Tune and Tones\Documents\traindata\IMG\center_2026_08_02_19_02_32_896.jpg;-0.7
C:\Users\Tune and Tones\Documents\traindata\IMG\center_2026_08_02_19_02_32_984.jpg;0
C:\Users\Tune and Tones\Documents\traindata\IMG\center_2026_08_02_19_02_33_075.jpg;0
C:\Users\Tune and Tones\Documents\traindata\IMG\center_2026_08_02_19_02_33_165.jpg;0
C:\Users\Tune and Tones\Documents\traindata\IMG\center_2026_08_02_19_02_33_255.jpg;0
C:\Users\Tune and Tones\Documents\traindata\IMG\center_2026_08_02_19_02_33_339.jpg;0
C:\Users\Tune and Tones\Documents\traindata\IMG\center_2026_08_02_19_02_33_423.jpg;0
C:\Users\Tune and Tones\Documents\traindata\IMG\center_2026_08_02_19_02_33_507.jpg;0
C:\Users\Tune and Tones\Documents\traindata\IMG\center_2026_08_02_19_02_33_596.jpg;0
C:\Users\Tune and Tones\Documents\traindata\IMG\center_2026_08_02_19_02_33_678.jpg;0
C:\Users\Tune and Tones\Documents\traindata\IMG\center_2026_08_02_19_02_33_763.jpg;0
C:\Users\Tune and Tones\Documents\traindata\IMG\center_2026_08_02_19_02_33_848.jpg;0.25
C:\Users\Tune and Tones\Documents\traindata\IMG\center_2026_08_02_19_02_33_934.jpg;0.45
C:\Users\Tune and Tones\Documents\traindata\IMG\center_2026_08_02_19_02_34_016.jpg;0
C:\Users\Tune and Tones\Documents\traindata\IMG\center_2026_08_02_19_02_34_105.jpg;0
C:\Users\Tune and Tones\Documents\traindata\IMG\center_2026_08_02_19_02_34_187.jpg;0
C:\Users\Tune and Tones\Documents\traindata\IMG\center_2026_08_02_19_02_34_272.jpg;0
C:\Users\Tune and Tones\Documents\traindata\IMG\center_2026_08_02_19_02_34_355.jpg;0
C:\Users\Tune and Tones\Documents\traindata\IMG\center_2026_08_02_19_02_34_440.jpg;0
C:\Users\Tune and Tones\Documents\traindata\IMG\center_2026_08_02_19_02_34_526.jpg;0
C:\Users\Tune and Tones\Documents\traindata\IMG\center_2026_08_02_19_02_34_613.jpg;0
C:\Users\Tune and Tones\Documents\traindata\IMG\center_2026_08_02_19_02_34_700.jpg;0
C:\Users\Tune and Tones\Documents\traindata\IMG\center_2026_08_02_19_02_34_782.jpg;0
C:\Users\Tune and Tones\Documents\traindata\IMG\center_2026_08_02_19_02_34_869.jpg;0
C:\Users\Tune and Tones\Documents\traindata\IMG\center_2026_08_02_19_02_34_952.jpg;0
C:\Users\Tune and Tones\Documents\traindata\IMG\center_2026_08_02_19_02_35_040.jpg;0
C:\Users\Tune and Tones\Documents\traindata\IMG\center_2026_08_02_19_02_35_124.jpg;0
C:\Users\Tune and Tones\Documents\traindata\IMG\center_2026_08_02_19_02_35_207.jpg;-0.2
C:\Users\Tune and Tones\Documents\traindata\IMG\center_2026_08_02_19_02_35_290.jpg;-0.45
C:\Users\Tune and Tones\Documents\traindata\IMG\center_2026_08_02_19_02_35_376.jpg;0
C:\Users\Tune and Tones\Documents\traindata\IMG\center_2026_08_02_19_02_35_459.jpg;0
C:\Users\Tune and Tones\Documents\traindata\IMG\center_2026_08_02_19_02_35_541.jpg;0
C:\Users\Tune and Tones\Documents\traindata\IMG\center_2026_08_02_19_02_35_627.jpg;0
C:\Users\Tune and Tones\Documents\traindata\IMG\center_2026_08_02_19_02_35_706.jpg;0
C:\Users\Tune and Tones\Documents\traindata\IMG\center_2026_08_02_19_02_35_790.jpg;0
C:\Users\Tune and Tones\Documents\traindata\IMG\center_2026_08_02_19_02_35_870.jpg;0
C:\Users\Tune and Tones\Documents\traindata\IMG\center_2026_08_02_19_02_35_949.jpg;0
C:\Users\Tune and Tones\Documents\traindata\IMG\center_2026_08_02_19_02_36_029.jpg;0
C:\Users\Tune and Tones\Documents\traindata\IMG\center_2026_08_02_19_02_36_113.jpg;-0.2
C:\Users\Tune and Tones\Documents\traindata\IMG\center_2026_08_02_19_02_36_193.jpg;-0.4
C:\Users\Tune and Tones\Documents\traindata\IMG\center_2026_08_02_19_02_36_272.jpg;-0.6000001
C:\Users\Tune and Tones\Documents\traindata\IMG\center_2026_08_02_19_02_36_352.jpg;-0.8000001
C:\Users\Tune and Tones\Documents\traindata\IMG\center_2026_08_02_19_02_36_433.jpg;-1
C:\Users\Tune and Tones\Documents\traindata\IMG\center_2026_08_02_19_02_36_509.jpg;0
C:\Users\Tune and Tones\Documents\traindata\IMG\center_2026_08_02_19_02_36_591.jpg;0
C:\Users\Tune and Tones\Documents\traindata\IMG\center_2026_08_02_19_02_36_668.jpg;0
C:\Users\Tune and Tones\Documents\traindata\IMG\center_2026_08_02_19_02_36_748.jpg;0
C:\Users\Tune and Tones\Documents\traindata\IMG\center_2026_08_02_19_02_36_822.jpg;0
C:\Users\Tune and Tones\Documents\traindata\IMG\center_2026_08_02_19_02_36_897.jpg;0
C:\Users\Tune and Tones\Documents\traindata\IMG\center_2026_08_02_19_02_36_974.jpg;0
C:\Users\Tune and Tones\Documents\traindata\IMG\center_2026_08_02_19_02_37_053.jpg;0
C:\Users\Tune and Tones\Documents\traindata\IMG\center_2026_08_02_19_02_37_122.jpg;0
C:\Users\Tune and Tones\Documents\traindata\IMG\center_2026_08_02_19_02_37_200.jpg;0
C:\Users\Tune and Tones\Documents\traindata\IMG\center_2026_08_02_19_02_37_276.jpg;0
C:\Users\Tune and Tones\Documents\traindata\IMG\center_2026_08_02_19_02_37_348.jpg;0
C:\Users\Tune and Tones\Documents\traindata\IMG\center_2026_08_02_19_02_37_422.jpg;0
C:\Users\Tune and Tones\Documents\traindata\IMG\center_2026_08_02_19_02_37_498.jpg;0
C:\Users\Tune and Tones\Documents\traindata\IMG\center_2026_08_02_19_02_37_572.jpg;0
C:\Users\Tune and Tones\Documents\traindata\IMG\center_2026_08_02_19_02_37_647.jpg;0
C:\Users\Tune and Tones\Documents\traindata\IMG\center_2026_08_02_19_02_37_723.jpg;0
C:\Users\Tune and Tones\Documents\traindata\IMG\center_2026_08_02_19_02_37_793.jpg;0
C:\Users\Tune and Tones\Documents\traindata\IMG\center_2026_08_02_19_02_37_869.jpg;0
C:\Users\Tune and Tones\Documents\traindata\IMG\center_2026_08_02_19_02_37_941.jpg;0
C:\Users\Tune and Tones\Documents\traindata\IMG\center_2026_08_02_19_02_38_014.jpg;0
C:\Users\Tune and Tones\Documents\traindata\IMG\center_2026_08_02_19_02_38_088.jpg;0
C:\Users\Tune and Tones\Documents\traindata\IMG\center_2026_08_02_19_02_38_162.jpg;0
C:\Users\Tune and Tones\Documents\traindata\IMG\center_2026_08_02_19_02_38_235.jpg;0
C:\Users\Tune and Tones\Documents\traindata\IMG\center_2026_08_02_19_02_38_309.jpg;0
C:\Users\Tune and Tones\Documents\traindata\IMG\center_2026_08_02_19_02_38_385.jpg;0
C:\Users\Tune and Tones\Documents\traindata\IMG\center_2026_08_02_19_02_38_460.jpg;-0.2
C:\Users\Tune and Tones\Documents\traindata\IMG\center_2026_08_02_19_02_38_532.jpg;-0.4
C:\Users\Tune and Tones\Documents\traindata\IMG\center_2026_08_02_19_02_38_605.jpg;-0.5500001
C:\Users\Tune and Tones\Documents\traindata\IMG\center_2026_08_02_19_02_38_682.jpg;-0.7500002
C:\Users\Tune and Tones\Documents\traindata\IMG\center_2026_08_02_19_02_38_756.jpg;-0.9500002
C:\Users\Tune and Tones\Documents\traindata\IMG\center_2026_08_02_19_02_38_829.jpg;0
C:\Users\Tune and Tones\Documents\traindata\IMG\center_2026_08_02_19_02_38_902.jpg;0
C:\Users\Tune and Tones\Documents\traindata\IMG\center_2026_08_02_19_02_38_975.jpg;0
C:\Users\Tune and Tones\Documents\traindata\IMG\center_2026_08_02_19_02_39_044.jpg;0
C:\Users\Tune and Tones\Documents\traindata\IMG\center_2026_08_02_19_02_39_120.jpg;0
C:\Users\Tune and Tones\Documents\traindata\IMG\center_2026_08_02_19_02_39_195.jpg;0
C:\Users\Tune and Tones\Documents\traindata\IMG\center_2026_08_02_19_02_39_265.jpg;0
C:\Users\Tune and Tones\Documents\traindata\IMG\center_2026_08_02_19_02_39_341.jpg;0
C:\Users\Tune and Tones\Documents\traindata\IMG\center_2026_08_02_19_02_39_409.jpg;0
C:\Users\Tune and Tones\Documents\traindata\IMG\center_2026_08_02_19_02_39_487.jpg;0
C:\Users\Tune and Tones\Documents\traindata\IMG\center_2026_08_02_19_02_39_554.jpg;0
C:\Users\Tune and Tones\Documents\traindata\IMG\center_2026_08_02_19_02_39_625.jpg;-0.15
C:\Users\Tune and Tones\Documents\traindata\IMG\center_2026_08_02_19_02_39_697.jpg;-0.35
C:\Users\Tune and Tones\Documents\traindata\IMG\center_2026_08_02_19_02_39_766.jpg;-0.5000001
C:\Users\Tune and Tones\Documents\traindata\IMG\center_2026_08_02_19_02_39_840.jpg;0
C:\Users\Tune and Tones\Documents\traindata\IMG\center_2026_08_02_19_02_39_913.jpg;0
C:\Users\Tune and Tones\Documents\traindata\IMG\center_2026_08_02_19_02_39_987.jpg;0
C:\Users\Tune and Tones\Documents\traindata\IMG\center_2026_08_02_19_02_40_058.jpg;0
C:\Users\Tune and Tones\Documents\traindata\IMG\center_2026_08_02_19_02_40_130.jpg;0
C:\Users\Tune and Tones\Documents\traindata\IMG\center_2026_08_02_19_02_40_205.jpg;0
C:\Users\Tune and Tones\Documents\traindata\IMG\center_2026_08_02_19_02_40_278.jpg;0
C:\Users\Tune and Tones\Documents\traindata\IMG\center_2026_08_02_19_02_40_352.jpg;0
C:\Users\Tune and Tones\Documents\traindata\IMG\center_2026_08_02_19_02_40_425.jpg;0
C:\Users\Tune and Tones\Documents\traindata\IMG\center_2026_08_02_19_02_40_498.jpg;0
C:\Users\Tune and Tones\Documents\traindata\IMG\center_2026_08_02_19_02_40_576.jpg;0
C:\Users\Tune and Tones\Documents\traindata\IMG\center_2026_08_02_19_02_40_644.jpg;0
C:\Users\Tune and Tones\Documents\traindata\IMG\center_2026_08_02_19_02_40_718.jpg;0
C:\Users\Tune and Tones\Documents\traindata\IMG\center_2026_08_02_19_02_40_794.jpg;-0.2
C:\Users\Tune and Tones\Documents\traindata\IMG\center_2026_08_02_19_02_40_869.jpg;-0.4
C:\Users\Tune and Tones\Documents\traindata\IMG\center_2026_08_02_19_02_40_948.jpg;-0.5500001
C:\Users\Tune and Tones\Documents\traindata\IMG\center_2026_08_02_19_02_41_019.jpg;-0.7500002
C:\Users\Tune and Tones\Documents\traindata\IMG\center_2026_08_02_19_02_41_094.jpg;0
C:\Users\Tune and Tones\Documents\traindata\IMG\center_2026_08_02_19_02_41_168.jpg;0
C:\Users\Tune and Tones\Documents\traindata\IMG\center_2026_08_02_19_02_41_245.jpg;0
C:\Users\Tune and Tones\Documents\traindata\IMG\center_2026_08_02_19_02_41_324.jpg;0
C:\Users\Tune and Tones\Documents\traindata\IMG\center_2026_08_02_19_02_41_403.jpg;0
C:\Users\Tune and Tones\Documents\traindata\IMG\center_2026_08_02_19_02_41_483.jpg;0
C:\Users\Tune and Tones\Documents\traindata\IMG\center_2026_08_02_19_02_41_563.jpg;0
C:\Users\Tune and Tones\Documents\traindata\IMG\center_2026_08_02_19_02_41_641.jpg;0
C:\Users\Tune and Tones\Documents\traindata\IMG\center_2026_08_02_19_02_41_722.jpg;0
C:\Users\Tune and Tones\Documents\traindata\IMG\center_2026_08_02_19_02_41_800.jpg;0
C:\Users\Tune and Tones\Documents\traindata\IMG\center_2026_08_02_19_02_41_875.jpg;0
C:\Users\Tune and Tones\Documents\traindata\IMG\center_2026_08_02_19_02_41_961.jpg;0
C:\Users\Tune and Tones\Documents\traindata\IMG\center_2026_08_02_19_02_42_047.jpg;0
C:\Users\Tune and Tones\Documents\traindata\IMG\center_2026_08_02_19_02_42_119.jpg;0
C:\Users\Tune and Tones\Documents\traindata\IMG\center_2026_08_02_19_02_42_195.jpg;0
C:\Users\Tune and Tones\Documents\traindata\IMG\center_2026_08_02_19_02_42_274.jpg;0
C:\Users\Tune and Tones\Documents\traindata\IMG\center_2026_08_02_19_02_42_351.jpg;0
C:\Users\Tune and Tones\Documents\traindata\IMG\center_2026_08_02_19_02_42_432.jpg;-0.2
C:\Users\Tune and Tones\Documents\traindata\IMG\center_2026_08_02_19_02_42_512.jpg;-0.4
C:\Users\Tune and Tones\Documents\traindata\IMG\center_2026_08_02_19_02_42_589.jpg;0
C:\Users\Tune and Tones\Documents\traindata\IMG\center_2026_08_02_19_02_42_668.jpg;0
C:\Users\Tune and Tones\Documents\traindata\IMG\center_2026_08_02_19_02_42_746.jpg;0
C:\Users\Tune and Tones\Documents\traindata\IMG\center_2026_08_02_19_02_42_824.jpg;0
C:\Users\Tune and Tones\Documents\traindata\IMG\center_2026_08_02_19_02_42_904.jpg;0
C:\Users\Tune and Tones\Documents\traindata\IMG\center_2026_08_02_19_02_42_982.jpg;0
C:\Users\Tune and Tones\Documents\traindata\IMG\center_2026_08_02_19_02_43_060.jpg;0
C:\Users\Tune and Tones\Documents\traindata\IMG\center_2026_08_02_19_02_43_136.jpg;0
C:\Users\Tune and Tones\Documents\traindata\IMG\center_2026_08_02_19_02_43_225.jpg;-0.2
C:\Users\Tune and Tones\Documents\traindata\IMG\center_2026_08_02_19_02_43_297.jpg;-0.4
C:\Users\Tune and Tones\Documents\traindata\IMG\center_2026_08_02_19_02_43_375.jpg;-0.6000001
C:\Users\Tune and Tones\Documents\traindata\IMG\center_2026_08_02_19_02_43_453.jpg;-0.8000001
C:\Users\Tune and Tones\Documents\traindata\IMG\center_2026_08_02_19_02_43_539.jpg;0
C:\Users\Tune and Tones\Documents\traindata\IMG\center_2026_08_02_19_02_43_612.jpg;0
C:\Users\Tune and Tones\Documents\traindata\IMG\center_2026_08_02_19_02_43_695.jpg;0
C:\Users\Tune and Tones\Documents\traindata\IMG\center_2026_08_02_19_02_43_777.jpg;0
C:\Users\Tune and Tones\Documents\traindata\IMG\center_2026_08_02_19_02_43_856.jpg;0
C:\Users\Tune and Tones\Documents\traindata\IMG\center_2026_08_02_19_02_43_932.jpg;0
C:\Users\Tune and Tones\Documents\traindata\IMG\center_2026_08_02_19_02_44_009.jpg;0
C:\Users\Tune and Tones\Documents\traindata\IMG\center_2026_08_02_19_02_44_087.jpg;0
C:\Users\Tune and Tones\Documents\traindata\IMG\center_2026_08_02_19_02_44_164.jpg;0
C:\Users\Tune and Tones\Documents\traindata\IMG\center_2026_08_02_19_02_44_240.jpg;0
C:\Users\Tune and Tones\Documents\traindata\IMG\center_2026_08_02_19_02_44_324.jpg;0
C:\Users\Tune and Tones\Documents\traindata\IMG\center_2026_08_02_19_02_44_398.jpg;0
C:\Users\Tune and Tones\Documents\traindata\IMG\center_2026_08_02_19_02_44_473.jpg;0
C:\Users\Tune and Tones\Documents\traindata\IMG\center_2026_08_02_19_02_44_552.jpg;0
C:\Users\Tune and Tones\Documents\traindata\IMG\center_2026_08_02_19_02_44_630.jpg;0
C:\Users\Tune and Tones\Documents\traindata\IMG\center_2026_08_02_19_02_44_706.jpg;0
C:\Users\Tune and Tones\Documents\traindata\IMG\center_2026_08_02_19_02_44_784.jpg;0
C:\Users\Tune and Tones\Documents\traindata\IMG\center_2026_08_02_19_02_44_861.jpg;0
C:\Users\Tune and Tones\Documents\traindata\IMG\center_2026_08_02_19_02_44_938.jpg;0
C:\Users\Tune and Tones\Documents\traindata\IMG\center_2026_08_02_19_02_45_018.jpg;0
C:\Users\Tune and Tones\Documents\traindata\IMG\center_2026_08_02_19_02_45_093.jpg;0
C:\Users\Tune and Tones\Documents\traindata\IMG\center_2026_08_02_19_02_45_167.jpg;0
C:\Users\Tune and Tones\Documents\traindata\IMG\center_2026_08_02_19_02_45_242.jpg;0
C:\Users\Tune and Tones\Documents\traindata\IMG\center_2026_08_02_19_02_45_321.jpg;0
C:\Users\Tune and Tones\Documents\traindata\IMG\center_2026_08_02_19_02_45_406.jpg;0
C:\Users\Tune and Tones\Documents\traindata\IMG\center_2026_08_02_19_02_45_484.jpg;0
C:\Users\Tune and Tones\Documents\traindata\IMG\center_2026_08_02_19_02_45_566.jpg;0
C:\Users\Tune and Tones\Documents\traindata\IMG\center_2026_08_02_19_02_45_648.jpg;0
C:\Users\Tune and Tones\Documents\traindata\IMG\center_2026_08_02_19_02_45_729.jpg;0
C:\Users\Tune and Tones\Documents\traindata\IMG\center_2026_08_02_19_02_45_809.jpg;0
C:\Users\Tune and Tones\Documents\traindata\IMG\center_2026_08_02_19_02_45_893.jpg;0
C:\Users\Tune and Tones\Documents\traindata\IMG\center_2026_08_02_19_02_45_974.jpg;0
C:\Users\Tune and Tones\Documents\traindata\IMG\center_2026_08_02_19_02_46_059.jpg;0
C:\Users\Tune and Tones\Documents\traindata\IMG\center_2026_08_02_19_02_46_149.jpg;0
C:\Users\Tune and Tones\Documents\traindata\IMG\center_2026_08_02_19_02_46_232.jpg;0
C:\Users\Tune and Tones\Documents\traindata\IMG\center_2026_08_02_19_02_46_311.jpg;0
C:\Users\Tune and Tones\Documents\traindata\IMG\center_2026_08_02_19_02_46_386.jpg;0
C:\Users\Tune and Tones\Documents\traindata\IMG\center_2026_08_02_19_02_46_468.jpg;0
C:\Users\Tune and Tones\Documents\traindata\IMG\center_2026_08_02_19_02_46_552.jpg;0
C:\Users\Tune and Tones\Documents\traindata\IMG\center_2026_08_02_19_02_46_633.jpg;0
C:\Users\Tune and Tones\Documents\traindata\IMG\center_2026_08_02_19_02_46_711.jpg;0
C:\Users\Tune and Tones\Documents\traindata\IMG\center_2026_08_02_19_02_46_785.jpg;0
C:\Users\Tune and Tones\Documents\traindata\IMG\center_2026_08_02_19_02_46_860.jpg;0
C:\Users\Tune and Tones\Documents\traindata\IMG\center_2026_08_02_19_02_46_937.jpg;0
C:\Users\Tune and Tones\Documents\traindata\IMG\center_2026_08_02_19_02_47_016.jpg;0
C:\Users\Tune and Tones\Documents\traindata\IMG\center_2026_08_02_19_02_47_091.jpg;0
C:\Users\Tune and Tones\Documents\traindata\IMG\center_2026_08_02_19_02_47_167.jpg;0
C:\Users\Tune and Tones\Documents\traindata\IMG\center_2026_08_02_19_02_47_238.jpg;0
C:\Users\Tune and Tones\Documents\traindata\IMG\center_2026_08_02_19_02_47_312.jpg;0
C:\Users\Tune and Tones\Documents\traindata\IMG\center_2026_08_02_19_02_47_381.jpg;0
C:\Users\Tune and Tones\Documents\traindata\IMG\center_2026_08_02_19_02_47_456.jpg;0
C:\Users\Tune and Tones\Documents\traindata\IMG\center_2026_08_02_19_02_47_526.jpg;0
C:\Users\Tune and Tones\Documents\traindata\IMG\center_2026_08_02_19_02_47_597.jpg;0
C:\Users\Tune and Tones\Documents\traindata\IMG\center_2026_08_02_19_02_47_670.jpg;-0.2
C:\Users\Tune and Tones\Documents\traindata\IMG\center_2026_08_02_19_02_47_742.jpg;-0.35
C:\Users\Tune and Tones\Documents\traindata\IMG\center_2026_08_02_19_02_47_815.jpg;-0.5500001
C:\Users\Tune and Tones\Documents\traindata\IMG\center_2026_08_02_19_02_47_883.jpg;0
C:\Users\Tune and Tones\Documents\traindata\IMG\center_2026_08_02_19_02_47_957.jpg;0
C:\Users\Tune and Tones\Documents\traindata\IMG\center_2026_08_02_19_02_48_032.jpg;0
C:\Users\Tune and Tones\Documents\traindata\IMG\center_2026_08_02_19_02_48_168.jpg;0
C:\Users\Tune and Tones\Documents\traindata\IMG\center_2026_08_02_19_02_48_248.jpg;0
C:\Users\Tune and Tones\Documents\traindata\IMG\center_2026_08_02_19_02_48_315.jpg;0
C:\Users\Tune and Tones\Documents\traindata\IMG\center_2026_08_02_19_02_48_387.jpg;0
C:\Users\Tune and Tones\Documents\traindata\IMG\center_2026_08_02_19_02_48_459.jpg;0
C:\Users\Tune and Tones\Documents\traindata\IMG\center_2026_08_02_19_02_48_530.jpg;0
C:\Users\Tune and Tones\Documents\traindata\IMG\center_2026_08_02_19_02_48_600.jpg;0
C:\Users\Tune and Tones\Documents\traindata\IMG\center_2026_08_02_19_02_48_675.jpg;0
C:\Users\Tune and Tones\Documents\traindata\IMG\center_2026_08_02_19_02_48_747.jpg;0
C:\Users\Tune and Tones\Documents\traindata\IMG\center_2026_08_02_19_02_48_817.jpg;0
C:\Users\Tune and Tones\Documents\traindata\IMG\center_2026_08_02_19_02_48_892.jpg;0
C:\Users\Tune and Tones\Documents\traindata\IMG\center_2026_08_02_19_02_48_963.jpg;0
C:\Users\Tune and Tones\Documents\traindata\IMG\center_2026_08_02_19_02_49_042.jpg;0
C:\Users\Tune and Tones\Documents\traindata\IMG\center_2026_08_02_19_02_49_122.jpg;0
C:\Users\Tune and Tones\Documents\traindata\IMG\center_2026_08_02_19_02_49_191.jpg;-0.2
C:\Users\Tune and Tones\Documents\traindata\IMG\center_2026_08_02_19_02_49_264.jpg;-0.35
C:\Users\Tune and Tones\Documents\traindata\IMG\center_2026_08_02_19_02_49_337.jpg;0
C:\Users\Tune and Tones\Documents\traindata\IMG\center_2026_08_02_19_02_49_409.jpg;0
C:\Users\Tune and Tones\Documents\traindata\IMG\center_2026_08_02_19_02_49_484.jpg;0
C:\Users\Tune and Tones\Documents\traindata\IMG\center_2026_08_02_19_02_49_556.jpg;0
C:\Users\Tune and Tones\Documents\traindata\IMG\center_2026_08_02_19_02_49_634.jpg;0
C:\Users\Tune and Tones\Documents\traindata\IMG\center_2026_08_02_19_02_49_706.jpg;0
C:\Users\Tune and Tones\Documents\traindata\IMG\center_2026_08_02_19_02_49_784.jpg;0
C:\Users\Tune and Tones\Documents\traindata\IMG\center_2026_08_02_19_02_49_858.jpg;0
C:\Users\Tune and Tones\Documents\traindata\IMG\center_2026_08_02_19_02_49_933.jpg;0
C:\Users\Tune and Tones\Documents\traindata\IMG\center_2026_08_02_19_02_50_010.jpg;0
C:\Users\Tune and Tones\Documents\traindata\IMG\center_2026_08_02_19_02_50_085.jpg;0
C:\Users\Tune and Tones\Documents\traindata\IMG\center_2026_08_02_19_02_50_159.jpg;0
C:\Users\Tune and Tones\Documents\traindata\IMG\center_2026_08_02_19_02_50_240.jpg;0
C:\Users\Tune and Tones\Documents\traindata\IMG\center_2026_08_02_19_02_50_312.jpg;0
C:\Users\Tune and Tones\Documents\traindata\IMG\center_2026_08_02_19_02_50_386.jpg;0
C:\Users\Tune and Tones\Documents\traindata\IMG\center_2026_08_02_19_02_50_463.jpg;0
C:\Users\Tune and Tones\Documents\traindata\IMG\center_2026_08_02_19_02_50_541.jpg;0
C:\Users\Tune and Tones\Documents\traindata\IMG\center_2026_08_02_19_02_50_617.jpg;0.2
C:\Users\Tune and Tones\Documents\traindata\IMG\center_2026_08_02_19_02_50_693.jpg;0
C:\Users\Tune and Tones\Documents\traindata\IMG\center_2026_08_02_19_02_50_769.jpg;0
C:\Users\Tune and Tones\Documents\traindata\IMG\center_2026_08_02_19_02_50_844.jpg;0
C:\Users\Tune and Tones\Documents\traindata\IMG\center_2026_08_02_19_02_50_920.jpg;0
C:\Users\Tune and Tones\Documents\traindata\IMG\center_2026_08_02_19_02_51_003.jpg;0
C:\Users\Tune and Tones\Documents\traindata\IMG\center_2026_08_02_19_02_51_072.jpg;0
C:\Users\Tune and Tones\Documents\traindata\IMG\center_2026_08_02_19_02_51_148.jpg;0
C:\Users\Tune and Tones\Documents\traindata\IMG\center_2026_08_02_19_02_51_224.jpg;0
C:\Users\Tune and Tones\Documents\traindata\IMG\center_2026_08_02_19_02_51_298.jpg;0
C:\Users\Tune and Tones\Documents\traindata\IMG\center_2026_08_02_19_02_51_384.jpg;0
C:\Users\Tune and Tones\Documents\traindata\IMG\center_2026_08_02_19_02_51_455.jpg;0
C:\Users\Tune and Tones\Documents\traindata\IMG\center_2026_08_02_19_02_51_529.jpg;0
C:\Users\Tune and Tones\Documents\traindata\IMG\center_2026_08_02_19_02_51_603.jpg;0
C:\Users\Tune and Tones\Documents\traindata\IMG\center_2026_08_02_19_02_51_680.jpg;0
C:\Users\Tune and Tones\Documents\traindata\IMG\center_2026_08_02_19_02_51_757.jpg;0
C:\Users\Tune and Tones\Documents\traindata\IMG\center_2026_08_02_19_02_51_832.jpg;0
C:\Users\Tune and Tones\Documents\traindata\IMG\center_2026_08_02_19_02_51_907.jpg;0
C:\Users\Tune and Tones\Documents\traindata\IMG\center_2026_08_02_19_02_51_984.jpg;0
C:\Users\Tune and Tones\Documents\traindata\IMG\center_2026_08_02_19_02_52_065.jpg;0
C:\Users\Tune and Tones\Documents\traindata\IMG\center_2026_08_02_19_02_52_138.jpg;0
C:\Users\Tune and Tones\Documents\traindata\IMG\center_2026_08_02_19_02_52_212.jpg;0
C:\Users\Tune and Tones\Documents\traindata\IMG\center_2026_08_02_19_02_52_291.jpg;0
C:\Users\Tune and Tones\Documents\traindata\IMG\center_2026_08_02_19_02_52_368.jpg;0
C:\Users\Tune and Tones\Documents\traindata\IMG\center_2026_08_02_19_02_52_443.jpg;0
C:\Users\Tune and Tones\Documents\traindata\IMG\center_2026_08_02_19_02_52_523.jpg;0
C:\Users\Tune and Tones\Documents\traindata\IMG\center_2026_08_02_19_02_52_602.jpg;0
C:\Users\Tune and Tones\Documents\traindata\IMG\center_2026_08_02_19_02_52_677.jpg;0
C:\Users\Tune and Tones\Documents\traindata\IMG\center_2026_08_02_19_02_52_755.jpg;0
C:\Users\Tune and Tones\Documents\traindata\IMG\center_2026_08_02_19_02_52_837.jpg;0
C:\Users\Tune and Tones\Documents\traindata\IMG\center_2026_08_02_19_02_52_910.jpg;0
C:\Users\Tune and Tones\Documents\traindata\IMG\center_2026_08_02_19_02_52_988.jpg;0
C:\Users\Tune and Tones\Documents\traindata\IMG\center_2026_08_02_19_02_53_065.jpg;0
C:\Users\Tune and Tones\Documents\traindata\IMG\center_2026_08_02_19_02_53_144.jpg;0
C:\Users\Tune and Tones\Documents\traindata\IMG\center_2026_08_02_19_02_53_218.jpg;0
C:\Users\Tune and Tones\Documents\traindata\IMG\center_2026_08_02_19_02_53_298.jpg;0
C:\Users\Tune and Tones\Documents\traindata\IMG\center_2026_08_02_19_02_53_375.jpg;0
C:\Users\Tune and Tones\Documents\traindata\IMG\center_2026_08_02_19_02_53_455.jpg;0
C:\Users\Tune and Tones\Documents\traindata\IMG\center_2026_08_02_19_02_53_536.jpg;0
C:\Users\Tune and Tones\Documents\traindata\IMG\center_2026_08_02_19_02_53_610.jpg;0
C:\Users\Tune and Tones\Documents\traindata\IMG\center_2026_08_02_19_02_53_690.jpg;0
C:\Users\Tune and Tones\Documents\traindata\IMG\center_2026_08_02_19_02_53_766.jpg;0
C:\Users\Tune and Tones\Documents\traindata\IMG\center_2026_08_02_19_02_53_845.jpg;0
C:\Users\Tune and Tones\Documents\traindata\IMG\center_2026_08_02_19_02_53_932.jpg;0
C:\Users\Tune and Tones\Documents\traindata\IMG\center_2026_08_02_19_02_54_002.jpg;0
C:\Users\Tune and Tones\Documents\traindata\IMG\center_2026_08_02_19_02_54_079.jpg;0
C:\Users\Tune and Tones\Documents\traindata\IMG\center_2026_08_02_19_02_54_162.jpg;0
C:\Users\Tune and Tones\Documents\traindata\IMG\center_2026_08_02_19_02_54_240.jpg;0
C:\Users\Tune and Tones\Documents\traindata\IMG\center_2026_08_02_19_02_54_321.jpg;0
C:\Users\Tune and Tones\Documents\traindata\IMG\center_2026_08_02_19_02_54_404.jpg;0
C:\Users\Tune and Tones\Documents\traindata\IMG\center_2026_08_02_19_02_54_488.jpg;0
C:\Users\Tune and Tones\Documents\traindata\IMG\center_2026_08_02_19_02_54_569.jpg;0
C:\Users\Tune and Tones\Documents\traindata\IMG\center_2026_08_02_19_40_26_528.jpg;0
C:\Users\Tune and Tones\Documents\traindata\IMG\center_2026_08_02_19_40_26_609.jpg;0
C:\Users\Tune and Tones\Documents\traindata\IMG\center_2026_08_02_19_40_26_694.jpg;0
C:\Users\Tune and Tones\Documents\traindata\IMG\center_2026_08_02_19_40_26_776.jpg;0
C:\Users\Tune and Tones\Documents\traindata\IMG\center_2026_08_02_19_40_26_858.jpg;0
C:\Users\Tune and Tones\Documents\traindata\IMG\center_2026_08_02_19_40_26_943.jpg;0
C:\Users\Tune and Tones\Documents\traindata\IMG\center_2026_08_02_19_40_27_021.jpg;0
C:\Users\Tune and Tones\Documents\traindata\IMG\center_2026_08_02_19_40_27_104.jpg;0
C:\Users\Tune and Tones\Documents\traindata\IMG\center_2026_08_02_19_40_27_190.jpg;0
C:\Users\Tune and Tones\Documents\traindata\IMG\center_2026_08_02_19_40_27_274.jpg;0
C:\Users\Tune and Tones\Documents\traindata\IMG\center_2026_08_02_19_40_27_352.jpg;0
C:\Users\Tune and Tones\Documents\traindata\IMG\center_2026_08_02_19_40_27_436.jpg;0
C:\Users\Tune and Tones\Documents\traindata\IMG\center_2026_08_02_19_40_27_516.jpg;0
C:\Users\Tune and Tones\Documents\traindata\IMG\center_2026_08_02_19_40_27_595.jpg;0
C:\Users\Tune and Tones\Documents\traindata\IMG\center_2026_08_02_19_40_27_680.jpg;0
C:\Users\Tune and Tones\Documents\traindata\IMG\center_2026_08_02_19_57_45_877.jpg;0
C:\Users\Tune and Tones\Documents\traindata\IMG\center_2026_08_02_19_57_45_950.jpg;0
C:\Users\Tune and Tones\Documents\traindata\IMG\center_2026_08_02_19_57_46_027.jpg;0
C:\Users\Tune and Tones\Documents\traindata\IMG\center_2026_08_02_19_57_46_101.jpg;0
C:\Users\Tune and Tones\Documents\traindata\IMG\center_2026_08_02_19_57_46_179.jpg;0
C:\Users\Tune and Tones\Documents\traindata\IMG\center_2026_08_02_19_57_46_260.jpg;0
C:\Users\Tune and Tones\Documents\traindata\IMG\center_2026_08_02_19_57_46_337.jpg;0
C:\Users\Tune and Tones\Documents\traindata\IMG\center_2026_08_02_19_57_46_426.jpg;0
C:\Users\Tune and Tones\Documents\traindata\IMG\center_2026_08_02_19_57_46_504.jpg;0
C:\Users\Tune and Tones\Documents\traindata\IMG\center_2026_08_02_19_57_46_581.jpg;0.2
C:\Users\Tune and Tones\Documents\traindata\IMG\center_2026_08_02_19_57_46_671.jpg;0.45
C:\Users\Tune and Tones\Documents\traindata\IMG\center_2026_08_02_19_57_46_746.jpg;0.6000001
C:\Users\Tune and Tones\Documents\traindata\IMG\center_2026_08_02_19_57_46_830.jpg;0.8500001
C:\Users\Tune and Tones\Documents\traindata\IMG\center_2026_08_02_19_57_46_909.jpg;0
C:\Users\Tune and Tones\Documents\traindata\IMG\center_2026_08_02_19_57_46_985.jpg;0
C:\Users\Tune and Tones\Documents\traindata\IMG\center_2026_08_02_19_57_47_066.jpg;0
C:\Users\Tune and Tones\Documents\traindata\IMG\center_2026_08_02_19_57_47_137.jpg;0
C:\Users\Tune and Tones\Documents\traindata\IMG\center_2026_08_02_19_57_47_226.jpg;0
C:\Users\Tune and Tones\Documents\traindata\IMG\center_2026_08_02_19_57_47_297.jpg;0
C:\Users\Tune and Tones\Documents\traindata\IMG\center_2026_08_02_19_57_47_375.jpg;0
C:\Users\Tune and Tones\Documents\traindata\IMG\center_2026_08_02_19_57_47_453.jpg;0
C:\Users\Tune and Tones\Documents\traindata\IMG\center_2026_08_02_19_57_47_530.jpg;0
C:\Users\Tune and Tones\Documents\traindata\IMG\center_2026_08_02_19_57_47_611.jpg;0
C:\Users\Tune and Tones\Documents\traindata\IMG\center_2026_08_02_19_57_47_686.jpg;0
C:\Users\Tune and Tones\Documents\traindata\IMG\center_2026_08_02_19_57_47_771.jpg;0
C:\Users\Tune and Tones\Documents\traindata\IMG\center_2026_08_02_19_57_47_854.jpg;0.2
C:\Users\Tune and Tones\Documents\traindata\IMG\center_2026_08_02_19_57_47_928.jpg;0.4
C:\Users\Tune and Tones\Documents\traindata\IMG\center_2026_08_02_19_57_48_006.jpg;0
C:\Users\Tune and Tones\Documents\traindata\IMG\center_2026_08_02_19_57_48_089.jpg;0
C:\Users\Tune and Tones\Documents\traindata\IMG\center_2026_08_02_19_57_48_172.jpg;0
C:\Users\Tune and Tones\Documents\traindata\IMG\center_2026_08_02_19_57_48_257.jpg;0
C:\Users\Tune and Tones\Documents\traindata\IMG\center_2026_08_02_19_57_48_340.jpg;0
C:\Users\Tune and Tones\Documents\traindata\IMG\center_2026_08_02_19_57_48_473.jpg;0
C:\Users\Tune and Tones\Documents\traindata\IMG\center_2026_08_02_19_57_48_507.jpg;0.2
C:\Users\Tune and Tones\Documents\traindata\IMG\center_2026_08_02_19_57_48_584.jpg;0.4
C:\Users\Tune and Tones\Documents\traindata\IMG\center_2026_08_02_19_57_48_678.jpg;0
C:\Users\Tune and Tones\Documents\traindata\IMG\center_2026_08_02_19_57_48_755.jpg;0
C:\Users\Tune and Tones\Documents\traindata\IMG\center_2026_08_02_19_57_48_829.jpg;0
C:\Users\Tune and Tones\Documents\traindata\IMG\center_2026_08_02_19_57_48_923.jpg;0
C:\Users\Tune and Tones\Documents\traindata\IMG\center_2026_08_02_19_57_49_005.jpg;0
C:\Users\Tune and Tones\Documents\traindata\IMG\center_2026_08_02_19_57_49_082.jpg;0
C:\Users\Tune and Tones\Documents\traindata\IMG\center_2026_08_02_19_57_49_163.jpg;0
C:\Users\Tune and Tones\Documents\traindata\IMG\center_2026_08_02_19_57_49_245.jpg;0
C:\Users\Tune and Tones\Documents\traindata\IMG\center_2026_08_02_19_57_49_322.jpg;0
C:\Users\Tune and Tones\Documents\traindata\IMG\center_2026_08_02_19_57_49_400.jpg;0.2
C:\Users\Tune and Tones\Documents\traindata\IMG\center_2026_08_02_19_57_49_472.jpg;0.4
C:\Users\Tune and Tones\Documents\traindata\IMG\center_2026_08_02_19_57_49_560.jpg;0.6000001
C:\Users\Tune and Tones\Documents\traindata\IMG\center_2026_08_02_19_57_49_634.jpg;0
C:\Users\Tune and Tones\Documents\traindata\IMG\center_2026_08_02_19_57_49_715.jpg;0
C:\Users\Tune and Tones\Documents\traindata\IMG\center_2026_08_02_19_57_49_795.jpg;0
C:\Users\Tune and Tones\Documents\traindata\IMG\center_2026_08_02_19_57_49_887.jpg;0
C:\Users\Tune and Tones\Documents\traindata\IMG\center_2026_08_02_19_57_49_965.jpg;0
C:\Users\Tune and Tones\Documents\traindata\IMG\center_2026_08_02_19_57_50_054.jpg;0
C:\Users\Tune and Tones\Documents\traindata\IMG\center_2026_08_02_19_57_50_134.jpg;0
C:\Users\Tune and Tones\Documents\traindata\IMG\center_2026_08_02_19_57_50_214.jpg;0
C:\Users\Tune and Tones\Documents\traindata\IMG\center_2026_08_02_19_57_50_297.jpg;0
C:\Users\Tune and Tones\Documents\traindata\IMG\center_2026_08_02_19_57_50_379.jpg;-0.2
C:\Users\Tune and Tones\Documents\traindata\IMG\center_2026_08_02_19_57_50_459.jpg;-0.4
C:\Users\Tune and Tones\Documents\traindata\IMG\center_2026_08_02_19_57_50_542.jpg;0
C:\Users\Tune and Tones\Documents\traindata\IMG\center_2026_08_02_19_57_50_627.jpg;0
C:\Users\Tune and Tones\Documents\traindata\IMG\center_2026_08_02_19_57_50_707.jpg;0
C:\Users\Tune and Tones\Documents\traindata\IMG\center_2026_08_02_19_57_50_791.jpg;0
C:\Users\Tune and Tones\Documents\traindata\IMG\center_2026_08_02_19_57_50_875.jpg;0
C:\Users\Tune and Tones\Documents\traindata\IMG\center_2026_08_02_19_57_50_961.jpg;0
C:\Users\Tune and Tones\Documents\traindata\IMG\center_2026_08_02_19_57_51_041.jpg;0
C:\Users\Tune and Tones\Documents\traindata\IMG\center_2026_08_02_19_57_51_122.jpg;0
C:\Users\Tune and Tones\Documents\traindata\IMG\center_2026_08_02_19_57_51_204.jpg;0
C:\Users\Tune and Tones\Documents\traindata\IMG\center_2026_08_02_19_57_51_289.jpg;0
C:\Users\Tune and Tones\Documents\traindata\IMG\center_2026_08_02_19_57_51_369.jpg;0
C:\Users\Tune and Tones\Documents\traindata\IMG\center_2026_08_02_19_57_51_453.jpg;0
C:\Users\Tune and Tones\Documents\traindata\IMG\center_2026_08_02_19_57_51_547.jpg;0
C:\Users\Tune and Tones\Documents\traindata\IMG\center_2026_08_02_19_57_51_625.jpg;0
C:\Users\Tune and Tones\Documents\traindata\IMG\center_2026_08_02_19_57_51_709.jpg;0
C:\Users\Tune and Tones\Documents\traindata\IMG\center_2026_08_02_19_57_51_789.jpg;0
C:\Users\Tune and Tones\Documents\traindata\IMG\center_2026_08_02_19_57_51_875.jpg;0
C:\Users\Tune and Tones\Documents\traindata\IMG\center_2026_08_02_19_57_51_956.jpg;0
C:\Users\Tune and Tones\Documents\traindata\IMG\center_2026_08_02_19_57_52_029.jpg;0
C:\Users\Tune and Tones\Documents\traindata\IMG\center_2026_08_02_19_57_52_123.jpg;-0.2
C:\Users\Tune and Tones\Documents\traindata\IMG\center_2026_08_02_19_57_52_210.jpg;-0.45
C:\Users\Tune and Tones\Documents\traindata\IMG\center_2026_08_02_19_57_52_357.jpg;0
C:\Users\Tune and Tones\Documents\traindata\IMG\center_2026_08_02_19_57_52_446.jpg;0
C:\Users\Tune and Tones\Documents\traindata\IMG\center_2026_08_02_19_57_52_537.jpg;0
C:\Users\Tune and Tones\Documents\traindata\IMG\center_2026_08_02_19_57_52_611.jpg;0
C:\Users\Tune and Tones\Documents\traindata\IMG\center_2026_08_02_19_57_52_691.jpg;0
C:\Users\Tune and Tones\Documents\traindata\IMG\center_2026_08_02_19_57_52_766.jpg;0
C:\Users\Tune and Tones\Documents\traindata\IMG\center_2026_08_02_19_57_52_849.jpg;0
C:\Users\Tune and Tones\Documents\traindata\IMG\center_2026_08_02_19_57_52_928.jpg;0
C:\Users\Tune and Tones\Documents\traindata\IMG\center_2026_08_02_19_57_53_004.jpg;0
C:\Users\Tune and Tones\Documents\traindata\IMG\center_2026_08_02_19_57_53_089.jpg;0
C:\Users\Tune and Tones\Documents\traindata\IMG\center_2026_08_02_19_57_53_170.jpg;0
C:\Users\Tune and Tones\Documents\traindata\IMG\center_2026_08_02_19_57_53_253.jpg;0
C:\Users\Tune and Tones\Documents\traindata\IMG\center_2026_08_02_19_57_53_334.jpg;0
C:\Users\Tune and Tones\Documents\traindata\IMG\center_2026_08_02_19_57_53_417.jpg;0
C:\Users\Tune and Tones\Documents\traindata\IMG\center_2026_08_02_19_57_53_494.jpg;0
C:\Users\Tune and Tones\Documents\traindata\IMG\center_2026_08_02_19_57_53_571.jpg;0
C:\Users\Tune and Tones\Documents\traindata\IMG\center_2026_08_02_19_57_53_646.jpg;0
C:\Users\Tune and Tones\Documents\traindata\IMG\center_2026_08_02_19_57_53_726.jpg;0
C:\Users\Tune and Tones\Documents\traindata\IMG\center_2026_08_02_19_57_53_811.jpg;0
C:\Users\Tune and Tones\Documents\traindata\IMG\center_2026_08_02_19_57_53_881.jpg;0
C:\Users\Tune and Tones\Documents\traindata\IMG\center_2026_08_02_19_57_53_969.jpg;-0.25
C:\Users\Tune and Tones\Documents\traindata\IMG\center_2026_08_02_19_57_54_039.jpg;-0.4
C:\Users\Tune and Tones\Documents\traindata\IMG\center_2026_08_02_19_57_54_127.jpg;-0.6500001
C:\Users\Tune and Tones\Documents\traindata\IMG\center_2026_08_02_19_57_54_203.jpg;0
C:\Users\Tune and Tones\Documents\traindata\IMG\center_2026_08_02_19_57_54_285.jpg;0
C:\Users\Tune and Tones\Documents\traindata\IMG\center_2026_08_02_19_57_54_360.jpg;0
C:\Users\Tune and Tones\Documents\traindata\IMG\center_2026_08_02_19_57_54_439.jpg;0
C:\Users\Tune and Tones\Documents\traindata\IMG\center_2026_08_02_19_57_54_513.jpg;0
C:\Users\Tune and Tones\Documents\traindata\IMG\center_2026_08_02_19_57_54_596.jpg;-0.2
C:\Users\Tune and Tones\Documents\traindata\IMG\center_2026_08_02_19_57_54_672.jpg;-0.4
C:\Users\Tune and Tones\Documents\traindata\IMG\center_2026_08_02_19_57_54_751.jpg;-0.6000001
C:\Users\Tune and Tones\Documents\traindata\IMG\center_2026_08_02_19_57_54_831.jpg;0
C:\Users\Tune and Tones\Documents\traindata\IMG\center_2026_08_02_19_57_54_915.jpg;0
C:\Users\Tune and Tones\Documents\traindata\IMG\center_2026_08_02_19_57_54_984.jpg;0
C:\Users\Tune and Tones\Documents\traindata\IMG\center_2026_08_02_19_57_55_064.jpg;-0.2
C:\Users\Tune and Tones\Documents\traindata\IMG\center_2026_08_02_19_57_55_145.jpg;-0.4
C:\Users\Tune and Tones\Documents\traindata\IMG\center_2026_08_02_19_57_55_224.jpg;-0.6000001
C:\Users\Tune and Tones\Documents\traindata\IMG\center_2026_08_02_19_57_55_296.jpg;-0.8000001
C:\Users\Tune and Tones\Documents\traindata\IMG\center_2026_08_02_19_57_55_372.jpg;-1
C:\Users\Tune and Tones\Documents\traindata\IMG\center_2026_08_02_19_57_55_450.jpg;-1
C:\Users\Tune and Tones\Documents\traindata\IMG\center_2026_08_02_19_57_55_521.jpg;-1
C:\Users\Tune and Tones\Documents\traindata\IMG\center_2026_08_02_19_57_55_601.jpg;-1
C:\Users\Tune and Tones\Documents\traindata\IMG\center_2026_08_02_19_57_55_693.jpg;-1
C:\Users\Tune and Tones\Documents\traindata\IMG\center_2026_08_02_19_57_55_779.jpg;0
C:\Users\Tune and Tones\Documents\traindata\IMG\center_2026_08_02_19_57_55_864.jpg;0
C:\Users\Tune and Tones\Documents\traindata\IMG\center_2026_08_02_19_57_55_954.jpg;0
C:\Users\Tune and Tones\Documents\traindata\IMG\center_2026_08_02_19_57_56_044.jpg;0
C:\Users\Tune and Tones\Documents\traindata\IMG\center_2026_08_02_19_57_56_121.jpg;0
C:\Users\Tune and Tones\Documents\traindata\IMG\center_2026_08_02_19_57_56_208.jpg;0
C:\Users\Tune and Tones\Documents\traindata\IMG\center_2026_08_02_19_57_56_292.jpg;0
C:\Users\Tune and Tones\Documents\traindata\IMG\center_2026_08_02_19_57_56_372.jpg;0
C:\Users\Tune and Tones\Documents\traindata\IMG\center_2026_08_02_19_57_56_463.jpg;0
C:\Users\Tune and Tones\Documents\traindata\IMG\center_2026_08_02_19_57_56_549.jpg;0
C:\Users\Tune and Tones\Documents\traindata\IMG\center_2026_08_02_19_57_56_632.jpg;0.2
C:\Users\Tune and Tones\Documents\traindata\IMG\center_2026_08_02_19_57_56_723.jpg;0.4
C:\Users\Tune and Tones\Documents\traindata\IMG\center_2026_08_02_19_57_56_803.jpg;0.6000001
C:\Users\Tune and Tones\Documents\traindata\IMG\center_2026_08_02_19_57_56_888.jpg;0
C:\Users\Tune and Tones\Documents\traindata\IMG\center_2026_08_02_19_57_56_971.jpg;0
C:\Users\Tune and Tones\Documents\traindata\IMG\center_2026_08_02_19_57_57_051.jpg;0
C:\Users\Tune and Tones\Documents\traindata\IMG\center_2026_08_02_19_57_57_137.jpg;0
C:\Users\Tune and Tones\Documents\traindata\IMG\center_2026_08_02_19_57_57_227.jpg;0
C:\Users\Tune and Tones\Documents\traindata\IMG\center_2026_08_02_19_57_57_302.jpg;0
C:\Users\Tune and Tones\Documents\traindata\IMG\center_2026_08_02_19_57_57_385.jpg;0
C:\Users\Tune and Tones\Documents\traindata\IMG\center_2026_08_02_19_57_57_473.jpg;0
C:\Users\Tune and Tones\Documents\traindata\IMG\center_2026_08_02_19_57_57_555.jpg;0
C:\Users\Tune and Tones\Documents\traindata\IMG\center_2026_08_02_19_57_57_637.jpg;0
C:\Users\Tune and Tones\Documents\traindata\IMG\center_2026_08_02_19_57_57_724.jpg;0
C:\Users\Tune and Tones\Documents\traindata\IMG\center_2026_08_02_19_57_57_809.jpg;0
C:\Users\Tune and Tones\Documents\traindata\IMG\center_2026_08_02_19_57_57_899.jpg;0
C:\Users\Tune and Tones\Documents\traindata\IMG\center_2026_08_02_19_57_57_984.jpg;0
C:\Users\Tune and Tones\Documents\traindata\IMG\center_2026_08_02_19_57_58_067.jpg;0
C:\Users\Tune and Tones\Documents\traindata\IMG\center_2026_08_02_19_57_58_157.jpg;-0.25
C:\Users\Tune and Tones\Documents\traindata\IMG\center_2026_08_02_19_57_58_242.jpg;0
C:\Users\Tune and Tones\Documents\traindata\IMG\center_2026_08_02_19_57_58_332.jpg;0
C:\Users\Tune and Tones\Documents\traindata\IMG\center_2026_08_02_19_57_58_419.jpg;0
C:\Users\Tune and Tones\Documents\traindata\IMG\center_2026_08_02_19_57_58_510.jpg;0
C:\Users\Tune and Tones\Documents\traindata\IMG\center_2026_08_02_19_57_58_601.jpg;0
C:\Users\Tune and Tones\Documents\traindata\IMG\center_2026_08_02_19_57_58_684.jpg;0
C:\Users\Tune and Tones\Documents\traindata\IMG\center_2026_08_02_19_57_58_775.jpg;0
C:\Users\Tune and Tones\Documents\traindata\IMG\center_2026_08_02_19_57_58_862.jpg;-0.2
C:\Users\Tune and Tones\Documents\traindata\IMG\center_2026_08_02_19_57_58_953.jpg;-0.45
C:\Users\Tune and Tones\Documents\traindata\IMG\center_2026_08_02_19_57_59_041.jpg;-0.6500001
C:\Users\Tune and Tones\Documents\traindata\IMG\center_2026_08_02_19_57_59_132.jpg;0
C:\Users\Tune and Tones\Documents\traindata\IMG\center_2026_08_02_19_57_59_222.jpg;0
C:\Users\Tune and Tones\Documents\traindata\IMG\center_2026_08_02_19_57_59_313.jpg;0
C:\Users\Tune and Tones\Documents\traindata\IMG\center_2026_08_02_19_57_59_406.jpg;0
C:\Users\Tune and Tones\Documents\traindata\IMG\center_2026_08_02_19_57_59_498.jpg;0
C:\Users\Tune and Tones\Documents\traindata\IMG\center_2026_08_02_19_57_59_587.jpg;0
C:\Users\Tune and Tones\Documents\traindata\IMG\center_2026_08_02_19_57_59_672.jpg;0
C:\Users\Tune and Tones\Documents\traindata\IMG\center_2026_08_02_19_57_59_771.jpg;0
C:\Users\Tune and Tones\Documents\traindata\IMG\center_2026_08_02_19_57_59_870.jpg;0.25
C:\Users\Tune and Tones\Documents\traindata\IMG\center_2026_08_02_19_57_59_965.jpg;0.45
C:\Users\Tune and Tones\Documents\traindata\IMG\center_2026_08_02_19_58_00_058.jpg;0
C:\Users\Tune and Tones\Documents\traindata\IMG\center_2026_08_02_19_58_00_161.jpg;0
C:\Users\Tune and Tones\Documents\traindata\IMG\center_2026_08_02_19_58_00_270.jpg;0
C:\Users\Tune and Tones\Documents\traindata\IMG\center_2026_08_02_19_58_00_372.jpg;0
C:\Users\Tune and Tones\Documents\traindata\IMG\center_2026_08_02_19_58_00_474.jpg;0
C:\Users\Tune and Tones\Documents\traindata\IMG\center_2026_08_02_19_58_00_582.jpg;0
C:\Users\Tune and Tones\Documents\traindata\IMG\center_2026_08_02_19_58_00_682.jpg;0
C:\Users\Tune and Tones\Documents\traindata\IMG\center_2026_08_02_19_58_00_785.jpg;0
C:\Users\Tune and Tones\Documents\traindata\IMG\center_2026_08_02_19_58_00_895.jpg;0
C:\Users\Tune and Tones\Documents\traindata\IMG\center_2026_08_02_19_58_01_002.jpg;0
C:\Users\Tune and Tones\Documents\traindata\IMG\center_2026_08_02_19_58_01_104.jpg;0
C:\Users\Tune and Tones\Documents\traindata\IMG\center_2026_08_02_19_58_01_204.jpg;0
C:\Users\Tune and Tones\Documents\traindata\IMG\center_2026_08_02_19_58_01_303.jpg;0
C:\Users\Tune and Tones\Documents\traindata\IMG\center_2026_08_02_19_58_01_406.jpg;0
C:\Users\Tune and Tones\Documents\traindata\IMG\center_2026_08_02_19_58_01_506.jpg;0.25
C:\Users\Tune and Tones\Documents\traindata\IMG\center_2026_08_02_19_58_01_604.jpg;0.5000001
C:\Users\Tune and Tones\Documents\traindata\IMG\center_2026_08_02_19_58_01_700.jpg;0
C:\Users\Tune and Tones\Documents\traindata\IMG\center_2026_08_02_19_58_01_796.jpg;0
C:\Users\Tune and Tones\Documents\traindata\IMG\center_2026_08_02_19_58_01_893.jpg;0
C:\Users\Tune and Tones\Documents\traindata\IMG\center_2026_08_02_19_58_01_992.jpg;0
C:\Users\Tune and Tones\Documents\traindata\IMG\center_2026_08_02_19_58_02_083.jpg;0
C:\Users\Tune and Tones\Documents\traindata\IMG\center_2026_08_02_19_58_02_178.jpg;0
C:\Users\Tune and Tones\Documents\traindata\IMG\center_2026_08_02_19_58_02_271.jpg;0
C:\Users\Tune and Tones\Documents\traindata\IMG\center_2026_08_02_19_58_02_372.jpg;0
C:\Users\Tune and Tones\Documents\traindata\IMG\center_2026_08_02_19_58_02_478.jpg;0
C:\Users\Tune and Tones\Documents\traindata\IMG\center_2026_08_02_19_58_02_577.jpg;0
C:\Users\Tune and Tones\Documents\traindata\IMG\center_2026_08_02_19_58_02_681.jpg;0.25
C:\Users\Tune and Tones\Documents\traindata\IMG\center_2026_08_02_19_58_02_783.jpg;0.5000001
C:\Users\Tune and Tones\Documents\traindata\IMG\center_2026_08_02_19_58_02_886.jpg;0
C:\Users\Tune and Tones\Documents\traindata\IMG\center_2026_08_02_19_58_02_987.jpg;0
C:\Users\Tune and Tones\Documents\traindata\IMG\center_2026_08_02_19_58_03_089.jpg;0
C:\Users\Tune and Tones\Documents\traindata\IMG\center_2026_08_02_19_58_03_199.jpg;0
C:\Users\Tune and Tones\Documents\traindata\IMG\center_2026_08_02_19_58_03_300.jpg;0
C:\Users\Tune and Tones\Documents\traindata\IMG\center_2026_08_02_19_58_03_403.jpg;0
C:\Users\Tune and Tones\Documents\traindata\IMG\center_2026_08_02_19_58_03_502.jpg;0.25
C:\Users\Tune and Tones\Documents\traindata\IMG\center_2026_08_02_19_58_03_600.jpg;0.5000001
C:\Users\Tune and Tones\Documents\traindata\IMG\center_2026_08_02_19_58_03_694.jpg;0
C:\Users\Tune and Tones\Documents\traindata\IMG\center_2026_08_02_19_58_03_794.jpg;0
C:\Users\Tune and Tones\Documents\traindata\IMG\center_2026_08_02_19_58_03_885.jpg;0
C:\Users\Tune and Tones\Documents\traindata\IMG\center_2026_08_02_19_58_03_974.jpg;0
C:\Users\Tune and Tones\Documents\traindata\IMG\center_2026_08_02_19_58_04_065.jpg;0
C:\Users\Tune and Tones\Documents\traindata\IMG\center_2026_08_02_19_58_04_160.jpg;0.25
C:\Users\Tune and Tones\Documents\traindata\IMG\center_2026_08_02_19_58_04_245.jpg;0.45
C:\Users\Tune and Tones\Documents\traindata\IMG\center_2026_08_02_19_58_04_336.jpg;0.7
C:\Users\Tune and Tones\Documents\traindata\IMG\center_2026_08_02_19_58_04_427.jpg;0
C:\Users\Tune and Tones\Documents\traindata\IMG\center_2026_08_02_19_58_04_517.jpg;0
C:\Users\Tune and Tones\Documents\traindata\IMG\center_2026_08_02_19_58_04_608.jpg;0.25
C:\Users\Tune and Tones\Documents\traindata\IMG\center_2026_08_02_19_58_04_699.jpg;0
C:\Users\Tune and Tones\Documents\traindata\IMG\center_2026_08_02_19_58_04_792.jpg;0.25
C:\Users\Tune and Tones\Documents\traindata\IMG\center_2026_08_02_19_58_04_887.jpg;0.5000001
C:\Users\Tune and Tones\Documents\traindata\IMG\center_2026_08_02_19_58_04_982.jpg;0.7
C:\Users\Tune and Tones\Documents\traindata\IMG\center_2026_08_02_19_58_05_074.jpg;0.9500002
C:\Users\Tune and Tones\Documents\traindata\IMG\center_2026_08_02_19_58_05_164.jpg;1
C:\Users\Tune and Tones\Documents\traindata\IMG\center_2026_08_02_19_58_05_259.jpg;0
C:\Users\Tune and Tones\Documents\traindata\IMG\center_2026_08_02_19_58_05_352.jpg;0
C:\Users\Tune and Tones\Documents\traindata\IMG\center_2026_08_02_19_58_05_447.jpg;0
C:\Users\Tune and Tones\Documents\traindata\IMG\center_2026_08_02_19_58_05_536.jpg;0
C:\Users\Tune and Tones\Documents\traindata\IMG\center_2026_08_02_19_58_05_633.jpg;0.25
C:\Users\Tune and Tones\Documents\traindata\IMG\center_2026_08_02_19_58_05_722.jpg;0.45
C:\Users\Tune and Tones\Documents\traindata\IMG\center_2026_08_02_19_58_05_812.jpg;0.7
C:\Users\Tune and Tones\Documents\traindata\IMG\center_2026_08_02_19_58_05_900.jpg;0
C:\Users\Tune and Tones\Documents\traindata\IMG\center_2026_08_02_19_58_05_989.jpg;0
C:\Users\Tune and Tones\Documents\traindata\IMG\center_2026_08_02_19_58_06_080.jpg;0
C:\Users\Tune and Tones\Documents\traindata\IMG\center_2026_08_02_19_58_06_167.jpg;0
C:\Users\Tune and Tones\Documents\traindata\IMG\center_2026_08_02_19_58_06_260.jpg;0
C:\Users\Tune and Tones\Documents\traindata\IMG\center_2026_08_02_19_58_06_356.jpg;0.25
C:\Users\Tune and Tones\Documents\traindata\IMG\center_2026_08_02_19_58_06_448.jpg;0.5000001
C:\Users\Tune and Tones\Documents\traindata\IMG\center_2026_08_02_19_58_06_537.jpg;0.7
C:\Users\Tune and Tones\Documents\traindata\IMG\center_2026_08_02_19_58_06_618.jpg;0
C:\Users\Tune and Tones\Documents\traindata\IMG\center_2026_08_02_19_58_06_709.jpg;0
C:\Users\Tune and Tones\Documents\traindata\IMG\center_2026_08_02_19_58_06_803.jpg;0
C:\Users\Tune and Tones\Documents\traindata\IMG\center_2026_08_02_19_58_06_894.jpg;0
C:\Users\Tune and Tones\Documents\traindata\IMG\center_2026_08_02_19_58_06_982.jpg;0.2
C:\Users\Tune and Tones\Documents\traindata\IMG\center_2026_08_02_19_58_07_070.jpg;0
C:\Users\Tune and Tones\Documents\traindata\IMG\center_2026_08_02_19_58_07_155.jpg;0
C:\Users\Tune and Tones\Documents\traindata\IMG\center_2026_08_02_19_58_07_241.jpg;0
C:\Users\Tune and Tones\Documents\traindata\IMG\center_2026_08_02_19_58_07_324.jpg;0
C:\Users\Tune and Tones\Documents\traindata\IMG\center_2026_08_02_19_58_07_405.jpg;0
C:\Users\Tune and Tones\Documents\traindata\IMG\center_2026_08_02_19_58_07_490.jpg;0
C:\Users\Tune and Tones\Documents\traindata\IMG\center_2026_08_02_19_58_07_571.jpg;0
C:\Users\Tune and Tones\Documents\traindata\IMG\center_2026_08_02_19_58_07_658.jpg;0
C:\Users\Tune and Tones\Documents\traindata\IMG\center_2026_08_02_19_58_07_740.jpg;0
C:\Users\Tune and Tones\Documents\traindata\IMG\center_2026_08_02_19_58_07_826.jpg;0
C:\Users\Tune and Tones\Documents\traindata\IMG\center_2026_08_02_19_58_07_913.jpg;0
C:\Users\Tune and Tones\Documents\traindata\IMG\center_2026_08_02_19_58_07_991.jpg;0
C:\Users\Tune and Tones\Documents\traindata\IMG\center_2026_08_02_19_58_08_077.jpg;0.2
C:\Users\Tune and Tones\Documents\traindata\IMG\center_2026_08_02_19_58_08_165.jpg;0.4
C:\Users\Tune and Tones\Documents\traindata\IMG\center_2026_08_02_19_58_08_244.jpg;0.6000001
C:\Users\Tune and Tones\Documents\traindata\IMG\center_2026_08_02_19_58_08_330.jpg;0
C:\Users\Tune and Tones\Documents\traindata\IMG\center_2026_08_02_19_58_08_415.jpg;0
C:\Users\Tune and Tones\Documents\traindata\IMG\center_2026_08_02_19_58_08_501.jpg;0
C:\Users\Tune and Tones\Documents\traindata\IMG\center_2026_08_02_19_58_08_587.jpg;0
C:\Users\Tune and Tones\Documents\traindata\IMG\center_2026_08_02_19_58_08_669.jpg;0
C:\Users\Tune and Tones\Documents\traindata\IMG\center_2026_08_02_19_58_08_751.jpg;0
C:\Users\Tune and Tones\Documents\traindata\IMG\center_2026_08_02_19_58_08_833.jpg;0
C:\Users\Tune and Tones\Documents\traindata\IMG\center_2026_08_02_19_58_08_916.jpg;0
C:\Users\Tune and Tones\Documents\traindata\IMG\center_2026_08_02_19_58_09_001.jpg;0
C:\Users\Tune and Tones\Documents\traindata\IMG\center_2026_08_02_19_58_09_092.jpg;0.25
C:\Users\Tune and Tones\Documents\traindata\IMG\center_2026_08_02_19_58_09_174.jpg;0.45
C:\Users\Tune and Tones\Documents\traindata\IMG\center_2026_08_02_19_58_09_258.jpg;0
C:\Users\Tune and Tones\Documents\traindata\IMG\center_2026_08_02_19_58_09_348.jpg;0
C:\Users\Tune and Tones\Documents\traindata\IMG\center_2026_08_02_19_58_09_430.jpg;0
C:\Users\Tune and Tones\Documents\traindata\IMG\center_2026_08_02_19_58_09_505.jpg;0
C:\Users\Tune and Tones\Documents\traindata\IMG\center_2026_08_02_19_58_09_585.jpg;0
C:\Users\Tune and Tones\Documents\traindata\IMG\center_2026_08_02_19_58_09_667.jpg;0
C:\Users\Tune and Tones\Documents\traindata\IMG\center_2026_08_02_19_58_09_749.jpg;0
C:\Users\Tune and Tones\Documents\traindata\IMG\center_2026_08_02_19_58_09_829.jpg;0
C:\Users\Tune and Tones\Documents\traindata\IMG\center_2026_08_02_19_58_09_906.jpg;0
C:\Users\Tune and Tones\Documents\traindata\IMG\center_2026_08_02_19_58_09_983.jpg;0
C:\Users\Tune and Tones\Documents\traindata\IMG\center_2026_08_02_19_58_10_064.jpg;0
C:\Users\Tune and Tones\Documents\traindata\IMG\center_2026_08_02_19_58_10_143.jpg;0
C:\Users\Tune and Tones\Documents\traindata\IMG\center_2026_08_02_19_58_10_219.jpg;0
C:\Users\Tune and Tones\Documents\traindata\IMG\center_2026_08_02_19_58_10_299.jpg;0
C:\Users\Tune and Tones\Documents\traindata\IMG\center_2026_08_02_19_58_10_373.jpg;0
C:\Users\Tune and Tones\Documents\traindata\IMG\center_2026_08_02_19_58_10_452.jpg;0
C:\Users\Tune and Tones\Documents\traindata\IMG\center_2026_08_02_19_58_10_529.jpg;0
C:\Users\Tune and Tones\Documents\traindata\IMG\center_2026_08_02_19_58_10_603.jpg;0
C:\Users\Tune and Tones\Documents\traindata\IMG\center_2026_08_02_19_58_10_677.jpg;0
C:\Users\Tune and Tones\Documents\traindata\IMG\center_2026_08_02_19_58_10_753.jpg;0
C:\Users\Tune and Tones\Documents\traindata\IMG\center_2026_08_02_19_58_10_832.jpg;0
C:\Users\Tune and Tones\Documents\traindata\IMG\center_2026_08_02_19_58_10_909.jpg;0
C:\Users\Tune and Tones\Documents\traindata\IMG\center_2026_08_02_19_58_10_989.jpg;0
C:\Users\Tune and Tones\Documents\traindata\IMG\center_2026_08_02_19_58_11_062.jpg;0
C:\Users\Tune and Tones\Documents\traindata\IMG\center_2026_08_02_19_58_11_140.jpg;0
C:\Users\Tune and Tones\Documents\traindata\IMG\center_2026_08_02_19_58_11_219.jpg;0
C:\Users\Tune and Tones\Documents\traindata\IMG\center_2026_08_02_19_58_11_296.jpg;0
C:\Users\Tune and Tones\Documents\traindata\IMG\center_2026_08_02_19_58_11_375.jpg;0
C:\Users\Tune and Tones\Documents\traindata\IMG\center_2026_08_02_19_58_11_450.jpg;0
C:\Users\Tune and Tones\Documents\traindata\IMG\center_2026_08_02_19_58_11_528.jpg;0
C:\Users\Tune and Tones\Documents\traindata\IMG\center_2026_08_02_19_58_11_607.jpg;0
C:\Users\Tune and Tones\Documents\traindata\IMG\center_2026_08_02_19_58_11_687.jpg;0
C:\Users\Tune and Tones\Documents\traindata\IMG\center_2026_08_02_19_58_11_762.jpg;0
C:\Users\Tune and Tones\Documents\traindata\IMG\center_2026_08_02_19_58_11_842.jpg;0
C:\Users\Tune and Tones\Documents\traindata\IMG\center_2026_08_02_19_58_11_919.jpg;0
C:\Users\Tune and Tones\Documents\traindata\IMG\center_2026_08_02_19_58_11_997.jpg;0
C:\Users\Tune and Tones\Documents\traindata\IMG\center_2026_08_02_19_58_12_069.jpg;0
C:\Users\Tune and Tones\Documents\traindata\IMG\center_2026_08_02_19_58_12_149.jpg;0
C:\Users\Tune and Tones\Documents\traindata\IMG\center_2026_08_02_19_58_12_229.jpg;0
C:\Users\Tune and Tones\Documents\traindata\IMG\center_2026_08_02_19_58_12_304.jpg;0
C:\Users\Tune and Tones\Documents\traindata\IMG\center_2026_08_02_19_58_12_389.jpg;0
C:\Users\Tune and Tones\Documents\traindata\IMG\center_2026_08_02_19_58_12_466.jpg;0
C:\Users\Tune and Tones\Documents\traindata\IMG\center_2026_08_02_19_58_12_541.jpg;0
C:\Users\Tune and Tones\Documents\traindata\IMG\center_2026_08_02_19_58_12_620.jpg;0
C:\Users\Tune and Tones\Documents\traindata\IMG\center_2026_08_02_19_58_12_703.jpg;0
C:\Users\Tune and Tones\Documents\traindata\IMG\center_2026_08_02_19_58_12_777.jpg;0
C:\Users\Tune and Tones\Documents\traindata\IMG\center_2026_08_02_19_58_12_856.jpg;0
C:\Users\Tune and Tones\Documents\traindata\IMG\center_2026_08_02_19_58_12_937.jpg;0
C:\Users\Tune and Tones\Documents\traindata\IMG\center_2026_08_02_19_58_13_083.jpg;0
C:\Users\Tune and Tones\Documents\traindata\IMG\center_2026_08_02_19_58_13_159.jpg;0.2
C:\Users\Tune and Tones\Documents\traindata\IMG\center_2026_08_02_19_58_13_238.jpg;0.4
C:\Users\Tune and Tones\Documents\traindata\IMG\center_2026_08_02_19_58_13_312.jpg;0
C:\Users\Tune and Tones\Documents\traindata\IMG\center_2026_08_02_19_58_13_398.jpg;0
C:\Users\Tune and Tones\Documents\traindata\IMG\center_2026_08_02_19_58_13_475.jpg;0
C:\Users\Tune and Tones\Documents\traindata\IMG\center_2026_08_02_19_58_13_552.jpg;0
C:\Users\Tune and Tones\Documents\traindata\IMG\center_2026_08_02_19_58_13_629.jpg;0
C:\Users\Tune and Tones\Documents\traindata\IMG\center_2026_08_02_19_58_13_713.jpg;0
C:\Users\Tune and Tones\Documents\traindata\IMG\center_2026_08_02_19_58_13_796.jpg;0
C:\Users\Tune and Tones\Documents\traindata\IMG\center_2026_08_02_19_58_13_873.jpg;0
C:\Users\Tune and Tones\Documents\traindata\IMG\center_2026_08_02_19_58_13_953.jpg;0
C:\Users\Tune and Tones\Documents\traindata\IMG\center_2026_08_02_19_58_14_034.jpg;0
C:\Users\Tune and Tones\Documents\traindata\IMG\center_2026_08_02_19_58_14_110.jpg;0
C:\Users\Tune and Tones\Documents\traindata\IMG\center_2026_08_02_19_58_14_193.jpg;0
C:\Users\Tune and Tones\Documents\traindata\IMG\center_2026_08_02_19_58_14_272.jpg;0
C:\Users\Tune and Tones\Documents\traindata\IMG\center_2026_08_02_19_58_14_353.jpg;0
C:\Users\Tune and Tones\Documents\traindata\IMG\center_2026_08_02_19_58_14_433.jpg;0
C:\Users\Tune and Tones\Documents\traindata\IMG\center_2026_08_02_19_58_14_512.jpg;0
C:\Users\Tune and Tones\Documents\traindata\IMG\center_2026_08_02_19_58_14_591.jpg;0
C:\Users\Tune and Tones\Documents\traindata\IMG\center_2026_08_02_19_58_14_673.jpg;0
C:\Users\Tune and Tones\Documents\traindata\IMG\center_2026_08_02_19_58_14_752.jpg;0
C:\Users\Tune and Tones\Documents\traindata\IMG\center_2026_08_02_19_58_14_831.jpg;-0.2
C:\Users\Tune and Tones\Documents\traindata\IMG\center_2026_08_02_19_58_14_910.jpg;-0.4
C:\Users\Tune and Tones\Documents\traindata\IMG\center_2026_08_02_19_58_14_989.jpg;0
C:\Users\Tune and Tones\Documents\traindata\IMG\center_2026_08_02_19_58_15_068.jpg;0
C:\Users\Tune and Tones\Documents\traindata\IMG\center_2026_08_02_19_58_15_142.jpg;0
C:\Users\Tune and Tones\Documents\traindata\IMG\center_2026_08_02_19_58_15_222.jpg;0
C:\Users\Tune and Tones\Documents\traindata\IMG\center_2026_08_02_19_58_15_305.jpg;0
C:\Users\Tune and Tones\Documents\traindata\IMG\center_2026_08_02_19_58_15_382.jpg;0
C:\Users\Tune and Tones\Documents\traindata\IMG\center_2026_08_02_19_58_15_460.jpg;0
C:\Users\Tune and Tones\Documents\traindata\IMG\center_2026_08_02_19_58_15_541.jpg;0
C:\Users\Tune and Tones\Documents\traindata\IMG\center_2026_08_02_19_58_15_619.jpg;0
C:\Users\Tune and Tones\Documents\traindata\IMG\center_2026_08_02_19_58_15_697.jpg;0
C:\Users\Tune and Tones\Documents\traindata\IMG\center_2026_08_02_19_58_15_778.jpg;0
C:\Users\Tune and Tones\Documents\traindata\IMG\center_2026_08_02_19_58_15_856.jpg;0
C:\Users\Tune and Tones\Documents\traindata\IMG\center_2026_08_02_19_58_15_937.jpg;0
C:\Users\Tune and Tones\Documents\traindata\IMG\center_2026_08_02_19_58_16_016.jpg;0
C:\Users\Tune and Tones\Documents\traindata\IMG\center_2026_08_02_19_58_16_093.jpg;0
C:\Users\Tune and Tones\Documents\traindata\IMG\center_2026_08_02_19_58_16_174.jpg;0
C:\Users\Tune and Tones\Documents\traindata\IMG\center_2026_08_02_19_58_16_252.jpg;0
C:\Users\Tune and Tones\Documents\traindata\IMG\center_2026_08_02_19_58_16_335.jpg;0
C:\Users\Tune and Tones\Documents\traindata\IMG\center_2026_08_02_19_58_16_410.jpg;0
C:\Users\Tune and Tones\Documents\traindata\IMG\center_2026_08_02_19_58_16_490.jpg;0
C:\Users\Tune and Tones\Documents\traindata\IMG\center_2026_08_02_19_58_16_570.jpg;0
C:\Users\Tune and Tones\Documents\traindata\IMG\center_2026_08_02_19_58_16_652.jpg;0
C:\Users\Tune and Tones\Documents\traindata\IMG\center_2026_08_02_19_58_16_735.jpg;0
C:\Users\Tune and Tones\Documents\traindata\IMG\center_2026_08_02_19_58_16_813.jpg;0
C:\Users\Tune and Tones\Documents\traindata\IMG\center_2026_08_02_19_58_16_896.jpg;0
C:\Users\Tune and Tones\Documents\traindata\IMG\center_2026_08_02_19_58_16_975.jpg;0
C:\Users\Tune and Tones\Documents\traindata\IMG\center_2026_08_02_19_58_17_058.jpg;0
C:\Users\Tune and Tones\Documents\traindata\IMG\center_2026_08_02_19_58_17_139.jpg;0
C:\Users\Tune and Tones\Documents\traindata\IMG\center_2026_08_02_19_58_17_223.jpg;0
C:\Users\Tune and Tones\Documents\traindata\IMG\center_2026_08_02_19_58_17_295.jpg;0.2
C:\Users\Tune and Tones\Documents\traindata\IMG\center_2026_08_02_19_58_17_379.jpg;0.4
C:\Users\Tune and Tones\Documents\traindata\IMG\center_2026_08_02_19_58_17_461.jpg;0
C:\Users\Tune and Tones\Documents\traindata\IMG\center_2026_08_02_19_58_17_552.jpg;0
C:\Users\Tune and Tones\Documents\traindata\IMG\center_2026_08_02_19_58_17_633.jpg;0
C:\Users\Tune and Tones\Documents\traindata\IMG\center_2026_08_02_19_58_17_718.jpg;0
C:\Users\Tune and Tones\Documents\traindata\IMG\center_2026_08_02_19_58_17_800.jpg;0
C:\Users\Tune and Tones\Documents\traindata\IMG\center_2026_08_02_19_58_17_884.jpg;0
C:\Users\Tune and Tones\Documents\traindata\IMG\center_2026_08_02_19_58_17_969.jpg;0
C:\Users\Tune and Tones\Documents\traindata\IMG\center_2026_08_02_19_58_18_054.jpg;0
C:\Users\Tune and Tones\Documents\traindata\IMG\center_2026_08_02_19_58_18_143.jpg;0
C:\Users\Tune and Tones\Documents\traindata\IMG\center_2026_08_02_19_58_18_230.jpg;0
C:\Users\Tune and Tones\Documents\traindata\IMG\center_2026_08_02_19_58_18_314.jpg;0
C:\Users\Tune and Tones\Documents\traindata\IMG\center_2026_08_02_19_58_18_399.jpg;0
C:\Users\Tune and Tones\Documents\traindata\IMG\center_2026_08_02_19_58_18_479.jpg;0
C:\Users\Tune and Tones\Documents\traindata\IMG\center_2026_08_02_19_58_18_567.jpg;0
C:\Users\Tune and Tones\Documents\traindata\IMG\center_2026_08_02_19_58_18_655.jpg;0
C:\Users\Tune and Tones\Documents\traindata\IMG\center_2026_08_02_19_58_18_739.jpg;0
C:\Users\Tune and Tones\Documents\traindata\IMG\center_2026_08_02_19_58_18_825.jpg;0
C:\Users\Tune and Tones\Documents\traindata\IMG\center_2026_08_02_19_58_18_908.jpg;0.25
C:\Users\Tune and Tones\Documents\traindata\IMG\center_2026_08_02_19_58_18_993.jpg;0.45
C:\Users\Tune and Tones\Documents\traindata\IMG\center_2026_08_02_19_58_19_083.jpg;0
C:\Users\Tune and Tones\Documents\traindata\IMG\center_2026_08_02_19_58_19_168.jpg;0
C:\Users\Tune and Tones\Documents\traindata\IMG\center_2026_08_02_19_58_19_254.jpg;0
C:\Users\Tune and Tones\Documents\traindata\IMG\center_2026_08_02_19_58_19_339.jpg;0
C:\Users\Tune and Tones\Documents\traindata\IMG\center_2026_08_02_19_58_19_433.jpg;0
C:\Users\Tune and Tones\Documents\traindata\IMG\center_2026_08_02_19_58_19_519.jpg;0
C:\Users\Tune and Tones\Documents\traindata\IMG\center_2026_08_02_19_58_19_611.jpg;0
C:\Users\Tune and Tones\Documents\traindata\IMG\center_2026_08_02_19_58_19_698.jpg;0
C:\Users\Tune and Tones\Documents\traindata\IMG\center_2026_08_02_19_58_19_794.jpg;0
C:\Users\Tune and Tones\Documents\traindata\IMG\center_2026_08_02_19_58_19_883.jpg;0
C:\Users\Tune and Tones\Documents\traindata\IMG\center_2026_08_02_19_58_19_973.jpg;0
C:\Users\Tune and Tones\Documents\traindata\IMG\center_2026_08_02_19_58_20_067.jpg;0
C:\Users\Tune and Tones\Documents\traindata\IMG\center_2026_08_02_19_58_20_160.jpg;0
C:\Users\Tune and Tones\Documents\traindata\IMG\center_2026_08_02_19_58_20_253.jpg;0
C:\Users\Tune and Tones\Documents\traindata\IMG\center_2026_08_02_19_58_20_344.jpg;0
C:\Users\Tune and Tones\Documents\traindata\IMG\center_2026_08_02_19_58_20_436.jpg;0
C:\Users\Tune and Tones\Documents\traindata\IMG\center_2026_08_02_19_58_20_529.jpg;0
C:\Users\Tune and Tones\Documents\traindata\IMG\center_2026_08_02_19_58_20_620.jpg;0
C:\Users\Tune and Tones\Documents\traindata\IMG\center_2026_08_02_19_58_20_713.jpg;0
C:\Users\Tune and Tones\Documents\traindata\IMG\center_2026_08_02_19_58_20_802.jpg;0
C:\Users\Tune and Tones\Documents\traindata\IMG\center_2026_08_02_19_58_20_893.jpg;0
C:\Users\Tune and Tones\Documents\traindata\IMG\center_2026_08_02_19_58_20_981.jpg;0
C:\Users\Tune and Tones\Documents\traindata\IMG\center_2026_08_02_19_58_21_079.jpg;0
C:\Users\Tune and Tones\Documents\traindata\IMG\center_2026_08_02_19_58_21_174.jpg;0
C:\Users\Tune and Tones\Documents\traindata\IMG\center_2026_08_02_19_58_21_268.jpg;0
C:\Users\Tune and Tones\Documents\traindata\IMG\center_2026_08_02_19_58_21_362.jpg;0.2
C:\Users\Tune and Tones\Documents\traindata\IMG\center_2026_08_02_19_58_21_448.jpg;0.45
C:\Users\Tune and Tones\Documents\traindata\IMG\center_2026_08_02_19_58_21_545.jpg;0
C:\Users\Tune and Tones\Documents\traindata\IMG\center_2026_08_02_19_58_21_646.jpg;0
C:\Users\Tune and Tones\Documents\traindata\IMG\center_2026_08_02_19_58_21_741.jpg;0
C:\Users\Tune and Tones\Documents\traindata\IMG\center_2026_08_02_19_58_21_839.jpg;0
C:\Users\Tune and Tones\Documents\traindata\IMG\center_2026_08_02_19_58_21_940.jpg;0
C:\Users\Tune and Tones\Documents\traindata\IMG\center_2026_08_02_19_58_22_038.jpg;0
C:\Users\Tune and Tones\Documents\traindata\IMG\center_2026_08_02_19_58_22_135.jpg;0
C:\Users\Tune and Tones\Documents\traindata\IMG\center_2026_08_02_19_58_22_236.jpg;0
C:\Users\Tune and Tones\Documents\traindata\IMG\center_2026_08_02_19_58_22_337.jpg;0
C:\Users\Tune and Tones\Documents\traindata\IMG\center_2026_08_02_19_58_22_432.jpg;0
C:\Users\Tune and Tones\Documents\traindata\IMG\center_2026_08_02_19_58_22_537.jpg;0
C:\Users\Tune and Tones\Documents\traindata\IMG\center_2026_08_02_19_58_22_634.jpg;0
C:\Users\Tune and Tones\Documents\traindata\IMG\center_2026_08_02_19_58_22_733.jpg;0
C:\Users\Tune and Tones\Documents\traindata\IMG\center_2026_08_02_19_58_22_833.jpg;0
C:\Users\Tune and Tones\Documents\traindata\IMG\center_2026_08_02_19_58_22_931.jpg;0
C:\Users\Tune and Tones\Documents\traindata\IMG\center_2026_08_02_19_58_23_023.jpg;0
C:\Users\Tune and Tones\Documents\traindata\IMG\center_2026_08_02_19_58_23_119.jpg;0.25
C:\Users\Tune and Tones\Documents\traindata\IMG\center_2026_08_02_19_58_23_211.jpg;0.5000001
C:\Users\Tune and Tones\Documents\traindata\IMG\center_2026_08_02_19_58_23_311.jpg;0
C:\Users\Tune and Tones\Documents\traindata\IMG\center_2026_08_02_19_58_23_409.jpg;0
C:\Users\Tune and Tones\Documents\traindata\IMG\center_2026_08_02_19_58_23_502.jpg;0
C:\Users\Tune and Tones\Documents\traindata\IMG\center_2026_08_02_19_58_23_597.jpg;0
C:\Users\Tune and Tones\Documents\traindata\IMG\center_2026_08_02_19_58_23_695.jpg;0
C:\Users\Tune and Tones\Documents\traindata\IMG\center_2026_08_02_19_58_23_788.jpg;0
C:\Users\Tune and Tones\Documents\traindata\IMG\center_2026_08_02_19_58_23_883.jpg;0
C:\Users\Tune and Tones\Documents\traindata\IMG\center_2026_08_02_19_58_23_986.jpg;0
C:\Users\Tune and Tones\Documents\traindata\IMG\center_2026_08_02_19_58_24_079.jpg;0
C:\Users\Tune and Tones\Documents\traindata\IMG\center_2026_08_02_19_58_24_169.jpg;0
C:\Users\Tune and Tones\Documents\traindata\IMG\center_2026_08_02_19_58_24_267.jpg;0
C:\Users\Tune and Tones\Documents\traindata\IMG\center_2026_08_02_19_58_24_360.jpg;0
C:\Users\Tune and Tones\Documents\traindata\IMG\center_2026_08_02_19_58_24_459.jpg;0
C:\Users\Tune and Tones\Documents\traindata\IMG\center_2026_08_02_19_58_24_560.jpg;0
C:\Users\Tune and Tones\Documents\traindata\IMG\center_2026_08_02_19_58_24_654.jpg;0.25
C:\Users\Tune and Tones\Documents\traindata\IMG\center_2026_08_02_19_58_24_749.jpg;0.5000001
C:\Users\Tune and Tones\Documents\traindata\IMG\center_2026_08_02_19_58_24_846.jpg;0
C:\Users\Tune and Tones\Documents\traindata\IMG\center_2026_08_02_19_58_24_943.jpg;0
C:\Users\Tune and Tones\Documents\traindata\IMG\center_2026_08_02_19_58_25_044.jpg;0
C:\Users\Tune and Tones\Documents\traindata\IMG\center_2026_08_02_19_58_25_141.jpg;0
C:\Users\Tune and Tones\Documents\traindata\IMG\center_2026_08_02_19_58_25_239.jpg;0
C:\Users\Tune and Tones\Documents\traindata\IMG\center_2026_08_02_19_58_25_350.jpg;0
C:\Users\Tune and Tones\Documents\traindata\IMG\center_2026_08_02_19_58_25_451.jpg;0
C:\Users\Tune and Tones\Documents\traindata\IMG\center_2026_08_02_19_58_25_552.jpg;0
C:\Users\Tune and Tones\Documents\traindata\IMG\center_2026_08_02_19_58_25_656.jpg;0
C:\Users\Tune and Tones\Documents\traindata\IMG\center_2026_08_02_19_58_25_759.jpg;0
C:\Users\Tune and Tones\Documents\traindata\IMG\center_2026_08_02_19_58_25_860.jpg;0.25
C:\Users\Tune and Tones\Documents\traindata\IMG\center_2026_08_02_19_58_25_965.jpg;0.5000001
C:\Users\Tune and Tones\Documents\traindata\IMG\center_2026_08_02_19_58_26_073.jpg;0
C:\Users\Tune and Tones\Documents\traindata\IMG\center_2026_08_02_19_58_26_181.jpg;0
C:\Users\Tune and Tones\Documents\traindata\IMG\center_2026_08_02_19_58_26_290.jpg;0
C:\Users\Tune and Tones\Documents\traindata\IMG\center_2026_08_02_19_58_26_396.jpg;0
C:\Users\Tune and Tones\Documents\traindata\IMG\center_2026_08_02_19_58_26_503.jpg;0
C:\Users\Tune and Tones\Documents\traindata\IMG\center_2026_08_02_19_58_26_608.jpg;0.3
C:\Users\Tune and Tones\Documents\traindata\IMG\center_2026_08_02_19_58_26_713.jpg;0.5500001
C:\Users\Tune and Tones\Documents\traindata\IMG\center_2026_08_02_19_58_26_819.jpg;0
C:\Users\Tune and Tones\Documents\traindata\IMG\center_2026_08_02_19_58_26_926.jpg;0
C:\Users\Tune and Tones\Documents\traindata\IMG\center_2026_08_02_19_58_27_038.jpg;0
C:\Users\Tune and Tones\Documents\traindata\IMG\center_2026_08_02_19_58_27_149.jpg;0
C:\Users\Tune and Tones\Documents\traindata\IMG\center_2026_08_02_19_58_27_262.jpg;0.25
C:\Users\Tune and Tones\Documents\traindata\IMG\center_2026_08_02_19_58_27_374.jpg;0.5500001
C:\Users\Tune and Tones\Documents\traindata\IMG\center_2026_08_02_19_58_27_489.jpg;0.8500001
C:\Users\Tune and Tones\Documents\traindata\IMG\center_2026_08_02_19_58_27_600.jpg;0
C:\Users\Tune and Tones\Documents\traindata\IMG\center_2026_08_02_19_58_27_716.jpg;0
C:\Users\Tune and Tones\Documents\traindata\IMG\center_2026_08_02_19_58_27_853.jpg;0
C:\Users\Tune and Tones\Documents\traindata\IMG\center_2026_08_02_19_58_27_963.jpg;0
C:\Users\Tune and Tones\Documents\traindata\IMG\center_2026_08_02_19_58_28_067.jpg;0
C:\Users\Tune and Tones\Documents\traindata\IMG\center_2026_08_02_19_58_28_168.jpg;0
C:\Users\Tune and Tones\Documents\traindata\IMG\center_2026_08_02_19_58_28_278.jpg;0
C:\Users\Tune and Tones\Documents\traindata\IMG\center_2026_08_02_19_58_28_392.jpg;0.3
C:\Users\Tune and Tones\Documents\traindata\IMG\center_2026_08_02_19_58_28_505.jpg;0.5500001
C:\Users\Tune and Tones\Documents\traindata\IMG\center_2026_08_02_19_58_28_634.jpg;0
C:\Users\Tune and Tones\Documents\traindata\IMG\center_2026_08_02_19_58_28_734.jpg;0
C:\Users\Tune and Tones\Documents\traindata\IMG\center_2026_08_02_19_58_28_845.jpg;0
C:\Users\Tune and Tones\Documents\traindata\IMG\center_2026_08_02_19_58_28_965.jpg;0
C:\Users\Tune and Tones\Documents\traindata\IMG\center_2026_08_02_19_58_29_079.jpg;0
C:\Users\Tune and Tones\Documents\traindata\IMG\center_2026_08_02_19_58_29_188.jpg;0
C:\Users\Tune and Tones\Documents\traindata\IMG\center_2026_08_02_19_58_29_298.jpg;0
C:\Users\Tune and Tones\Documents\traindata\IMG\center_2026_08_02_19_58_29_402.jpg;0
C:\Users\Tune and Tones\Documents\traindata\IMG\center_2026_08_02_19_58_29_515.jpg;0
C:\Users\Tune and Tones\Documents\traindata\IMG\center_2026_08_02_19_58_29_627.jpg;0.25
C:\Users\Tune and Tones\Documents\traindata\IMG\center_2026_08_02_19_58_29_736.jpg;0.5500001
C:\Users\Tune and Tones\Documents\traindata\IMG\center_2026_08_02_19_58_29_840.jpg;0.8000001
C:\Users\Tune and Tones\Documents\traindata\IMG\center_2026_08_02_19_58_29_956.jpg;0
C:\Users\Tune and Tones\Documents\traindata\IMG\center_2026_08_02_19_58_30_067.jpg;0
C:\Users\Tune and Tones\Documents\traindata\IMG\center_2026_08_02_19_58_30_178.jpg;0
C:\Users\Tune and Tones\Documents\traindata\IMG\center_2026_08_02_19_58_30_288.jpg;0
C:\Users\Tune and Tones\Documents\traindata\IMG\center_2026_08_02_19_58_30_392.jpg;0
C:\Users\Tune and Tones\Documents\traindata\IMG\center_2026_08_02_19_58_30_488.jpg;0
C:\Users\Tune and Tones\Documents\traindata\IMG\center_2026_08_02_19_58_30_585.jpg;0.2
C:\Users\Tune and Tones\Documents\traindata\IMG\center_2026_08_02_19_58_30_700.jpg;0
C:\Users\Tune and Tones\Documents\traindata\IMG\center_2026_08_02_19_58_30_809.jpg;0
C:\Users\Tune and Tones\Documents\traindata\IMG\center_2026_08_02_19_58_30_916.jpg;0
C:\Users\Tune and Tones\Documents\traindata\IMG\center_2026_08_02_19_58_31_022.jpg;0
C:\Users\Tune and Tones\Documents\traindata\IMG\center_2026_08_02_19_58_31_127.jpg;0
C:\Users\Tune and Tones\Documents\traindata\IMG\center_2026_08_02_19_58_31_231.jpg;0
C:\Users\Tune and Tones\Documents\traindata\IMG\center_2026_08_02_19_58_31_335.jpg;0
C:\Users\Tune and Tones\Documents\traindata\IMG\center_2026_08_02_19_58_31_439.jpg;0.25
C:\Users\Tune and Tones\Documents\traindata\IMG\center_2026_08_02_19_58_31_528.jpg;0.5000001
C:\Users\Tune and Tones\Documents\traindata\IMG\center_2026_08_02_19_58_31_628.jpg;0.7500002
C:\Users\Tune and Tones\Documents\traindata\IMG\center_2026_08_02_19_58_31_741.jpg;0
C:\Users\Tune and Tones\Documents\traindata\IMG\center_2026_08_02_19_58_31_854.jpg;0
C:\Users\Tune and Tones\Documents\traindata\IMG\center_2026_08_02_19_58_31_958.jpg;0
C:\Users\Tune and Tones\Documents\traindata\IMG\center_2026_08_02_19_58_32_044.jpg;0
C:\Users\Tune and Tones\Documents\traindata\IMG\center_2026_08_02_19_58_32_148.jpg;0
C:\Users\Tune and Tones\Documents\traindata\IMG\center_2026_08_02_19_58_32_242.jpg;0
C:\Users\Tune and Tones\Documents\traindata\IMG\center_2026_08_02_19_58_32_338.jpg;0
C:\Users\Tune and Tones\Documents\traindata\IMG\center_2026_08_02_19_58_32_435.jpg;0
C:\Users\Tune and Tones\Documents\traindata\IMG\center_2026_08_02_19_58_32_530.jpg;0
C:\Users\Tune and Tones\Documents\traindata\IMG\center_2026_08_02_19_58_32_630.jpg;0
C:\Users\Tune and Tones\Documents\traindata\IMG\center_2026_08_02_19_58_32_725.jpg;0
C:\Users\Tune and Tones\Documents\traindata\IMG\center_2026_08_02_19_58_32_821.jpg;0
C:\Users\Tune and Tones\Documents\traindata\IMG\center_2026_08_02_19_58_32_919.jpg;0
C:\Users\Tune and Tones\Documents\traindata\IMG\center_2026_08_02_19_58_33_027.jpg;0
C:\Users\Tune and Tones\Documents\traindata\IMG\center_2026_08_02_19_58_33_117.jpg;0
C:\Users\Tune and Tones\Documents\traindata\IMG\center_2026_08_02_19_58_33_218.jpg;0
C:\Users\Tune and Tones\Documents\traindata\IMG\center_2026_08_02_19_58_33_316.jpg;0
C:\Users\Tune and Tones\Documents\traindata\IMG\center_2026_08_02_19_58_33_411.jpg;0
C:\Users\Tune and Tones\Documents\traindata\IMG\center_2026_08_02_19_58_33_510.jpg;0.25
C:\Users\Tune and Tones\Documents\traindata\IMG\center_2026_08_02_19_58_33_611.jpg;0.5000001
C:\Users\Tune and Tones\Documents\traindata\IMG\center_2026_08_02_19_58_33_709.jpg;0
C:\Users\Tune and Tones\Documents\traindata\IMG\center_2026_08_02_19_58_33_807.jpg;0
C:\Users\Tune and Tones\Documents\traindata\IMG\center_2026_08_02_19_58_33_904.jpg;0
C:\Users\Tune and Tones\Documents\traindata\IMG\center_2026_08_02_19_58_34_000.jpg;0
C:\Users\Tune and Tones\Documents\traindata\IMG\center_2026_08_02_19_58_34_101.jpg;0
C:\Users\Tune and Tones\Documents\traindata\IMG\center_2026_08_02_19_58_34_188.jpg;0
C:\Users\Tune and Tones\Documents\traindata\IMG\center_2026_08_02_19_58_34_284.jpg;0.2
C:\Users\Tune and Tones\Documents\traindata\IMG\center_2026_08_02_19_58_34_379.jpg;0.45
C:\Users\Tune and Tones\Documents\traindata\IMG\center_2026_08_02_19_58_34_470.jpg;0
C:\Users\Tune and Tones\Documents\traindata\IMG\center_2026_08_02_19_58_34_566.jpg;0
C:\Users\Tune and Tones\Documents\traindata\IMG\center_2026_08_02_19_58_34_657.jpg;0
C:\Users\Tune and Tones\Documents\traindata\IMG\center_2026_08_02_19_58_34_752.jpg;0
C:\Users\Tune and Tones\Documents\traindata\IMG\center_2026_08_02_19_58_34_843.jpg;0
C:\Users\Tune and Tones\Documents\traindata\IMG\center_2026_08_02_19_58_34_936.jpg;0
C:\Users\Tune and Tones\Documents\traindata\IMG\center_2026_08_02_19_58_35_025.jpg;0
C:\Users\Tune and Tones\Documents\traindata\IMG\center_2026_08_02_19_58_35_122.jpg;0
C:\Users\Tune and Tones\Documents\traindata\IMG\center_2026_08_02_19_58_35_211.jpg;0
C:\Users\Tune and Tones\Documents\traindata\IMG\center_2026_08_02_19_58_35_303.jpg;0
C:\Users\Tune and Tones\Documents\traindata\IMG\center_2026_08_02_19_58_35_395.jpg;0.25
C:\Users\Tune and Tones\Documents\traindata\IMG\center_2026_08_02_19_58_35_485.jpg;0.45
C:\Users\Tune and Tones\Documents\traindata\IMG\center_2026_08_02_19_58_35_577.jpg;0
C:\Users\Tune and Tones\Documents\traindata\IMG\center_2026_08_02_19_58_35_666.jpg;0
C:\Users\Tune and Tones\Documents\traindata\IMG\center_2026_08_02_19_58_35_753.jpg;0
C:\Users\Tune and Tones\Documents\traindata\IMG\center_2026_08_02_19_58_35_841.jpg;0
C:\Users\Tune and Tones\Documents\traindata\IMG\center_2026_08_02_19_58_35_925.jpg;0
C:\Users\Tune and Tones\Documents\traindata\IMG\center_2026_08_02_19_58_36_010.jpg;0
C:\Users\Tune and Tones\Documents\traindata\IMG\center_2026_08_02_19_58_36_096.jpg;0
C:\Users\Tune and Tones\Documents\traindata\IMG\center_2026_08_02_19_58_36_188.jpg;0
C:\Users\Tune and Tones\Documents\traindata\IMG\center_2026_08_02_19_58_36_271.jpg;0
C:\Users\Tune and Tones\Documents\traindata\IMG\center_2026_08_02_19_58_36_357.jpg;0
C:\Users\Tune and Tones\Documents\traindata\IMG\center_2026_08_02_19_58_36_436.jpg;0
C:\Users\Tune and Tones\Documents\traindata\IMG\center_2026_08_02_19_58_36_526.jpg;0
C:\Users\Tune and Tones\Documents\traindata\IMG\center_2026_08_02_19_58_36_611.jpg;0
C:\Users\Tune and Tones\Documents\traindata\IMG\center_2026_08_02_19_58_36_697.jpg;0
C:\Users\Tune and Tones\Documents\traindata\IMG\center_2026_08_02_19_58_36_780.jpg;0
C:\Users\Tune and Tones\Documents\traindata\IMG\center_2026_08_02_19_58_36_864.jpg;0
C:\Users\Tune and Tones\Documents\traindata\IMG\center_2026_08_02_19_58_36_949.jpg;0.25
C:\Users\Tune and Tones\Documents\traindata\IMG\center_2026_08_02_19_58_37_031.jpg;0.45
C:\Users\Tune and Tones\Documents\traindata\IMG\center_2026_08_02_19_58_37_120.jpg;0
C:\Users\Tune and Tones\Documents\traindata\IMG\center_2026_08_02_19_58_37_211.jpg;0
C:\Users\Tune and Tones\Documents\traindata\IMG\center_2026_08_02_19_58_37_291.jpg;0
C:\Users\Tune and Tones\Documents\traindata\IMG\center_2026_08_02_19_58_37_373.jpg;0
C:\Users\Tune and Tones\Documents\traindata\IMG\center_2026_08_02_19_58_37_460.jpg;0
C:\Users\Tune and Tones\Documents\traindata\IMG\center_2026_08_02_19_58_37_538.jpg;0
C:\Users\Tune and Tones\Documents\traindata\IMG\center_2026_08_02_19_58_37_621.jpg;0
C:\Users\Tune and Tones\Documents\traindata\IMG\center_2026_08_02_19_58_37_705.jpg;0
C:\Users\Tune and Tones\Documents\traindata\IMG\center_2026_08_02_19_58_37_787.jpg;0
C:\Users\Tune and Tones\Documents\traindata\IMG\center_2026_08_02_19_58_37_871.jpg;0
C:\Users\Tune and Tones\Documents\traindata\IMG\center_2026_08_02_19_58_37_952.jpg;0
C:\Users\Tune and Tones\Documents\traindata\IMG\center_2026_08_02_19_58_38_039.jpg;0
C:\Users\Tune and Tones\Documents\traindata\IMG\center_2026_08_02_19_58_38_115.jpg;0
C:\Users\Tune and Tones\Documents\traindata\IMG\center_2026_08_02_19_58_38_198.jpg;0
C:\Users\Tune and Tones\Documents\traindata\IMG\center_2026_08_02_19_58_38_280.jpg;0
C:\Users\Tune and Tones\Documents\traindata\IMG\center_2026_08_02_19_58_38_364.jpg;0
C:\Users\Tune and Tones\Documents\traindata\IMG\center_2026_08_02_19_58_38_446.jpg;0
C:\Users\Tune and Tones\Documents\traindata\IMG\center_2026_08_02_19_58_38_523.jpg;0
C:\Users\Tune and Tones\Documents\traindata\IMG\center_2026_08_02_19_58_38_608.jpg;0
C:\Users\Tune and Tones\Documents\traindata\IMG\center_2026_08_02_19_58_38_686.jpg;0
C:\Users\Tune and Tones\Documents\traindata\IMG\center_2026_08_02_19_58_38_767.jpg;0
C:\Users\Tune and Tones\Documents\traindata\IMG\center_2026_08_02_19_58_38_851.jpg;0
C:\Users\Tune and Tones\Documents\traindata\IMG\center_2026_08_02_19_58_38_938.jpg;0
C:\Users\Tune and Tones\Documents\traindata\IMG\center_2026_08_02_19_58_39_017.jpg;0
C:\Users\Tune and Tones\Documents\traindata\IMG\center_2026_08_02_19_58_39_105.jpg;0
C:\Users\Tune and Tones\Documents\traindata\IMG\center_2026_08_02_19_58_39_184.jpg;0
C:\Users\Tune and Tones\Documents\traindata\IMG\center_2026_08_02_19_58_39_264.jpg;0
C:\Users\Tune and Tones\Documents\traindata\IMG\center_2026_08_02_19_58_39_345.jpg;0
C:\Users\Tune and Tones\Documents\traindata\IMG\center_2026_08_02_19_58_39_426.jpg;0
C:\Users\Tune and Tones\Documents\traindata\IMG\center_2026_08_02_19_58_39_508.jpg;0
C:\Users\Tune and Tones\Documents\traindata\IMG\center_2026_08_02_19_58_39_589.jpg;0.2
C:\Users\Tune and Tones\Documents\traindata\IMG\center_2026_08_02_19_58_39_674.jpg;0.4
C:\Users\Tune and Tones\Documents\traindata\IMG\center_2026_08_02_19_58_39_750.jpg;0.6000001
C:\Users\Tune and Tones\Documents\traindata\IMG\center_2026_08_02_19_58_39_833.jpg;0
C:\Users\Tune and Tones\Documents\traindata\IMG\center_2026_08_02_19_58_39_912.jpg;0
C:\Users\Tune and Tones\Documents\traindata\IMG\center_2026_08_02_19_58_39_995.jpg;0
C:\Users\Tune and Tones\Documents\traindata\IMG\center_2026_08_02_19_58_40_079.jpg;0
C:\Users\Tune and Tones\Documents\traindata\IMG\center_2026_08_02_19_58_40_156.jpg;0
C:\Users\Tune and Tones\Documents\traindata\IMG\center_2026_08_02_19_58_40_236.jpg;0
C:\Users\Tune and Tones\Documents\traindata\IMG\center_2026_08_02_19_58_40_319.jpg;0
C:\Users\Tune and Tones\Documents\traindata\IMG\center_2026_08_02_19_58_40_395.jpg;0
C:\Users\Tune and Tones\Documents\traindata\IMG\center_2026_08_02_19_58_40_476.jpg;0
C:\Users\Tune and Tones\Documents\traindata\IMG\center_2026_08_02_19_58_40_555.jpg;0
C:\Users\Tune and Tones\Documents\traindata\IMG\center_2026_08_02_19_58_40_635.jpg;0
C:\Users\Tune and Tones\Documents\traindata\IMG\center_2026_08_02_19_58_40_710.jpg;0
C:\Users\Tune and Tones\Documents\traindata\IMG\center_2026_08_02_19_58_40_791.jpg;0
C:\Users\Tune and Tones\Documents\traindata\IMG\center_2026_08_02_19_58_40_870.jpg;-0.2
C:\Users\Tune and Tones\Documents\traindata\IMG\center_2026_08_02_19_58_40_950.jpg;0
C:\Users\Tune and Tones\Documents\traindata\IMG\center_2026_08_02_19_58_41_028.jpg;0
C:\Users\Tune and Tones\Documents\traindata\IMG\center_2026_08_02_19_58_41_103.jpg;0
C:\Users\Tune and Tones\Documents\traindata\IMG\center_2026_08_02_19_58_41_184.jpg;0
C:\Users\Tune and Tones\Documents\traindata\IMG\center_2026_08_02_19_58_41_268.jpg;0
C:\Users\Tune and Tones\Documents\traindata\IMG\center_2026_08_02_19_58_41_345.jpg;0
C:\Users\Tune and Tones\Documents\traindata\IMG\center_2026_08_02_19_58_41_422.jpg;0
C:\Users\Tune and Tones\Documents\traindata\IMG\center_2026_08_02_19_58_41_503.jpg;0
C:\Users\Tune and Tones\Documents\traindata\IMG\center_2026_08_02_19_58_41_581.jpg;0
C:\Users\Tune and Tones\Documents\traindata\IMG\center_2026_08_02_19_58_41_653.jpg;0
C:\Users\Tune and Tones\Documents\traindata\IMG\center_2026_08_02_19_58_41_732.jpg;0
C:\Users\Tune and Tones\Documents\traindata\IMG\center_2026_08_02_19_58_41_813.jpg;0
C:\Users\Tune and Tones\Documents\traindata\IMG\center_2026_08_02_19_58_41_890.jpg;0
C:\Users\Tune and Tones\Documents\traindata\IMG\center_2026_08_02_19_58_41_967.jpg;0
C:\Users\Tune and Tones\Documents\traindata\IMG\center_2026_08_02_19_58_42_044.jpg;0
C:\Users\Tune and Tones\Documents\traindata\IMG\center_2026_08_02_19_58_42_120.jpg;0
C:\Users\Tune and Tones\Documents\traindata\IMG\center_2026_08_02_19_58_42_202.jpg;0
C:\Users\Tune and Tones\Documents\traindata\IMG\center_2026_08_02_19_58_42_279.jpg;0
C:\Users\Tune and Tones\Documents\traindata\IMG\center_2026_08_02_19_58_42_359.jpg;0
C:\Users\Tune and Tones\Documents\traindata\IMG\center_2026_08_02_19_58_42_435.jpg;0
C:\Users\Tune and Tones\Documents\traindata\IMG\center_2026_08_02_19_58_42_511.jpg;0
C:\Users\Tune and Tones\Documents\traindata\IMG\center_2026_08_02_19_58_42_582.jpg;0
C:\Users\Tune and Tones\Documents\traindata\IMG\center_2026_08_02_19_58_42_660.jpg;0
C:\Users\Tune and Tones\Documents\traindata\IMG\center_2026_08_02_19_58_42_738.jpg;0
C:\Users\Tune and Tones\Documents\traindata\IMG\center_2026_08_02_19_58_42_815.jpg;0
C:\Users\Tune and Tones\Documents\traindata\IMG\center_2026_08_02_19_58_42_894.jpg;0
C:\Users\Tune and Tones\Documents\traindata\IMG\center_2026_08_02_19_58_42_962.jpg;0
C:\Users\Tune and Tones\Documents\traindata\IMG\center_2026_08_02_19_58_43_040.jpg;0
C:\Users\Tune and Tones\Documents\traindata\IMG\center_2026_08_02_19_58_43_116.jpg;0
C:\Users\Tune and Tones\Documents\traindata\IMG\center_2026_08_02_19_58_43_192.jpg;0
C:\Users\Tune and Tones\Documents\traindata\IMG\center_2026_08_02_19_58_43_269.jpg;0
C:\Users\Tune and Tones\Documents\traindata\IMG\center_2026_08_02_19_58_43_340.jpg;0
C:\Users\Tune and Tones\Documents\traindata\IMG\center_2026_08_02_19_58_43_415.jpg;0
C:\Users\Tune and Tones\Documents\traindata\IMG\center_2026_08_02_19_58_43_491.jpg;0.2
C:\Users\Tune and Tones\Documents\traindata\IMG\center_2026_08_02_19_58_43_564.jpg;0.35
C:\Users\Tune and Tones\Documents\traindata\IMG\center_2026_08_02_19_58_43_644.jpg;0
C:\Users\Tune and Tones\Documents\traindata\IMG\center_2026_08_02_19_58_43_719.jpg;0
C:\Users\Tune and Tones\Documents\traindata\IMG\center_2026_08_02_19_58_43_795.jpg;0
C:\Users\Tune and Tones\Documents\traindata\IMG\center_2026_08_02_19_58_43_868.jpg;0
C:\Users\Tune and Tones\Documents\traindata\IMG\center_2026_08_02_19_58_43_946.jpg;0
C:\Users\Tune and Tones\Documents\traindata\IMG\center_2026_08_02_19_58_44_020.jpg;0
C:\Users\Tune and Tones\Documents\traindata\IMG\center_2026_08_02_19_58_44_101.jpg;0
C:\Users\Tune and Tones\Documents\traindata\IMG\center_2026_08_02_19_58_44_176.jpg;0
C:\Users\Tune and Tones\Documents\traindata\IMG\center_2026_08_02_19_58_44_252.jpg;0
C:\Users\Tune and Tones\Documents\traindata\IMG\center_2026_08_02_19_58_44_325.jpg;0
C:\Users\Tune and Tones\Documents\traindata\IMG\center_2026_08_02_19_58_44_399.jpg;0
C:\Users\Tune and Tones\Documents\traindata\IMG\center_2026_08_02_19_58_44_478.jpg;0
C:\Users\Tune and Tones\Documents\traindata\IMG\center_2026_08_02_19_58_44_548.jpg;0
C:\Users\Tune and Tones\Documents\traindata\IMG\center_2026_08_02_19_58_44_621.jpg;0
C:\Users\Tune and Tones\Documents\traindata\IMG\center_2026_08_02_19_58_44_703.jpg;0
C:\Users\Tune and Tones\Documents\traindata\IMG\center_2026_08_02_19_58_44_777.jpg;0
C:\Users\Tune and Tones\Documents\traindata\IMG\center_2026_08_02_19_58_44_853.jpg;0
C:\Users\Tune and Tones\Documents\traindata\IMG\center_2026_08_02_19_58_44_929.jpg;0
C:\Users\Tune and Tones\Documents\traindata\IMG\center_2026_08_02_19_58_45_001.jpg;0
C:\Users\Tune and Tones\Documents\traindata\IMG\center_2026_08_02_19_58_45_078.jpg;0
C:\Users\Tune and Tones\Documents\traindata\IMG\center_2026_08_02_19_58_45_152.jpg;0
C:\Users\Tune and Tones\Documents\traindata\IMG\center_2026_08_02_19_58_45_228.jpg;0
C:\Users\Tune and Tones\Documents\traindata\IMG\center_2026_08_02_19_58_45_302.jpg;0
C:\Users\Tune and Tones\Documents\traindata\IMG\center_2026_08_02_19_58_45_383.jpg;0.2
C:\Users\Tune and Tones\Documents\traindata\IMG\center_2026_08_02_19_58_45_455.jpg;0.4
C:\Users\Tune and Tones\Documents\traindata\IMG\center_2026_08_02_19_58_45_531.jpg;0.6000001
C:\Users\Tune and Tones\Documents\traindata\IMG\center_2026_08_02_19_58_45_607.jpg;0
C:\Users\Tune and Tones\Documents\traindata\IMG\center_2026_08_02_19_58_45_680.jpg;0
C:\Users\Tune and Tones\Documents\traindata\IMG\center_2026_08_02_19_58_45_757.jpg;0
C:\Users\Tune and Tones\Documents\traindata\IMG\center_2026_08_02_19_58_45_830.jpg;0
C:\Users\Tune and Tones\Documents\traindata\IMG\center_2026_08_02_19_58_45_909.jpg;0
C:\Users\Tune and Tones\Documents\traindata\IMG\center_2026_08_02_19_58_45_981.jpg;0
C:\Users\Tune and Tones\Documents\traindata\IMG\center_2026_08_02_19_58_46_061.jpg;0
C:\Users\Tune and Tones\Documents\traindata\IMG\center_2026_08_02_19_58_46_132.jpg;0
C:\Users\Tune and Tones\Documents\traindata\IMG\center_2026_08_02_19_58_46_206.jpg;0
C:\Users\Tune and Tones\Documents\traindata\IMG\center_2026_08_02_19_58_46_279.jpg;0
C:\Users\Tune and Tones\Documents\traindata\IMG\center_2026_08_02_19_58_46_352.jpg;0
C:\Users\Tune and Tones\Documents\traindata\IMG\center_2026_08_02_19_58_46_419.jpg;-0.15
C:\Users\Tune and Tones\Documents\traindata\IMG\center_2026_08_02_19_58_46_493.jpg;-0.35
C:\Users\Tune and Tones\Documents\traindata\IMG\center_2026_08_02_19_58_46_569.jpg;0
C:\Users\Tune and Tones\Documents\traindata\IMG\center_2026_08_02_19_58_46_637.jpg;0
C:\Users\Tune and Tones\Documents\traindata\IMG\center_2026_08_02_19_58_46_707.jpg;0
C:\Users\Tune and Tones\Documents\traindata\IMG\center_2026_08_02_19_58_46_779.jpg;0
C:\Users\Tune and Tones\Documents\traindata\IMG\center_2026_08_02_19_58_46_852.jpg;0
C:\Users\Tune and Tones\Documents\traindata\IMG\center_2026_08_02_19_58_46_926.jpg;0
C:\Users\Tune and Tones\Documents\traindata\IMG\center_2026_08_02_19_58_46_996.jpg;0
C:\Users\Tune and Tones\Documents\traindata\IMG\center_2026_08_02_19_58_47_069.jpg;0
C:\Users\Tune and Tones\Documents\traindata\IMG\center_2026_08_02_19_58_47_142.jpg;0
C:\Users\Tune and Tones\Documents\traindata\IMG\center_2026_08_02_19_58_47_217.jpg;0
C:\Users\Tune and Tones\Documents\traindata\IMG\center_2026_08_02_19_58_47_360.jpg;0
C:\Users\Tune and Tones\Documents\traindata\IMG\center_2026_08_02_19_58_47_431.jpg;0
C:\Users\Tune and Tones\Documents\traindata\IMG\center_2026_08_02_19_58_47_501.jpg;0
C:\Users\Tune and Tones\Documents\traindata\IMG\center_2026_08_02_19_58_47_576.jpg;0
C:\Users\Tune and Tones\Documents\traindata\IMG\center_2026_08_02_19_58_47_652.jpg;0
C:\Users\Tune and Tones\Documents\traindata\IMG\center_2026_08_02_19_58_47_725.jpg;0
C:\Users\Tune and Tones\Documents\traindata\IMG\center_2026_08_02_19_58_47_797.jpg;0
C:\Users\Tune and Tones\Documents\traindata\IMG\center_2026_08_02_19_58_47_871.jpg;0
C:\Users\Tune and Tones\Documents\traindata\IMG\center_2026_08_02_19_58_47_945.jpg;0
C:\Users\Tune and Tones\Documents\traindata\IMG\center_2026_08_02_19_58_48_014.jpg;0
C:\Users\Tune and Tones\Documents\traindata\IMG\center_2026_08_02_19_58_48_089.jpg;0
C:\Users\Tune and Tones\Documents\traindata\IMG\center_2026_08_02_19_58_48_163.jpg;0
C:\Users\Tune and Tones\Documents\traindata\IMG\center_2026_08_02_19_58_48_239.jpg;0
C:\Users\Tune and Tones\Documents\traindata\IMG\center_2026_08_02_19_58_48_313.jpg;0
C:\Users\Tune and Tones\Documents\traindata\IMG\center_2026_08_02_19_58_48_390.jpg;0.2
C:\Users\Tune and Tones\Documents\traindata\IMG\center_2026_08_02_19_58_48_463.jpg;0.35
C:\Users\Tune and Tones\Documents\traindata\IMG\center_2026_08_02_19_58_48_542.jpg;0.5500001
C:\Users\Tune and Tones\Documents\traindata\IMG\center_2026_08_02_19_58_48_616.jpg;0
C:\Users\Tune and Tones\Documents\traindata\IMG\center_2026_08_02_19_58_48_691.jpg;0
C:\Users\Tune and Tones\Documents\traindata\IMG\center_2026_08_02_19_58_48_766.jpg;0
C:\Users\Tune and Tones\Documents\traindata\IMG\center_2026_08_02_19_58_48_840.jpg;0
C:\Users\Tune and Tones\Documents\traindata\IMG\center_2026_08_02_19_58_48_916.jpg;0
C:\Users\Tune and Tones\Documents\traindata\IMG\center_2026_08_02_19_58_48_995.jpg;0
C:\Users\Tune and Tones\Documents\traindata\IMG\center_2026_08_02_19_58_49_070.jpg;-0.2
C:\Users\Tune and Tones\Documents\traindata\IMG\center_2026_08_02_19_58_49_149.jpg;-0.4
C:\Users\Tune and Tones\Documents\traindata\IMG\center_2026_08_02_19_58_49_221.jpg;0
C:\Users\Tune and Tones\Documents\traindata\IMG\center_2026_08_02_19_58_49_295.jpg;0
C:\Users\Tune and Tones\Documents\traindata\IMG\center_2026_08_02_19_58_49_375.jpg;0
C:\Users\Tune and Tones\Documents\traindata\IMG\center_2026_08_02_19_58_49_448.jpg;0
C:\Users\Tune and Tones\Documents\traindata\IMG\center_2026_08_02_19_58_49_525.jpg;0
C:\Users\Tune and Tones\Documents\traindata\IMG\center_2026_08_02_19_58_49_600.jpg;0
C:\Users\Tune and Tones\Documents\traindata\IMG\center_2026_08_02_19_58_49_675.jpg;0
C:\Users\Tune and Tones\Documents\traindata\IMG\center_2026_08_02_19_58_49_758.jpg;0
C:\Users\Tune and Tones\Documents\traindata\IMG\center_2026_08_02_19_58_49_903.jpg;0
C:\Users\Tune and Tones\Documents\traindata\IMG\center_2026_08_02_19_58_49_978.jpg;0
C:\Users\Tune and Tones\Documents\traindata\IMG\center_2026_08_02_19_58_50_053.jpg;0
C:\Users\Tune and Tones\Documents\traindata\IMG\center_2026_08_02_19_58_50_129.jpg;0
C:\Users\Tune and Tones\Documents\traindata\IMG\center_2026_08_02_19_58_50_207.jpg;0
C:\Users\Tune and Tones\Documents\traindata\IMG\center_2026_08_02_19_58_50_280.jpg;0
C:\Users\Tune and Tones\Documents\traindata\IMG\center_2026_08_02_19_58_50_358.jpg;0
C:\Users\Tune and Tones\Documents\traindata\IMG\center_2026_08_02_19_58_50_431.jpg;0
C:\Users\Tune and Tones\Documents\traindata\IMG\center_2026_08_02_19_58_50_510.jpg;0
C:\Users\Tune and Tones\Documents\traindata\IMG\center_2026_08_02_19_58_50_585.jpg;0
C:\Users\Tune and Tones\Documents\traindata\IMG\center_2026_08_02_19_58_50_658.jpg;0
C:\Users\Tune and Tones\Documents\traindata\IMG\center_2026_08_02_19_58_50_737.jpg;0
C:\Users\Tune and Tones\Documents\traindata\IMG\center_2026_08_02_19_58_50_816.jpg;0
C:\Users\Tune and Tones\Documents\traindata\IMG\center_2026_08_02_19_58_50_893.jpg;0
C:\Users\Tune and Tones\Documents\traindata\IMG\center_2026_08_02_19_58_50_965.jpg;0
C:\Users\Tune and Tones\Documents\traindata\IMG\center_2026_08_02_19_58_51_041.jpg;0
C:\Users\Tune and Tones\Documents\traindata\IMG\center_2026_08_02_19_58_51_122.jpg;0
C:\Users\Tune and Tones\Documents\traindata\IMG\center_2026_08_02_19_58_51_198.jpg;0
C:\Users\Tune and Tones\Documents\traindata\IMG\center_2026_08_02_19_58_51_271.jpg;0
C:\Users\Tune and Tones\Documents\traindata\IMG\center_2026_08_02_19_58_51_351.jpg;0
C:\Users\Tune and Tones\Documents\traindata\IMG\center_2026_08_02_19_58_51_430.jpg;0
C:\Users\Tune and Tones\Documents\traindata\IMG\center_2026_08_02_19_58_51_503.jpg;0
C:\Users\Tune and Tones\Documents\traindata\IMG\center_2026_08_02_19_58_51_580.jpg;0
C:\Users\Tune and Tones\Documents\traindata\IMG\center_2026_08_02_19_58_51_660.jpg;0
C:\Users\Tune and Tones\Documents\traindata\IMG\center_2026_08_02_19_58_51_742.jpg;0
C:\Users\Tune and Tones\Documents\traindata\IMG\center_2026_08_02_19_58_51_813.jpg;0
C:\Users\Tune and Tones\Documents\traindata\IMG\center_2026_08_02_19_58_51_893.jpg;0.2
C:\Users\Tune and Tones\Documents\traindata\IMG\center_2026_08_02_19_58_51_978.jpg;0.4
C:\Users\Tune and Tones\Documents\traindata\IMG\center_2026_08_02_19_58_52_052.jpg;0.6000001
C:\Users\Tune and Tones\Documents\traindata\IMG\center_2026_08_02_19_58_52_129.jpg;0
C:\Users\Tune and Tones\Documents\traindata\IMG\center_2026_08_02_19_58_52_210.jpg;0
C:\Users\Tune and Tones\Documents\traindata\IMG\center_2026_08_02_19_58_52_285.jpg;0
C:\Users\Tune and Tones\Documents\traindata\IMG\center_2026_08_02_19_58_52_369.jpg;0
C:\Users\Tune and Tones\Documents\traindata\IMG\center_2026_08_02_19_58_52_449.jpg;0
C:\Users\Tune and Tones\Documents\traindata\IMG\center_2026_08_02_19_58_52_526.jpg;0
C:\Users\Tune and Tones\Documents\traindata\IMG\center_2026_08_02_19_58_52_605.jpg;0
C:\Users\Tune and Tones\Documents\traindata\IMG\center_2026_08_02_19_58_52_688.jpg;0
C:\Users\Tune and Tones\Documents\traindata\IMG\center_2026_08_02_19_58_52_763.jpg;0
C:\Users\Tune and Tones\Documents\traindata\IMG\center_2026_08_02_19_58_52_841.jpg;-0.2
C:\Users\Tune and Tones\Documents\traindata\IMG\center_2026_08_02_19_58_52_924.jpg;-0.4
C:\Users\Tune and Tones\Documents\traindata\IMG\center_2026_08_02_19_58_53_002.jpg;0
C:\Users\Tune and Tones\Documents\traindata\IMG\center_2026_08_02_19_58_53_082.jpg;0
C:\Users\Tune and Tones\Documents\traindata\IMG\center_2026_08_02_19_58_53_161.jpg;0
C:\Users\Tune and Tones\Documents\traindata\IMG\center_2026_08_02_19_58_53_235.jpg;0
C:\Users\Tune and Tones\Documents\traindata\IMG\center_2026_08_02_19_58_53_317.jpg;0
C:\Users\Tune and Tones\Documents\traindata\IMG\center_2026_08_02_19_58_53_395.jpg;0
C:\Users\Tune and Tones\Documents\traindata\IMG\center_2026_08_02_19_58_53_475.jpg;0
C:\Users\Tune and Tones\Documents\traindata\IMG\center_2026_08_02_19_58_53_552.jpg;0
C:\Users\Tune and Tones\Documents\traindata\IMG\center_2026_08_02_19_58_53_636.jpg;0
C:\Users\Tune and Tones\Documents\traindata\IMG\center_2026_08_02_19_58_53_713.jpg;0
C:\Users\Tune and Tones\Documents\traindata\IMG\center_2026_08_02_19_58_53_797.jpg;0
C:\Users\Tune and Tones\Documents\traindata\IMG\center_2026_08_02_19_58_53_875.jpg;0
C:\Users\Tune and Tones\Documents\traindata\IMG\center_2026_08_02_19_58_53_959.jpg;0
C:\Users\Tune and Tones\Documents\traindata\IMG\center_2026_08_02_19_58_54_039.jpg;0
C:\Users\Tune and Tones\Documents\traindata\IMG\center_2026_08_02_19_58_54_121.jpg;0
C:\Users\Tune and Tones\Documents\traindata\IMG\center_2026_08_02_19_58_54_208.jpg;0.25
C:\Users\Tune and Tones\Documents\traindata\IMG\center_2026_08_02_19_58_54_284.jpg;0.4
C:\Users\Tune and Tones\Documents\traindata\IMG\center_2026_08_02_19_58_54_365.jpg;0
C:\Users\Tune and Tones\Documents\traindata\IMG\center_2026_08_02_19_58_54_446.jpg;0
C:\Users\Tune and Tones\Documents\traindata\IMG\center_2026_08_02_19_58_54_529.jpg;0
C:\Users\Tune and Tones\Documents\traindata\IMG\center_2026_08_02_19_58_54_608.jpg;0
C:\Users\Tune and Tones\Documents\traindata\IMG\center_2026_08_02_19_58_54_693.jpg;0
C:\Users\Tune and Tones\Documents\traindata\IMG\center_2026_08_02_19_58_54_777.jpg;0
C:\Users\Tune and Tones\Documents\traindata\IMG\center_2026_08_02_19_58_54_859.jpg;0
C:\Users\Tune and Tones\Documents\traindata\IMG\center_2026_08_02_19_58_54_941.jpg;0
C:\Users\Tune and Tones\Documents\traindata\IMG\center_2026_08_02_19_58_55_022.jpg;0
C:\Users\Tune and Tones\Documents\traindata\IMG\center_2026_08_02_19_58_55_104.jpg;0
C:\Users\Tune and Tones\Documents\traindata\IMG\center_2026_08_02_19_58_55_187.jpg;0
C:\Users\Tune and Tones\Documents\traindata\IMG\center_2026_08_02_19_58_55_263.jpg;0.15
C:\Users\Tune and Tones\Documents\traindata\IMG\center_2026_08_02_19_58_55_359.jpg;0.4
C:\Users\Tune and Tones\Documents\traindata\IMG\center_2026_08_02_19_58_55_438.jpg;0
C:\Users\Tune and Tones\Documents\traindata\IMG\center_2026_08_02_19_58_55_517.jpg;0
C:\Users\Tune and Tones\Documents\traindata\IMG\center_2026_08_02_19_58_55_606.jpg;0
C:\Users\Tune and Tones\Documents\traindata\IMG\center_2026_08_02_19_58_55_688.jpg;0
C:\Users\Tune and Tones\Documents\traindata\IMG\center_2026_08_02_19_58_55_772.jpg;0
C:\Users\Tune and Tones\Documents\traindata\IMG\center_2026_08_02_19_58_55_856.jpg;0
C:\Users\Tune and Tones\Documents\traindata\IMG\center_2026_08_02_19_58_55_942.jpg;0
C:\Users\Tune and Tones\Documents\traindata\IMG\center_2026_08_02_19_58_56_031.jpg;0
C:\Users\Tune and Tones\Documents\traindata\IMG\center_2026_08_02_19_58_56_117.jpg;0
C:\Users\Tune and Tones\Documents\traindata\IMG\center_2026_08_02_19_58_56_200.jpg;0
C:\Users\Tune and Tones\Documents\traindata\IMG\center_2026_08_02_19_58_56_283.jpg;0
C:\Users\Tune and Tones\Documents\traindata\IMG\center_2026_08_02_19_58_56_370.jpg;0
C:\Users\Tune and Tones\Documents\traindata\IMG\center_2026_08_02_19_58_56_455.jpg;0
C:\Users\Tune and Tones\Documents\traindata\IMG\center_2026_08_02_19_58_56_542.jpg;0
C:\Users\Tune and Tones\Documents\traindata\IMG\center_2026_08_02_19_58_56_625.jpg;0
C:\Users\Tune and Tones\Documents\traindata\IMG\center_2026_08_02_19_58_56_714.jpg;0
C:\Users\Tune and Tones\Documents\traindata\IMG\center_2026_08_02_19_58_56_800.jpg;0.2
C:\Users\Tune and Tones\Documents\traindata\IMG\center_2026_08_02_19_58_56_881.jpg;0.4
C:\Users\Tune and Tones\Documents\traindata\IMG\center_2026_08_02_19_58_56_962.jpg;0
C:\Users\Tune and Tones\Documents\traindata\IMG\center_2026_08_02_19_58_57_048.jpg;0
C:\Users\Tune and Tones\Documents\traindata\IMG\center_2026_08_02_19_58_57_139.jpg;0
C:\Users\Tune and Tones\Documents\traindata\IMG\center_2026_08_02_19_58_57_227.jpg;0
C:\Users\Tune and Tones\Documents\traindata\IMG\center_2026_08_02_19_58_57_313.jpg;0
C:\Users\Tune and Tones\Documents\traindata\IMG\center_2026_08_02_19_58_57_397.jpg;0
C:\Users\Tune and Tones\Documents\traindata\IMG\center_2026_08_02_19_58_57_488.jpg;0
C:\Users\Tune and Tones\Documents\traindata\IMG\center_2026_08_02_19_58_57_575.jpg;0
C:\Users\Tune and Tones\Documents\traindata\IMG\center_2026_08_02_19_58_57_664.jpg;0
C:\Users\Tune and Tones\Documents\traindata\IMG\center_2026_08_02_19_58_57_751.jpg;0.25
C:\Users\Tune and Tones\Documents\traindata\IMG\center_2026_08_02_19_58_57_844.jpg;0.45
C:\Users\Tune and Tones\Documents\traindata\IMG\center_2026_08_02_19_58_57_935.jpg;0.7
C:\Users\Tune and Tones\Documents\traindata\IMG\center_2026_08_02_19_58_58_016.jpg;0
C:\Users\Tune and Tones\Documents\traindata\IMG\center_2026_08_02_19_58_58_115.jpg;0
C:\Users\Tune and Tones\Documents\traindata\IMG\center_2026_08_02_19_58_58_203.jpg;0
C:\Users\Tune and Tones\Documents\traindata\IMG\center_2026_08_02_19_58_58_294.jpg;0
C:\Users\Tune and Tones\Documents\traindata\IMG\center_2026_08_02_19_58_58_381.jpg;0
C:\Users\Tune and Tones\Documents\traindata\IMG\center_2026_08_02_19_58_58_463.jpg;0
C:\Users\Tune and Tones\Documents\traindata\IMG\center_2026_08_02_19_58_58_545.jpg;0
C:\Users\Tune and Tones\Documents\traindata\IMG\center_2026_08_02_19_58_58_631.jpg;0
C:\Users\Tune and Tones\Documents\traindata\IMG\center_2026_08_02_19_58_58_712.jpg;0
C:\Users\Tune and Tones\Documents\traindata\IMG\center_2026_08_02_19_58_58_794.jpg;0
C:\Users\Tune and Tones\Documents\traindata\IMG\center_2026_08_02_19_58_58_874.jpg;0
C:\Users\Tune and Tones\Documents\traindata\IMG\center_2026_08_02_19_58_58_958.jpg;0
C:\Users\Tune and Tones\Documents\traindata\IMG\center_2026_08_02_19_58_59_040.jpg;0
C:\Users\Tune and Tones\Documents\traindata\IMG\center_2026_08_02_19_58_59_118.jpg;0
C:\Users\Tune and Tones\Documents\traindata\IMG\center_2026_08_02_19_58_59_190.jpg;0
C:\Users\Tune and Tones\Documents\traindata\IMG\center_2026_08_02_19_58_59_275.jpg;0
C:\Users\Tune and Tones\Documents\traindata\IMG\center_2026_08_02_19_58_59_358.jpg;0
C:\Users\Tune and Tones\Documents\traindata\IMG\center_2026_08_02_19_58_59_441.jpg;0
C:\Users\Tune and Tones\Documents\traindata\IMG\center_2026_08_02_19_58_59_525.jpg;0
C:\Users\Tune and Tones\Documents\traindata\IMG\center_2026_08_02_19_58_59_612.jpg;0
C:\Users\Tune and Tones\Documents\traindata\IMG\center_2026_08_02_19_58_59_692.jpg;0
C:\Users\Tune and Tones\Documents\traindata\IMG\center_2026_08_02_19_58_59_777.jpg;0
C:\Users\Tune and Tones\Documents\traindata\IMG\center_2026_08_02_19_58_59_861.jpg;0
C:\Users\Tune and Tones\Documents\traindata\IMG\center_2026_08_02_19_58_59_943.jpg;0
C:\Users\Tune and Tones\Documents\traindata\IMG\center_2026_08_02_19_59_00_035.jpg;0
C:\Users\Tune and Tones\Documents\traindata\IMG\center_2026_08_02_19_59_00_113.jpg;0
C:\Users\Tune and Tones\Documents\traindata\IMG\center_2026_08_02_19_59_00_201.jpg;0.2
C:\Users\Tune and Tones\Documents\traindata\IMG\center_2026_08_02_19_59_00_293.jpg;0.45
C:\Users\Tune and Tones\Documents\traindata\IMG\center_2026_08_02_19_59_00_379.jpg;0.6500001
C:\Users\Tune and Tones\Documents\traindata\IMG\center_2026_08_02_19_59_00_472.jpg;0
C:\Users\Tune and Tones\Documents\traindata\IMG\center_2026_08_02_19_59_00_559.jpg;0
C:\Users\Tune and Tones\Documents\traindata\IMG\center_2026_08_02_19_59_00_647.jpg;0
C:\Users\Tune and Tones\Documents\traindata\IMG\center_2026_08_02_19_59_00_733.jpg;0
C:\Users\Tune and Tones\Documents\traindata\IMG\center_2026_08_02_19_59_00_819.jpg;0
C:\Users\Tune and Tones\Documents\traindata\IMG\center_2026_08_02_19_59_00_907.jpg;0
C:\Users\Tune and Tones\Documents\traindata\IMG\center_2026_08_02_19_59_00_997.jpg;0
C:\Users\Tune and Tones\Documents\traindata\IMG\center_2026_08_02_19_59_01_083.jpg;0
C:\Users\Tune and Tones\Documents\traindata\IMG\center_2026_08_02_19_59_01_174.jpg;0
C:\Users\Tune and Tones\Documents\traindata\IMG\center_2026_08_02_19_59_01_262.jpg;0
C:\Users\Tune and Tones\Documents\traindata\IMG\center_2026_08_02_19_59_01_350.jpg;0
C:\Users\Tune and Tones\Documents\traindata\IMG\center_2026_08_02_19_59_01_433.jpg;0
C:\Users\Tune and Tones\Documents\traindata\IMG\center_2026_08_02_19_59_01_523.jpg;0
C:\Users\Tune and Tones\Documents\traindata\IMG\center_2026_08_02_19_59_01_610.jpg;0
C:\Users\Tune and Tones\Documents\traindata\IMG\center_2026_08_02_19_59_01_695.jpg;0
C:\Users\Tune and Tones\Documents\traindata\IMG\center_2026_08_02_19_59_01_783.jpg;0
C:\Users\Tune and Tones\Documents\traindata\IMG\center_2026_08_02_19_59_01_873.jpg;0
C:\Users\Tune and Tones\Documents\traindata\IMG\center_2026_08_02_19_59_01_957.jpg;0
C:\Users\Tune and Tones\Documents\traindata\IMG\center_2026_08_02_19_59_02_040.jpg;0
C:\Users\Tune and Tones\Documents\traindata\IMG\center_2026_08_02_19_59_02_126.jpg;0
C:\Users\Tune and Tones\Documents\traindata\IMG\center_2026_08_02_19_59_02_215.jpg;0
C:\Users\Tune and Tones\Documents\traindata\IMG\center_2026_08_02_19_59_02_301.jpg;0
C:\Users\Tune and Tones\Documents\traindata\IMG\center_2026_08_02_19_59_02_392.jpg;0.25
C:\Users\Tune and Tones\Documents\traindata\IMG\center_2026_08_02_19_59_02_477.jpg;0.45
C:\Users\Tune and Tones\Documents\traindata\IMG\center_2026_08_02_19_59_02_567.jpg;0.7
C:\Users\Tune and Tones\Documents\traindata\IMG\center_2026_08_02_19_59_02_657.jpg;0
C:\Users\Tune and Tones\Documents\traindata\IMG\center_2026_08_02_19_59_02_745.jpg;0
C:\Users\Tune and Tones\Documents\traindata\IMG\center_2026_08_02_19_59_02_835.jpg;0
C:\Users\Tune and Tones\Documents\traindata\IMG\center_2026_08_02_19_59_02_915.jpg;0
C:\Users\Tune and Tones\Documents\traindata\IMG\center_2026_08_02_19_59_03_007.jpg;0
C:\Users\Tune and Tones\Documents\traindata\IMG\center_2026_08_02_19_59_03_091.jpg;0.2
C:\Users\Tune and Tones\Documents\traindata\IMG\center_2026_08_02_19_59_03_184.jpg;0.4
C:\Users\Tune and Tones\Documents\traindata\IMG\center_2026_08_02_19_59_03_273.jpg;0.6500001
C:\Users\Tune and Tones\Documents\traindata\IMG\center_2026_08_02_19_59_03_357.jpg;0
C:\Users\Tune and Tones\Documents\traindata\IMG\center_2026_08_02_19_59_03_444.jpg;0
C:\Users\Tune and Tones\Documents\traindata\IMG\center_2026_08_02_19_59_03_540.jpg;0
C:\Users\Tune and Tones\Documents\traindata\IMG\center_2026_08_02_19_59_03_628.jpg;0
C:\Users\Tune and Tones\Documents\traindata\IMG\center_2026_08_02_19_59_03_709.jpg;0
C:\Users\Tune and Tones\Documents\traindata\IMG\center_2026_08_02_19_59_03_801.jpg;0
C:\Users\Tune and Tones\Documents\traindata\IMG\center_2026_08_02_19_59_03_881.jpg;0
C:\Users\Tune and Tones\Documents\traindata\IMG\center_2026_08_02_19_59_03_965.jpg;0
C:\Users\Tune and Tones\Documents\traindata\IMG\center_2026_08_02_19_59_04_042.jpg;0
C:\Users\Tune and Tones\Documents\traindata\IMG\center_2026_08_02_19_59_04_127.jpg;0
C:\Users\Tune and Tones\Documents\traindata\IMG\center_2026_08_02_19_59_04_215.jpg;0
C:\Users\Tune and Tones\Documents\traindata\IMG\center_2026_08_02_19_59_04_290.jpg;0
C:\Users\Tune and Tones\Documents\traindata\IMG\center_2026_08_02_19_59_04_373.jpg;0
C:\Users\Tune and Tones\Documents\traindata\IMG\center_2026_08_02_19_59_04_455.jpg;0
C:\Users\Tune and Tones\Documents\traindata\IMG\center_2026_08_02_19_59_04_530.jpg;0
C:\Users\Tune and Tones\Documents\traindata\IMG\center_2026_08_02_19_59_04_607.jpg;0
C:\Users\Tune and Tones\Documents\traindata\IMG\center_2026_08_02_19_59_04_690.jpg;0
C:\Users\Tune and Tones\Documents\traindata\IMG\center_2026_08_02_19_59_04_777.jpg;0
C:\Users\Tune and Tones\Documents\traindata\IMG\center_2026_08_02_19_59_04_857.jpg;0
C:\Users\Tune and Tones\Documents\traindata\IMG\center_2026_08_02_19_59_04_943.jpg;0
C:\Users\Tune and Tones\Documents\traindata\IMG\center_2026_08_02_19_59_05_025.jpg;0
C:\Users\Tune and Tones\Documents\traindata\IMG\center_2026_08_02_19_59_05_102.jpg;0
C:\Users\Tune and Tones\Documents\traindata\IMG\center_2026_08_02_19_59_05_187.jpg;0
C:\Users\Tune and Tones\Documents\traindata\IMG\center_2026_08_02_19_59_05_271.jpg;0.2
C:\Users\Tune and Tones\Documents\traindata\IMG\center_2026_08_02_19_59_05_352.jpg;0.4
C:\Users\Tune and Tones\Documents\traindata\IMG\center_2026_08_02_19_59_05_436.jpg;0.6000001
C:\Users\Tune and Tones\Documents\traindata\IMG\center_2026_08_02_19_59_05_521.jpg;0.8000001
C:\Users\Tune and Tones\Documents\traindata\IMG\center_2026_08_02_19_59_05_608.jpg;0
C:\Users\Tune and Tones\Documents\traindata\IMG\center_2026_08_02_19_59_05_708.jpg;0
C:\Users\Tune and Tones\Documents\traindata\IMG\center_2026_08_02_19_59_05_798.jpg;0
C:\Users\Tune and Tones\Documents\traindata\IMG\center_2026_08_02_19_59_05_888.jpg;0
C:\Users\Tune and Tones\Documents\traindata\IMG\center_2026_08_02_19_59_05_979.jpg;0
C:\Users\Tune and Tones\Documents\traindata\IMG\center_2026_08_02_19_59_06_068.jpg;0
C:\Users\Tune and Tones\Documents\traindata\IMG\center_2026_08_02_19_59_06_148.jpg;0
C:\Users\Tune and Tones\Documents\traindata\IMG\center_2026_08_02_19_59_06_235.jpg;0
C:\Users\Tune and Tones\Documents\traindata\IMG\center_2026_08_02_19_59_06_322.jpg;0
C:\Users\Tune and Tones\Documents\traindata\IMG\center_2026_08_02_19_59_06_405.jpg;0
C:\Users\Tune and Tones\Documents\traindata\IMG\center_2026_08_02_19_59_06_490.jpg;0
C:\Users\Tune and Tones\Documents\traindata\IMG\center_2026_08_02_19_59_06_574.jpg;0.2
C:\Users\Tune and Tones\Documents\traindata\IMG\center_2026_08_02_19_59_06_661.jpg;0.4
C:\Users\Tune and Tones\Documents\traindata\IMG\center_2026_08_02_19_59_06_752.jpg;0
C:\Users\Tune and Tones\Documents\traindata\IMG\center_2026_08_02_19_59_06_835.jpg;0
C:\Users\Tune and Tones\Documents\traindata\IMG\center_2026_08_02_19_59_06_922.jpg;0
C:\Users\Tune and Tones\Documents\traindata\IMG\center_2026_08_02_19_59_07_014.jpg;0
C:\Users\Tune and Tones\Documents\traindata\IMG\center_2026_08_02_19_59_07_096.jpg;0
C:\Users\Tune and Tones\Documents\traindata\IMG\center_2026_08_02_19_59_07_194.jpg;0
C:\Users\Tune and Tones\Documents\traindata\IMG\center_2026_08_02_19_59_07_280.jpg;0.2
C:\Users\Tune and Tones\Documents\traindata\IMG\center_2026_08_02_19_59_07_352.jpg;0.4
C:\Users\Tune and Tones\Documents\traindata\IMG\center_2026_08_02_19_59_07_442.jpg;0.6000001
C:\Users\Tune and Tones\Documents\traindata\IMG\center_2026_08_02_19_59_07_532.jpg;0.8500001
C:\Users\Tune and Tones\Documents\traindata\IMG\center_2026_08_02_19_59_07_617.jpg;0
C:\Users\Tune and Tones\Documents\traindata\IMG\center_2026_08_02_19_59_07_704.jpg;0
C:\Users\Tune and Tones\Documents\traindata\IMG\center_2026_08_02_19_59_07_798.jpg;0
C:\Users\Tune and Tones\Documents\traindata\IMG\center_2026_08_02_19_59_07_885.jpg;0
C:\Users\Tune and Tones\Documents\traindata\IMG\center_2026_08_02_19_59_07_964.jpg;0
C:\Users\Tune and Tones\Documents\traindata\IMG\center_2026_08_02_19_59_08_053.jpg;0
C:\Users\Tune and Tones\Documents\traindata\IMG\center_2026_08_02_19_59_08_135.jpg;0
C:\Users\Tune and Tones\Documents\traindata\IMG\center_2026_08_02_19_59_08_218.jpg;0
C:\Users\Tune and Tones\Documents\traindata\IMG\center_2026_08_02_19_59_08_300.jpg;0
C:\Users\Tune and Tones\Documents\traindata\IMG\center_2026_08_02_19_59_08_385.jpg;0.2
C:\Users\Tune and Tones\Documents\traindata\IMG\center_2026_08_02_19_59_08_467.jpg;0.45
C:\Users\Tune and Tones\Documents\traindata\IMG\center_2026_08_02_19_59_08_549.jpg;0.6500001
C:\Users\Tune and Tones\Documents\traindata\IMG\center_2026_08_02_19_59_08_634.jpg;0.8500001
C:\Users\Tune and Tones\Documents\traindata\IMG\center_2026_08_02_19_59_08_715.jpg;0
C:\Users\Tune and Tones\Documents\traindata\IMG\center_2026_08_02_19_59_08_797.jpg;0
C:\Users\Tune and Tones\Documents\traindata\IMG\center_2026_08_02_19_59_08_880.jpg;0
C:\Users\Tune and Tones\Documents\traindata\IMG\center_2026_08_02_19_59_08_961.jpg;0
C:\Users\Tune and Tones\Documents\traindata\IMG\center_2026_08_02_19_59_09_045.jpg;0
C:\Users\Tune and Tones\Documents\traindata\IMG\center_2026_08_02_19_59_09_127.jpg;0
C:\Users\Tune and Tones\Documents\traindata\IMG\center_2026_08_02_19_59_09_209.jpg;0
C:\Users\Tune and Tones\Documents\traindata\IMG\center_2026_08_02_19_59_09_291.jpg;0
C:\Users\Tune and Tones\Documents\traindata\IMG\center_2026_08_02_19_59_09_375.jpg;0
C:\Users\Tune and Tones\Documents\traindata\IMG\center_2026_08_02_19_59_09_459.jpg;0.2
C:\Users\Tune and Tones\Documents\traindata\IMG\center_2026_08_02_19_59_09_541.jpg;0.4
C:\Users\Tune and Tones\Documents\traindata\IMG\center_2026_08_02_19_59_09_623.jpg;0.6000001
C:\Users\Tune and Tones\Documents\traindata\IMG\center_2026_08_02_19_59_09_708.jpg;0.8500001
C:\Users\Tune and Tones\Documents\traindata\IMG\center_2026_08_02_19_59_09_797.jpg;0
C:\Users\Tune and Tones\Documents\traindata\IMG\center_2026_08_02_19_59_09_870.jpg;0
C:\Users\Tune and Tones\Documents\traindata\IMG\center_2026_08_02_19_59_09_955.jpg;0
C:\Users\Tune and Tones\Documents\traindata\IMG\center_2026_08_02_19_59_10_034.jpg;0
C:\Users\Tune and Tones\Documents\traindata\IMG\center_2026_08_02_19_59_10_117.jpg;0
C:\Users\Tune and Tones\Documents\traindata\IMG\center_2026_08_02_19_59_10_200.jpg;0.2
C:\Users\Tune and Tones\Documents\traindata\IMG\center_2026_08_02_19_59_10_286.jpg;0.4
C:\Users\Tune and Tones\Documents\traindata\IMG\center_2026_08_02_19_59_10_369.jpg;0.6500001
C:\Users\Tune and Tones\Documents\traindata\IMG\center_2026_08_02_19_59_10_449.jpg;0.8500001
C:\Users\Tune and Tones\Documents\traindata\IMG\center_2026_08_02_19_59_10_533.jpg;1
C:\Users\Tune and Tones\Documents\traindata\IMG\center_2026_08_02_19_59_10_615.jpg;1
C:\Users\Tune and Tones\Documents\traindata\IMG\center_2026_08_02_19_59_10_696.jpg;0
C:\Users\Tune and Tones\Documents\traindata\IMG\center_2026_08_02_19_59_10_778.jpg;0
C:\Users\Tune and Tones\Documents\traindata\IMG\center_2026_08_02_19_59_10_858.jpg;0
C:\Users\Tune and Tones\Documents\traindata\IMG\center_2026_08_02_19_59_10_946.jpg;0
C:\Users\Tune and Tones\Documents\traindata\IMG\center_2026_08_02_19_59_11_027.jpg;0
C:\Users\Tune and Tones\Documents\traindata\IMG\center_2026_08_02_19_59_11_102.jpg;0
C:\Users\Tune and Tones\Documents\traindata\IMG\center_2026_08_02_19_59_11_182.jpg;0
C:\Users\Tune and Tones\Documents\traindata\IMG\center_2026_08_02_19_59_11_264.jpg;0
C:\Users\Tune and Tones\Documents\traindata\IMG\center_2026_08_02_19_59_11_347.jpg;0
C:\Users\Tune and Tones\Documents\traindata\IMG\center_2026_08_02_19_59_11_428.jpg;0
C:\Users\Tune and Tones\Documents\traindata\IMG\center_2026_08_02_19_59_11_512.jpg;-0.2
C:\Users\Tune and Tones\Documents\traindata\IMG\center_2026_08_02_19_59_11_591.jpg;-0.4
C:\Users\Tune and Tones\Documents\traindata\IMG\center_2026_08_02_19_59_11_676.jpg;0
C:\Users\Tune and Tones\Documents\traindata\IMG\center_2026_08_02_19_59_11_756.jpg;0
C:\Users\Tune and Tones\Documents\traindata\IMG\center_2026_08_02_19_59_11_833.jpg;0
C:\Users\Tune and Tones\Documents\traindata\IMG\center_2026_08_02_19_59_11_915.jpg;0
C:\Users\Tune and Tones\Documents\traindata\IMG\center_2026_08_02_19_59_11_999.jpg;0
C:\Users\Tune and Tones\Documents\traindata\IMG\center_2026_08_02_19_59_12_085.jpg;0
C:\Users\Tune and Tones\Documents\traindata\IMG\center_2026_08_02_19_59_12_158.jpg;0
C:\Users\Tune and Tones\Documents\traindata\IMG\center_2026_08_02_19_59_12_244.jpg;0
C:\Users\Tune and Tones\Documents\traindata\IMG\center_2026_08_02_19_59_12_319.jpg;0
C:\Users\Tune and Tones\Documents\traindata\IMG\center_2026_08_02_19_59_12_403.jpg;0
C:\Users\Tune and Tones\Documents\traindata\IMG\center_2026_08_02_19_59_12_485.jpg;0
C:\Users\Tune and Tones\Documents\traindata\IMG\center_2026_08_02_19_59_12_571.jpg;0
C:\Users\Tune and Tones\Documents\traindata\IMG\center_2026_08_02_19_59_12_647.jpg;0
C:\Users\Tune and Tones\Documents\traindata\IMG\center_2026_08_02_19_59_12_729.jpg;0
C:\Users\Tune and Tones\Documents\traindata\IMG\center_2026_08_02_19_59_12_804.jpg;0
C:\Users\Tune and Tones\Documents\traindata\IMG\center_2026_08_02_19_59_12_884.jpg;0
C:\Users\Tune and Tones\Documents\traindata\IMG\center_2026_08_02_19_59_12_966.jpg;0
C:\Users\Tune and Tones\Documents\traindata\IMG\center_2026_08_02_19_59_13_045.jpg;0
C:\Users\Tune and Tones\Documents\traindata\IMG\center_2026_08_02_19_59_13_123.jpg;0
C:\Users\Tune and Tones\Documents\traindata\IMG\center_2026_08_02_19_59_13_212.jpg;0
C:\Users\Tune and Tones\Documents\traindata\IMG\center_2026_08_02_19_59_13_288.jpg;0
C:\Users\Tune and Tones\Documents\traindata\IMG\center_2026_08_02_19_59_13_364.jpg;0
C:\Users\Tune and Tones\Documents\traindata\IMG\center_2026_08_02_19_59_13_446.jpg;0
C:\Users\Tune and Tones\Documents\traindata\IMG\center_2026_08_02_19_59_13_533.jpg;0
C:\Users\Tune and Tones\Documents\traindata\IMG\center_2026_08_02_19_59_13_612.jpg;0.2
C:\Users\Tune and Tones\Documents\traindata\IMG\center_2026_08_02_19_59_13_689.jpg;0.4
C:\Users\Tune and Tones\Documents\traindata\IMG\center_2026_08_02_19_59_13_766.jpg;0
C:\Users\Tune and Tones\Documents\traindata\IMG\center_2026_08_02_19_59_13_841.jpg;0
C:\Users\Tune and Tones\Documents\traindata\IMG\center_2026_08_02_19_59_13_921.jpg;0
C:\Users\Tune and Tones\Documents\traindata\IMG\center_2026_08_02_19_59_14_001.jpg;0
C:\Users\Tune and Tones\Documents\traindata\IMG\center_2026_08_02_19_59_14_083.jpg;0
C:\Users\Tune and Tones\Documents\traindata\IMG\center_2026_08_02_19_59_14_167.jpg;0
C:\Users\Tune and Tones\Documents\traindata\IMG\center_2026_08_02_19_59_14_250.jpg;0
C:\Users\Tune and Tones\Documents\traindata\IMG\center_2026_08_02_19_59_14_328.jpg;0
C:\Users\Tune and Tones\Documents\traindata\IMG\center_2026_08_02_19_59_14_412.jpg;0
C:\Users\Tune and Tones\Documents\traindata\IMG\center_2026_08_02_19_59_14_491.jpg;0
C:\Users\Tune and Tones\Documents\traindata\IMG\center_2026_08_02_19_59_14_572.jpg;0
C:\Users\Tune and Tones\Documents\traindata\IMG\center_2026_08_02_19_59_14_666.jpg;0
C:\Users\Tune and Tones\Documents\traindata\IMG\center_2026_08_02_19_59_14_740.jpg;0
C:\Users\Tune and Tones\Documents\traindata\IMG\center_2026_08_02_19_59_14_823.jpg;0
C:\Users\Tune and Tones\Documents\traindata\IMG\center_2026_08_02_19_59_14_904.jpg;0
C:\Users\Tune and Tones\Documents\traindata\IMG\center_2026_08_02_19_59_14_989.jpg;0
C:\Users\Tune and Tones\Documents\traindata\IMG\center_2026_08_02_19_59_15_070.jpg;0
C:\Users\Tune and Tones\Documents\traindata\IMG\center_2026_08_02_19_59_15_151.jpg;0
C:\Users\Tune and Tones\Documents\traindata\IMG\center_2026_08_02_19_59_15_237.jpg;0
C:\Users\Tune and Tones\Documents\traindata\IMG\center_2026_08_02_19_59_15_319.jpg;0
C:\Users\Tune and Tones\Documents\traindata\IMG\center_2026_08_02_19_59_15_400.jpg;0
C:\Users\Tune and Tones\Documents\traindata\IMG\center_2026_08_02_19_59_15_484.jpg;0
C:\Users\Tune and Tones\Documents\traindata\IMG\center_2026_08_02_19_59_15_564.jpg;0
C:\Users\Tune and Tones\Documents\traindata\IMG\center_2026_08_02_19_59_15_646.jpg;0
C:\Users\Tune and Tones\Documents\traindata\IMG\center_2026_08_02_19_59_15_737.jpg;0
C:\Users\Tune and Tones\Documents\traindata\IMG\center_2026_08_02_19_59_15_822.jpg;0
C:\Users\Tune and Tones\Documents\traindata\IMG\center_2026_08_02_19_59_15_903.jpg;-0.2
C:\Users\Tune and Tones\Documents\traindata\IMG\center_2026_08_02_19_59_15_984.jpg;0
C:\Users\Tune and Tones\Documents\traindata\IMG\center_2026_08_02_19_59_16_063.jpg;0
C:\Users\Tune and Tones\Documents\traindata\IMG\center_2026_08_02_19_59_16_138.jpg;0
C:\Users\Tune and Tones\Documents\traindata\IMG\center_2026_08_02_19_59_16_234.jpg;0
C:\Users\Tune and Tones\Documents\traindata\IMG\center_2026_08_02_19_59_16_320.jpg;0
C:\Users\Tune and Tones\Documents\traindata\IMG\center_2026_08_02_19_59_16_402.jpg;0
C:\Users\Tune and Tones\Documents\traindata\IMG\center_2026_08_02_19_59_16_475.jpg;0
C:\Users\Tune and Tones\Documents\traindata\IMG\center_2026_08_02_19_59_16_556.jpg;0
C:\Users\Tune and Tones\Documents\traindata\IMG\center_2026_08_02_19_59_16_641.jpg;0
C:\Users\Tune and Tones\Documents\traindata\IMG\center_2026_08_02_19_59_16_724.jpg;-0.2
C:\Users\Tune and Tones\Documents\traindata\IMG\center_2026_08_02_19_59_16_806.jpg;-0.4
C:\Users\Tune and Tones\Documents\traindata\IMG\center_2026_08_02_19_59_16_887.jpg;0
C:\Users\Tune and Tones\Documents\traindata\IMG\center_2026_08_02_19_59_16_968.jpg;0
C:\Users\Tune and Tones\Documents\traindata\IMG\center_2026_08_02_19_59_17_051.jpg;0
C:\Users\Tune and Tones\Documents\traindata\IMG\center_2026_08_02_19_59_17_140.jpg;0
C:\Users\Tune and Tones\Documents\traindata\IMG\center_2026_08_02_19_59_17_224.jpg;0
C:\Users\Tune and Tones\Documents\traindata\IMG\center_2026_08_02_19_59_17_302.jpg;0
C:\Users\Tune and Tones\Documents\traindata\IMG\center_2026_08_02_19_59_17_395.jpg;-0.25
C:\Users\Tune and Tones\Documents\traindata\IMG\center_2026_08_02_19_59_17_472.jpg;-0.45
C:\Users\Tune and Tones\Documents\traindata\IMG\center_2026_08_02_19_59_17_559.jpg;-0.6500001
C:\Users\Tune and Tones\Documents\traindata\IMG\center_2026_08_02_19_59_17_633.jpg;-0.8500001
C:\Users\Tune and Tones\Documents\traindata\IMG\center_2026_08_02_19_59_17_711.jpg;0
C:\Users\Tune and Tones\Documents\traindata\IMG\center_2026_08_02_19_59_17_793.jpg;0
C:\Users\Tune and Tones\Documents\traindata\IMG\center_2026_08_02_19_59_17_882.jpg;0
C:\Users\Tune and Tones\Documents\traindata\IMG\center_2026_08_02_19_59_17_957.jpg;0
C:\Users\Tune and Tones\Documents\traindata\IMG\center_2026_08_02_19_59_18_035.jpg;0
C:\Users\Tune and Tones\Documents\traindata\IMG\center_2026_08_02_19_59_18_113.jpg;0
C:\Users\Tune and Tones\Documents\traindata\IMG\center_2026_08_02_19_59_18_194.jpg;0
C:\Users\Tune and Tones\Documents\traindata\IMG\center_2026_08_02_19_59_18_283.jpg;0
C:\Users\Tune and Tones\Documents\traindata\IMG\center_2026_08_02_19_59_18_366.jpg;0
C:\Users\Tune and Tones\Documents\traindata\IMG\center_2026_08_02_19_59_18_432.jpg;0
C:\Users\Tune and Tones\Documents\traindata\IMG\center_2026_08_02_19_59_18_512.jpg;0
C:\Users\Tune and Tones\Documents\traindata\IMG\center_2026_08_02_19_59_18_593.jpg;0
C:\Users\Tune and Tones\Documents\traindata\IMG\center_2026_08_02_19_59_18_675.jpg;0
C:\Users\Tune and Tones\Documents\traindata\IMG\center_2026_08_02_19_59_18_755.jpg;0
C:\Users\Tune and Tones\Documents\traindata\IMG\center_2026_08_02_19_59_18_832.jpg;-0.2
C:\Users\Tune and Tones\Documents\traindata\IMG\center_2026_08_02_19_59_18_909.jpg;-0.4
C:\Users\Tune and Tones\Documents\traindata\IMG\center_2026_08_02_19_59_18_988.jpg;-0.6000001
C:\Users\Tune and Tones\Documents\traindata\IMG\center_2026_08_02_19_59_19_067.jpg;0
C:\Users\Tune and Tones\Documents\traindata\IMG\center_2026_08_02_19_59_19_150.jpg;0
C:\Users\Tune and Tones\Documents\traindata\IMG\center_2026_08_02_19_59_19_223.jpg;0
C:\Users\Tune and Tones\Documents\traindata\IMG\center_2026_08_02_19_59_19_303.jpg;0
C:\Users\Tune and Tones\Documents\traindata\IMG\center_2026_08_02_19_59_19_378.jpg;0
C:\Users\Tune and Tones\Documents\traindata\IMG\center_2026_08_02_19_59_19_451.jpg;-0.2
C:\Users\Tune and Tones\Documents\traindata\IMG\center_2026_08_02_19_59_19_532.jpg;-0.4
C:\Users\Tune and Tones\Documents\traindata\IMG\center_2026_08_02_19_59_19_606.jpg;-0.5500001
C:\Users\Tune and Tones\Documents\traindata\IMG\center_2026_08_02_19_59_19_678.jpg;-0.7500002
C:\Users\Tune and Tones\Documents\traindata\IMG\center_2026_08_02_19_59_19_754.jpg;-0.9500002
C:\Users\Tune and Tones\Documents\traindata\IMG\center_2026_08_02_19_59_19_832.jpg;-1
C:\Users\Tune and Tones\Documents\traindata\IMG\center_2026_08_02_19_59_19_907.jpg;0
C:\Users\Tune and Tones\Documents\traindata\IMG\center_2026_08_02_19_59_19_987.jpg;0
C:\Users\Tune and Tones\Documents\traindata\IMG\center_2026_08_02_19_59_20_070.jpg;0
C:\Users\Tune and Tones\Documents\traindata\IMG\center_2026_08_02_19_59_20_149.jpg;0
C:\Users\Tune and Tones\Documents\traindata\IMG\center_2026_08_02_19_59_20_227.jpg;-0.2
C:\Users\Tune and Tones\Documents\traindata\IMG\center_2026_08_02_19_59_20_311.jpg;-0.4
C:\Users\Tune and Tones\Documents\traindata\IMG\center_2026_08_02_19_59_20_401.jpg;-0.6000001
C:\Users\Tune and Tones\Documents\traindata\IMG\center_2026_08_02_19_59_20_476.jpg;-0.8000001
C:\Users\Tune and Tones\Documents\traindata\IMG\center_2026_08_02_19_59_20_561.jpg;-1
C:\Users\Tune and Tones\Documents\traindata\IMG\center_2026_08_02_19_59_20_634.jpg;0
C:\Users\Tune and Tones\Documents\traindata\IMG\center_2026_08_02_19_59_20_720.jpg;0
C:\Users\Tune and Tones\Documents\traindata\IMG\center_2026_08_02_19_59_20_797.jpg;0
C:\Users\Tune and Tones\Documents\traindata\IMG\center_2026_08_02_19_59_20_879.jpg;0
C:\Users\Tune and Tones\Documents\traindata\IMG\center_2026_08_02_19_59_20_963.jpg;0
C:\Users\Tune and Tones\Documents\traindata\IMG\center_2026_08_02_19_59_21_041.jpg;0
C:\Users\Tune and Tones\Documents\traindata\IMG\center_2026_08_02_19_59_21_121.jpg;0
C:\Users\Tune and Tones\Documents\traindata\IMG\center_2026_08_02_19_59_21_203.jpg;0
C:\Users\Tune and Tones\Documents\traindata\IMG\center_2026_08_02_19_59_21_287.jpg;0
C:\Users\Tune and Tones\Documents\traindata\IMG\center_2026_08_02_19_59_21_368.jpg;0
C:\Users\Tune and Tones\Documents\traindata\IMG\center_2026_08_02_19_59_21_454.jpg;0
C:\Users\Tune and Tones\Documents\traindata\IMG\center_2026_08_02_19_59_21_540.jpg;0
C:\Users\Tune and Tones\Documents\traindata\IMG\center_2026_08_02_19_59_21_624.jpg;0
C:\Users\Tune and Tones\Documents\traindata\IMG\center_2026_08_02_19_59_21_711.jpg;0
C:\Users\Tune and Tones\Documents\traindata\IMG\center_2026_08_02_19_59_21_792.jpg;0
C:\Users\Tune and Tones\Documents\traindata\IMG\center_2026_08_02_19_59_21_879.jpg;0
C:\Users\Tune and Tones\Documents\traindata\IMG\center_2026_08_02_19_59_21_962.jpg;0
C:\Users\Tune and Tones\Documents\traindata\IMG\center_2026_08_02_19_59_22_049.jpg;0
C:\Users\Tune and Tones\Documents\traindata\IMG\center_2026_08_02_19_59_22_136.jpg;0
C:\Users\Tune and Tones\Documents\traindata\IMG\center_2026_08_02_19_59_22_223.jpg;0
C:\Users\Tune and Tones\Documents\traindata\IMG\center_2026_08_02_19_59_22_305.jpg;0
C:\Users\Tune and Tones\Documents\traindata\IMG\center_2026_08_02_19_59_22_400.jpg;-0.25
C:\Users\Tune and Tones\Documents\traindata\IMG\center_2026_08_02_19_59_22_488.jpg;0
C:\Users\Tune and Tones\Documents\traindata\IMG\center_2026_08_02_19_59_22_580.jpg;0
C:\Users\Tune and Tones\Documents\traindata\IMG\center_2026_08_02_19_59_22_665.jpg;0
C:\Users\Tune and Tones\Documents\traindata\IMG\center_2026_08_02_19_59_22_752.jpg;0
C:\Users\Tune and Tones\Documents\traindata\IMG\center_2026_08_02_19_59_22_847.jpg;0
C:\Users\Tune and Tones\Documents\traindata\IMG\center_2026_08_02_19_59_22_931.jpg;0
C:\Users\Tune and Tones\Documents\traindata\IMG\center_2026_08_02_19_59_23_020.jpg;0
C:\Users\Tune and Tones\Documents\traindata\IMG\center_2026_08_02_19_59_23_116.jpg;0
C:\Users\Tune and Tones\Documents\traindata\IMG\center_2026_08_02_19_59_23_205.jpg;0
C:\Users\Tune and Tones\Documents\traindata\IMG\center_2026_08_02_19_59_23_291.jpg;0
C:\Users\Tune and Tones\Documents\traindata\IMG\center_2026_08_02_19_59_23_369.jpg;0
C:\Users\Tune and Tones\Documents\traindata\IMG\center_2026_08_02_19_59_23_458.jpg;0
C:\Users\Tune and Tones\Documents\traindata\IMG\center_2026_08_02_19_59_23_549.jpg;0
C:\Users\Tune and Tones\Documents\traindata\IMG\center_2026_08_02_19_59_23_639.jpg;0
C:\Users\Tune and Tones\Documents\traindata\IMG\center_2026_08_02_19_59_23_720.jpg;0
C:\Users\Tune and Tones\Documents\traindata\IMG\center_2026_08_02_19_59_23_813.jpg;0
C:\Users\Tune and Tones\Documents\traindata\IMG\center_2026_08_02_19_59_23_900.jpg;0
C:\Users\Tune and Tones\Documents\traindata\IMG\center_2026_08_02_19_59_24_003.jpg;0
C:\Users\Tune and Tones\Documents\traindata\IMG\center_2026_08_02_19_59_24_087.jpg;0
C:\Users\Tune and Tones\Documents\traindata\IMG\center_2026_08_02_19_59_24_175.jpg;0
C:\Users\Tune and Tones\Documents\traindata\IMG\center_2026_08_02_19_59_24_273.jpg;0
C:\Users\Tune and Tones\Documents\traindata\IMG\center_2026_08_02_19_59_24_367.jpg;0
C:\Users\Tune and Tones\Documents\traindata\IMG\center_2026_08_02_19_59_24_463.jpg;0
C:\Users\Tune and Tones\Documents\traindata\IMG\center_2026_08_02_19_59_24_563.jpg;0
C:\Users\Tune and Tones\Documents\traindata\IMG\center_2026_08_02_19_59_24_665.jpg;0
C:\Users\Tune and Tones\Documents\traindata\IMG\center_2026_08_02_19_59_24_764.jpg;0
C:\Users\Tune and Tones\Documents\traindata\IMG\center_2026_08_02_19_59_24_862.jpg;0
C:\Users\Tune and Tones\Documents\traindata\IMG\center_2026_08_02_19_59_24_966.jpg;0
C:\Users\Tune and Tones\Documents\traindata\IMG\center_2026_08_02_19_59_25_070.jpg;0
C:\Users\Tune and Tones\Documents\traindata\IMG\center_2026_08_02_19_59_25_166.jpg;0
C:\Users\Tune and Tones\Documents\traindata\IMG\center_2026_08_02_19_59_25_266.jpg;0
C:\Users\Tune and Tones\Documents\traindata\IMG\center_2026_08_02_19_59_25_362.jpg;0
C:\Users\Tune and Tones\Documents\traindata\IMG\center_2026_08_02_19_59_25_465.jpg;0
C:\Users\Tune and Tones\Documents\traindata\IMG\center_2026_08_02_19_59_25_563.jpg;0
C:\Users\Tune and Tones\Documents\traindata\IMG\center_2026_08_02_19_59_25_661.jpg;0
C:\Users\Tune and Tones\Documents\traindata\IMG\center_2026_08_02_19_59_25_754.jpg;0.25
C:\Users\Tune and Tones\Documents\traindata\IMG\center_2026_08_02_19_59_25_846.jpg;0
C:\Users\Tune and Tones\Documents\traindata\IMG\center_2026_08_02_19_59_25_939.jpg;0
C:\Users\Tune and Tones\Documents\traindata\IMG\center_2026_08_02_19_59_26_034.jpg;0
C:\Users\Tune and Tones\Documents\traindata\IMG\center_2026_08_02_19_59_26_130.jpg;0
C:\Users\Tune and Tones\Documents\traindata\IMG\center_2026_08_02_19_59_26_228.jpg;0
C:\Users\Tune and Tones\Documents\traindata\IMG\center_2026_08_02_19_59_26_321.jpg;0
C:\Users\Tune and Tones\Documents\traindata\IMG\center_2026_08_02_19_59_26_423.jpg;0
C:\Users\Tune and Tones\Documents\traindata\IMG\center_2026_08_02_19_59_26_528.jpg;0.3
C:\Users\Tune and Tones\Documents\traindata\IMG\center_2026_08_02_19_59_26_629.jpg;0.5500001
C:\Users\Tune and Tones\Documents\traindata\IMG\center_2026_08_02_19_59_26_730.jpg;0.8000001
C:\Users\Tune and Tones\Documents\traindata\IMG\center_2026_08_02_19_59_26_832.jpg;0
C:\Users\Tune and Tones\Documents\traindata\IMG\center_2026_08_02_19_59_26_927.jpg;0
C:\Users\Tune and Tones\Documents\traindata\IMG\center_2026_08_02_19_59_27_035.jpg;0
C:\Users\Tune and Tones\Documents\traindata\IMG\center_2026_08_02_19_59_27_139.jpg;0
C:\Users\Tune and Tones\Documents\traindata\IMG\center_2026_08_02_19_59_27_239.jpg;0.25
C:\Users\Tune and Tones\Documents\traindata\IMG\center_2026_08_02_19_59_27_336.jpg;0.5000001
C:\Users\Tune and Tones\Documents\traindata\IMG\center_2026_08_02_19_59_27_443.jpg;0
C:\Users\Tune and Tones\Documents\traindata\IMG\center_2026_08_02_19_59_27_546.jpg;0
C:\Users\Tune and Tones\Documents\traindata\IMG\center_2026_08_02_19_59_27_654.jpg;0
C:\Users\Tune and Tones\Documents\traindata\IMG\center_2026_08_02_19_59_27_747.jpg;0
C:\Users\Tune and Tones\Documents\traindata\IMG\center_2026_08_02_19_59_27_843.jpg;0
C:\Users\Tune and Tones\Documents\traindata\IMG\center_2026_08_02_19_59_27_935.jpg;0
C:\Users\Tune and Tones\Documents\traindata\IMG\center_2026_08_02_19_59_28_023.jpg;0
C:\Users\Tune and Tones\Documents\traindata\IMG\center_2026_08_02_19_59_28_115.jpg;0
C:\Users\Tune and Tones\Documents\traindata\IMG\center_2026_08_02_19_59_28_205.jpg;0
C:\Users\Tune and Tones\Documents\traindata\IMG\center_2026_08_02_19_59_28_296.jpg;0
C:\Users\Tune and Tones\Documents\traindata\IMG\center_2026_08_02_19_59_28_384.jpg;0.2
C:\Users\Tune and Tones\Documents\traindata\IMG\center_2026_08_02_19_59_28_475.jpg;0.45
C:\Users\Tune and Tones\Documents\traindata\IMG\center_2026_08_02_19_59_28_566.jpg;0.7
C:\Users\Tune and Tones\Documents\traindata\IMG\center_2026_08_02_19_59_28_657.jpg;0.9000002
C:\Users\Tune and Tones\Documents\traindata\IMG\center_2026_08_02_19_59_28_749.jpg;0
C:\Users\Tune and Tones\Documents\traindata\IMG\center_2026_08_02_19_59_28_843.jpg;0
C:\Users\Tune and Tones\Documents\traindata\IMG\center_2026_08_02_19_59_28_936.jpg;0
C:\Users\Tune and Tones\Documents\traindata\IMG\center_2026_08_02_19_59_29_024.jpg;0
C:\Users\Tune and Tones\Documents\traindata\IMG\center_2026_08_02_19_59_29_116.jpg;0
C:\Users\Tune and Tones\Documents\traindata\IMG\center_2026_08_02_19_59_29_209.jpg;0
C:\Users\Tune and Tones\Documents\traindata\IMG\center_2026_08_02_19_59_29_306.jpg;0.25
C:\Users\Tune and Tones\Documents\traindata\IMG\center_2026_08_02_19_59_29_392.jpg;0.45
C:\Users\Tune and Tones\Documents\traindata\IMG\center_2026_08_02_19_59_29_480.jpg;0.6500001
C:\Users\Tune and Tones\Documents\traindata\IMG\center_2026_08_02_19_59_29_569.jpg;0.9000002
C:\Users\Tune and Tones\Documents\traindata\IMG\center_2026_08_02_19_59_29_664.jpg;1
C:\Users\Tune and Tones\Documents\traindata\IMG\center_2026_08_02_19_59_29_757.jpg;0
C:\Users\Tune and Tones\Documents\traindata\IMG\center_2026_08_02_19_59_29_854.jpg;0
C:\Users\Tune and Tones\Documents\traindata\IMG\center_2026_08_02_19_59_29_943.jpg;0
C:\Users\Tune and Tones\Documents\traindata\IMG\center_2026_08_02_19_59_30_035.jpg;0
C:\Users\Tune and Tones\Documents\traindata\IMG\center_2026_08_02_19_59_30_126.jpg;0
C:\Users\Tune and Tones\Documents\traindata\IMG\center_2026_08_02_19_59_30_215.jpg;0.25
C:\Users\Tune and Tones\Documents\traindata\IMG\center_2026_08_02_19_59_30_303.jpg;0.45
C:\Users\Tune and Tones\Documents\traindata\IMG\center_2026_08_02_19_59_30_394.jpg;0.7
C:\Users\Tune and Tones\Documents\traindata\IMG\center_2026_08_02_19_59_30_480.jpg;0.9000002
C:\Users\Tune and Tones\Documents\traindata\IMG\center_2026_08_02_19_59_30_577.jpg;0
C:\Users\Tune and Tones\Documents\traindata\IMG\center_2026_08_02_19_59_30_673.jpg;0
C:\Users\Tune and Tones\Documents\traindata\IMG\center_2026_08_02_19_59_30_762.jpg;0
C:\Users\Tune and Tones\Documents\traindata\IMG\center_2026_08_02_19_59_30_855.jpg;0
C:\Users\Tune and Tones\Documents\traindata\IMG\center_2026_08_02_19_59_30_945.jpg;0
C:\Users\Tune and Tones\Documents\traindata\IMG\center_2026_08_02_19_59_31_034.jpg;0
C:\Users\Tune and Tones\Documents\traindata\IMG\center_2026_08_02_19_59_31_119.jpg;0
C:\Users\Tune and Tones\Documents\traindata\IMG\center_2026_08_02_19_59_31_203.jpg;0
C:\Users\Tune and Tones\Documents\traindata\IMG\center_2026_08_02_19_59_31_287.jpg;0
C:\Users\Tune and Tones\Documents\traindata\IMG\center_2026_08_02_19_59_31_375.jpg;0
C:\Users\Tune and Tones\Documents\traindata\IMG\center_2026_08_02_19_59_31_450.jpg;0
C:\Users\Tune and Tones\Documents\traindata\IMG\center_2026_08_02_19_59_31_538.jpg;0.2
C:\Users\Tune and Tones\Documents\traindata\IMG\center_2026_08_02_19_59_31_623.jpg;0.4
C:\Users\Tune and Tones\Documents\traindata\IMG\center_2026_08_02_19_59_31_705.jpg;0
C:\Users\Tune and Tones\Documents\traindata\IMG\center_2026_08_02_19_59_31_792.jpg;0
C:\Users\Tune and Tones\Documents\traindata\IMG\center_2026_08_02_19_59_31_881.jpg;0
C:\Users\Tune and Tones\Documents\traindata\IMG\center_2026_08_02_19_59_31_959.jpg;0
C:\Users\Tune and Tones\Documents\traindata\IMG\center_2026_08_02_19_59_32_046.jpg;0
C:\Users\Tune and Tones\Documents\traindata\IMG\center_2026_08_02_19_59_32_131.jpg;0
C:\Users\Tune and Tones\Documents\traindata\IMG\center_2026_08_02_19_59_32_218.jpg;0
C:\Users\Tune and Tones\Documents\traindata\IMG\center_2026_08_02_19_59_32_298.jpg;0.2
C:\Users\Tune and Tones\Documents\traindata\IMG\center_2026_08_02_19_59_32_381.jpg;0.4
C:\Users\Tune and Tones\Documents\traindata\IMG\center_2026_08_02_19_59_32_469.jpg;0
C:\Users\Tune and Tones\Documents\traindata\IMG\center_2026_08_02_19_59_32_548.jpg;0
C:\Users\Tune and Tones\Documents\traindata\IMG\center_2026_08_02_19_59_32_632.jpg;0
C:\Users\Tune and Tones\Documents\traindata\IMG\center_2026_08_02_19_59_32_712.jpg;0
C:\Users\Tune and Tones\Documents\traindata\IMG\center_2026_08_02_19_59_32_799.jpg;0
C:\Users\Tune and Tones\Documents\traindata\IMG\center_2026_08_02_19_59_32_878.jpg;0
C:\Users\Tune and Tones\Documents\traindata\IMG\center_2026_08_02_19_59_32_965.jpg;0
C:\Users\Tune and Tones\Documents\traindata\IMG\center_2026_08_02_19_59_33_041.jpg;0
C:\Users\Tune and Tones\Documents\traindata\IMG\center_2026_08_02_19_59_33_125.jpg;0
C:\Users\Tune and Tones\Documents\traindata\IMG\center_2026_08_02_19_59_33_217.jpg;0.25
C:\Users\Tune and Tones\Documents\traindata\IMG\center_2026_08_02_19_59_33_300.jpg;0.45
C:\Users\Tune and Tones\Documents\traindata\IMG\center_2026_08_02_19_59_33_382.jpg;0
C:\Users\Tune and Tones\Documents\traindata\IMG\center_2026_08_02_19_59_33_466.jpg;0
C:\Users\Tune and Tones\Documents\traindata\IMG\center_2026_08_02_19_59_33_555.jpg;0
C:\Users\Tune and Tones\Documents\traindata\IMG\center_2026_08_02_19_59_33_640.jpg;0
C:\Users\Tune and Tones\Documents\traindata\IMG\center_2026_08_02_19_59_33_712.jpg;0
C:\Users\Tune and Tones\Documents\traindata\IMG\center_2026_08_02_19_59_33_791.jpg;0
C:\Users\Tune and Tones\Documents\traindata\IMG\center_2026_08_02_19_59_33_872.jpg;0
C:\Users\Tune and Tones\Documents\traindata\IMG\center_2026_08_02_19_59_33_954.jpg;0
C:\Users\Tune and Tones\Documents\traindata\IMG\center_2026_08_02_19_59_34_035.jpg;0.2
C:\Users\Tune and Tones\Documents\traindata\IMG\center_2026_08_02_19_59_34_110.jpg;0
C:\Users\Tune and Tones\Documents\traindata\IMG\center_2026_08_02_19_59_34_188.jpg;0.2
C:\Users\Tune and Tones\Documents\traindata\IMG\center_2026_08_02_19_59_34_267.jpg;0
C:\Users\Tune and Tones\Documents\traindata\IMG\center_2026_08_02_19_59_34_348.jpg;0
C:\Users\Tune and Tones\Documents\traindata\IMG\center_2026_08_02_19_59_34_422.jpg;0
C:\Users\Tune and Tones\Documents\traindata\IMG\center_2026_08_02_19_59_34_501.jpg;0
C:\Users\Tune and Tones\Documents\traindata\IMG\center_2026_08_02_19_59_34_578.jpg;0
C:\Users\Tune and Tones\Documents\traindata\IMG\center_2026_08_02_19_59_34_656.jpg;0
C:\Users\Tune and Tones\Documents\traindata\IMG\center_2026_08_02_19_59_34_738.jpg;0
C:\Users\Tune and Tones\Documents\traindata\IMG\center_2026_08_02_19_59_34_811.jpg;0
C:\Users\Tune and Tones\Documents\traindata\IMG\center_2026_08_02_19_59_34_881.jpg;0
C:\Users\Tune and Tones\Documents\traindata\IMG\center_2026_08_02_19_59_34_966.jpg;0
C:\Users\Tune and Tones\Documents\traindata\IMG\center_2026_08_02_19_59_35_044.jpg;0
C:\Users\Tune and Tones\Documents\traindata\IMG\center_2026_08_02_19_59_35_122.jpg;0
C:\Users\Tune and Tones\Documents\traindata\IMG\center_2026_08_02_19_59_35_201.jpg;0
C:\Users\Tune and Tones\Documents\traindata\IMG\center_2026_08_02_19_59_35_274.jpg;0
C:\Users\Tune and Tones\Documents\traindata\IMG\center_2026_08_02_19_59_35_354.jpg;0
C:\Users\Tune and Tones\Documents\traindata\IMG\center_2026_08_02_19_59_35_434.jpg;0
C:\Users\Tune and Tones\Documents\traindata\IMG\center_2026_08_02_19_59_35_513.jpg;0
C:\Users\Tune and Tones\Documents\traindata\IMG\center_2026_08_02_19_59_35_588.jpg;0
C:\Users\Tune and Tones\Documents\traindata\IMG\center_2026_08_02_19_59_35_671.jpg;0
C:\Users\Tune and Tones\Documents\traindata\IMG\center_2026_08_02_19_59_35_747.jpg;0
C:\Users\Tune and Tones\Documents\traindata\IMG\center_2026_08_02_19_59_35_825.jpg;0
C:\Users\Tune and Tones\Documents\traindata\IMG\center_2026_08_02_19_59_35_903.jpg;0
C:\Users\Tune and Tones\Documents\traindata\IMG\center_2026_08_02_19_59_35_980.jpg;0
C:\Users\Tune and Tones\Documents\traindata\IMG\center_2026_08_02_19_59_36_060.jpg;0
C:\Users\Tune and Tones\Documents\traindata\IMG\center_2026_08_02_19_59_36_138.jpg;0
C:\Users\Tune and Tones\Documents\traindata\IMG\center_2026_08_02_19_59_36_217.jpg;0
C:\Users\Tune and Tones\Documents\traindata\IMG\center_2026_08_02_19_59_36_286.jpg;0
C:\Users\Tune and Tones\Documents\traindata\IMG\center_2026_08_02_19_59_36_364.jpg;0
C:\Users\Tune and Tones\Documents\traindata\IMG\center_2026_08_02_19_59_36_451.jpg;0
C:\Users\Tune and Tones\Documents\traindata\IMG\center_2026_08_02_19_59_36_529.jpg;0
C:\Users\Tune and Tones\Documents\traindata\IMG\center_2026_08_02_19_59_36_609.jpg;0
C:\Users\Tune and Tones\Documents\traindata\IMG\center_2026_08_02_19_59_36_687.jpg;0
C:\Users\Tune and Tones\Documents\traindata\IMG\center_2026_08_02_19_59_36_768.jpg;0
C:\Users\Tune and Tones\Documents\traindata\IMG\center_2026_08_02_19_59_36_846.jpg;0
C:\Users\Tune and Tones\Documents\traindata\IMG\center_2026_08_02_19_59_36_928.jpg;0
C:\Users\Tune and Tones\Documents\traindata\IMG\center_2026_08_02_19_59_37_004.jpg;0
C:\Users\Tune and Tones\Documents\traindata\IMG\center_2026_08_02_19_59_37_080.jpg;0
C:\Users\Tune and Tones\Documents\traindata\IMG\center_2026_08_02_19_59_37_153.jpg;0
C:\Users\Tune and Tones\Documents\traindata\IMG\center_2026_08_02_19_59_37_230.jpg;0
C:\Users\Tune and Tones\Documents\traindata\IMG\center_2026_08_02_19_59_37_315.jpg;0
C:\Users\Tune and Tones\Documents\traindata\IMG\center_2026_08_02_19_59_37_395.jpg;0
C:\Users\Tune and Tones\Documents\traindata\IMG\center_2026_08_02_19_59_37_473.jpg;0
C:\Users\Tune and Tones\Documents\traindata\IMG\center_2026_08_02_19_59_37_548.jpg;0
C:\Users\Tune and Tones\Documents\traindata\IMG\center_2026_08_02_19_59_37_630.jpg;0
C:\Users\Tune and Tones\Documents\traindata\IMG\center_2026_08_02_19_59_37_707.jpg;0
C:\Users\Tune and Tones\Documents\traindata\IMG\center_2026_08_02_19_59_37_786.jpg;0
C:\Users\Tune and Tones\Documents\traindata\IMG\center_2026_08_02_19_59_37_865.jpg;0
C:\Users\Tune and Tones\Documents\traindata\IMG\center_2026_08_02_19_59_37_944.jpg;0
C:\Users\Tune and Tones\Documents\traindata\IMG\center_2026_08_02_19_59_38_021.jpg;0
C:\Users\Tune and Tones\Documents\traindata\IMG\center_2026_08_02_19_59_38_098.jpg;0
C:\Users\Tune and Tones\Documents\traindata\IMG\center_2026_08_02_19_59_38_178.jpg;0
C:\Users\Tune and Tones\Documents\traindata\IMG\center_2026_08_02_19_59_38_256.jpg;0
C:\Users\Tune and Tones\Documents\traindata\IMG\center_2026_08_02_19_59_38_335.jpg;0
C:\Users\Tune and Tones\Documents\traindata\IMG\center_2026_08_02_19_59_38_414.jpg;0
C:\Users\Tune and Tones\Documents\traindata\IMG\center_2026_08_02_19_59_38_493.jpg;0
C:\Users\Tune and Tones\Documents\traindata\IMG\center_2026_08_02_19_59_38_572.jpg;0
C:\Users\Tune and Tones\Documents\traindata\IMG\center_2026_08_02_19_59_38_649.jpg;0
C:\Users\Tune and Tones\Documents\traindata\IMG\center_2026_08_02_19_59_38_729.jpg;0
C:\Users\Tune and Tones\Documents\traindata\IMG\center_2026_08_02_19_59_38_807.jpg;0
C:\Users\Tune and Tones\Documents\traindata\IMG\center_2026_08_02_19_59_38_882.jpg;0
C:\Users\Tune and Tones\Documents\traindata\IMG\center_2026_08_02_19_59_38_961.jpg;0
C:\Users\Tune and Tones\Documents\traindata\IMG\center_2026_08_02_19_59_39_042.jpg;0
C:\Users\Tune and Tones\Documents\traindata\IMG\center_2026_08_02_19_59_39_118.jpg;0
C:\Users\Tune and Tones\Documents\traindata\IMG\center_2026_08_02_19_59_39_196.jpg;0
C:\Users\Tune and Tones\Documents\traindata\IMG\center_2026_08_02_19_59_39_277.jpg;0
C:\Users\Tune and Tones\Documents\traindata\IMG\center_2026_08_02_19_59_39_353.jpg;0
C:\Users\Tune and Tones\Documents\traindata\IMG\center_2026_08_02_19_59_39_430.jpg;0
C:\Users\Tune and Tones\Documents\traindata\IMG\center_2026_08_02_19_59_39_513.jpg;0
C:\Users\Tune and Tones\Documents\traindata\IMG\center_2026_08_02_19_59_39_589.jpg;0
C:\Users\Tune and Tones\Documents\traindata\IMG\center_2026_08_02_19_59_39_670.jpg;0
C:\Users\Tune and Tones\Documents\traindata\IMG\center_2026_08_02_19_59_39_749.jpg;0
C:\Users\Tune and Tones\Documents\traindata\IMG\center_2026_08_02_19_59_39_829.jpg;0
C:\Users\Tune and Tones\Documents\traindata\IMG\center_2026_08_02_19_59_39_909.jpg;0
C:\Users\Tune and Tones\Documents\traindata\IMG\center_2026_08_02_19_59_39_991.jpg;0
C:\Users\Tune and Tones\Documents\traindata\IMG\center_2026_08_02_19_59_40_071.jpg;0
C:\Users\Tune and Tones\Documents\traindata\IMG\center_2026_08_02_19_59_40_147.jpg;0
C:\Users\Tune and Tones\Documents\traindata\IMG\center_2026_08_02_19_59_40_227.jpg;0
C:\Users\Tune and Tones\Documents\traindata\IMG\center_2026_08_02_19_59_40_309.jpg;0
C:\Users\Tune and Tones\Documents\traindata\IMG\center_2026_08_02_19_59_40_390.jpg;0
C:\Users\Tune and Tones\Documents\traindata\IMG\center_2026_08_02_19_59_40_470.jpg;0
C:\Users\Tune and Tones\Documents\traindata\IMG\center_2026_08_02_19_59_40_547.jpg;0
C:\Users\Tune and Tones\Documents\traindata\IMG\center_2026_08_02_19_59_40_632.jpg;0
C:\Users\Tune and Tones\Documents\traindata\IMG\center_2026_08_02_19_59_40_711.jpg;0
C:\Users\Tune and Tones\Documents\traindata\IMG\center_2026_08_02_19_59_40_792.jpg;0
C:\Users\Tune and Tones\Documents\traindata\IMG\center_2026_08_02_19_59_40_873.jpg;0
C:\Users\Tune and Tones\Documents\traindata\IMG\center_2026_08_02_19_59_40_956.jpg;0
C:\Users\Tune and Tones\Documents\traindata\IMG\center_2026_08_02_19_59_41_037.jpg;0
C:\Users\Tune and Tones\Documents\traindata\IMG\center_2026_08_02_19_59_41_117.jpg;0
C:\Users\Tune and Tones\Documents\traindata\IMG\center_2026_08_02_19_59_41_199.jpg;0
C:\Users\Tune and Tones\Documents\traindata\IMG\center_2026_08_02_19_59_41_282.jpg;0
C:\Users\Tune and Tones\Documents\traindata\IMG\center_2026_08_02_19_59_41_366.jpg;0
C:\Users\Tune and Tones\Documents\traindata\IMG\center_2026_08_02_19_59_41_449.jpg;0
C:\Users\Tune and Tones\Documents\traindata\IMG\center_2026_08_02_19_59_41_529.jpg;0
C:\Users\Tune and Tones\Documents\traindata\IMG\center_2026_08_02_19_59_41_612.jpg;0
C:\Users\Tune and Tones\Documents\traindata\IMG\center_2026_08_02_19_59_41_694.jpg;0
C:\Users\Tune and Tones\Documents\traindata\IMG\center_2026_08_02_19_59_41_782.jpg;0
C:\Users\Tune and Tones\Documents\traindata\IMG\center_2026_08_02_19_59_41_866.jpg;0
C:\Users\Tune and Tones\Documents\traindata\IMG\center_2026_08_02_19_59_41_952.jpg;0
C:\Users\Tune and Tones\Documents\traindata\IMG\center_2026_08_02_19_59_42_035.jpg;0
C:\Users\Tune and Tones\Documents\traindata\IMG\center_2026_08_02_19_59_42_122.jpg;0.2
C:\Users\Tune and Tones\Documents\traindata\IMG\center_2026_08_02_19_59_42_210.jpg;0
C:\Users\Tune and Tones\Documents\traindata\IMG\center_2026_08_02_19_59_42_291.jpg;0
C:\Users\Tune and Tones\Documents\traindata\IMG\center_2026_08_02_19_59_42_371.jpg;0
C:\Users\Tune and Tones\Documents\traindata\IMG\center_2026_08_02_19_59_42_460.jpg;0
C:\Users\Tune and Tones\Documents\traindata\IMG\center_2026_08_02_19_59_42_542.jpg;0
C:\Users\Tune and Tones\Documents\traindata\IMG\center_2026_08_02_19_59_42_627.jpg;0
C:\Users\Tune and Tones\Documents\traindata\IMG\center_2026_08_02_19_59_42_714.jpg;0
C:\Users\Tune and Tones\Documents\traindata\IMG\center_2026_08_02_19_59_42_799.jpg;0
C:\Users\Tune and Tones\Documents\traindata\IMG\center_2026_08_02_19_59_42_888.jpg;0
C:\Users\Tune and Tones\Documents\traindata\IMG\center_2026_08_02_19_59_42_970.jpg;0.2
C:\Users\Tune and Tones\Documents\traindata\IMG\center_2026_08_02_19_59_43_055.jpg;0.4
C:\Users\Tune and Tones\Documents\traindata\IMG\center_2026_08_02_19_59_43_140.jpg;0
C:\Users\Tune and Tones\Documents\traindata\IMG\center_2026_08_02_19_59_43_228.jpg;0
C:\Users\Tune and Tones\Documents\traindata\IMG\center_2026_08_02_19_59_43_313.jpg;0
C:\Users\Tune and Tones\Documents\traindata\IMG\center_2026_08_02_19_59_43_398.jpg;0
C:\Users\Tune and Tones\Documents\traindata\IMG\center_2026_08_02_19_59_43_487.jpg;0
C:\Users\Tune and Tones\Documents\traindata\IMG\center_2026_08_02_19_59_43_571.jpg;0
C:\Users\Tune and Tones\Documents\traindata\IMG\center_2026_08_02_19_59_43_659.jpg;0
C:\Users\Tune and Tones\Documents\traindata\IMG\center_2026_08_02_19_59_43_748.jpg;0
C:\Users\Tune and Tones\Documents\traindata\IMG\center_2026_08_02_19_59_43_836.jpg;0
C:\Users\Tune and Tones\Documents\traindata\IMG\center_2026_08_02_19_59_43_925.jpg;0.2
C:\Users\Tune and Tones\Documents\traindata\IMG\center_2026_08_02_19_59_44_016.jpg;0.45
C:\Users\Tune and Tones\Documents\traindata\IMG\center_2026_08_02_19_59_44_105.jpg;0
C:\Users\Tune and Tones\Documents\traindata\IMG\center_2026_08_02_19_59_44_200.jpg;0
C:\Users\Tune and Tones\Documents\traindata\IMG\center_2026_08_02_19_59_44_294.jpg;0
C:\Users\Tune and Tones\Documents\traindata\IMG\center_2026_08_02_19_59_44_385.jpg;0
C:\Users\Tune and Tones\Documents\traindata\IMG\center_2026_08_02_19_59_44_485.jpg;0
C:\Users\Tune and Tones\Documents\traindata\IMG\center_2026_08_02_19_59_44_570.jpg;0
C:\Users\Tune and Tones\Documents\traindata\IMG\center_2026_08_02_19_59_44_662.jpg;0
C:\Users\Tune and Tones\Documents\traindata\IMG\center_2026_08_02_19_59_44_757.jpg;0
C:\Users\Tune and Tones\Documents\traindata\IMG\center_2026_08_02_19_59_44_850.jpg;0
C:\Users\Tune and Tones\Documents\traindata\IMG\center_2026_08_02_19_59_44_949.jpg;0
C:\Users\Tune and Tones\Documents\traindata\IMG\center_2026_08_02_19_59_45_043.jpg;0
C:\Users\Tune and Tones\Documents\traindata\IMG\center_2026_08_02_19_59_45_134.jpg;0
C:\Users\Tune and Tones\Documents\traindata\IMG\center_2026_08_02_19_59_45_227.jpg;0
C:\Users\Tune and Tones\Documents\traindata\IMG\center_2026_08_02_19_59_45_323.jpg;0
C:\Users\Tune and Tones\Documents\traindata\IMG\center_2026_08_02_19_59_45_421.jpg;0
C:\Users\Tune and Tones\Documents\traindata\IMG\center_2026_08_02_19_59_45_514.jpg;0
C:\Users\Tune and Tones\Documents\traindata\IMG\center_2026_08_02_19_59_45_609.jpg;0
C:\Users\Tune and Tones\Documents\traindata\IMG\center_2026_08_02_19_59_45_707.jpg;0
C:\Users\Tune and Tones\Documents\traindata\IMG\center_2026_08_02_19_59_45_807.jpg;0
C:\Users\Tune and Tones\Documents\traindata\IMG\center_2026_08_02_19_59_45_904.jpg;0
C:\Users\Tune and Tones\Documents\traindata\IMG\center_2026_08_02_19_59_46_003.jpg;0
C:\Users\Tune and Tones\Documents\traindata\IMG\center_2026_08_02_19_59_46_100.jpg;0
C:\Users\Tune and Tones\Documents\traindata\IMG\center_2026_08_02_19_59_46_199.jpg;0
C:\Users\Tune and Tones\Documents\traindata\IMG\center_2026_08_02_19_59_46_289.jpg;0
C:\Users\Tune and Tones\Documents\traindata\IMG\center_2026_08_02_19_59_46_388.jpg;0.25
C:\Users\Tune and Tones\Documents\traindata\IMG\center_2026_08_02_19_59_46_487.jpg;0.5000001
C:\Users\Tune and Tones\Documents\traindata\IMG\center_2026_08_02_19_59_46_590.jpg;0
C:\Users\Tune and Tones\Documents\traindata\IMG\center_2026_08_02_19_59_46_691.jpg;0
C:\Users\Tune and Tones\Documents\traindata\IMG\center_2026_08_02_19_59_46_790.jpg;0
C:\Users\Tune and Tones\Documents\traindata\IMG\center_2026_08_02_19_59_46_889.jpg;0
C:\Users\Tune and Tones\Documents\traindata\IMG\center_2026_08_02_19_59_46_987.jpg;0
C:\Users\Tune and Tones\Documents\traindata\IMG\center_2026_08_02_19_59_47_087.jpg;0
C:\Users\Tune and Tones\Documents\traindata\IMG\center_2026_08_02_19_59_47_182.jpg;0
C:\Users\Tune and Tones\Documents\traindata\IMG\center_2026_08_02_19_59_47_279.jpg;0
C:\Users\Tune and Tones\Documents\traindata\IMG\center_2026_08_02_19_59_47_375.jpg;0
C:\Users\Tune and Tones\Documents\traindata\IMG\center_2026_08_02_19_59_47_473.jpg;0
C:\Users\Tune and Tones\Documents\traindata\IMG\center_2026_08_02_19_59_47_568.jpg;0.25
C:\Users\Tune and Tones\Documents\traindata\IMG\center_2026_08_02_19_59_47_666.jpg;0.45
C:\Users\Tune and Tones\Documents\traindata\IMG\center_2026_08_02_19_59_47_758.jpg;0
C:\Users\Tune and Tones\Documents\traindata\IMG\center_2026_08_02_19_59_47_856.jpg;0
C:\Users\Tune and Tones\Documents\traindata\IMG\center_2026_08_02_19_59_47_957.jpg;0
C:\Users\Tune and Tones\Documents\traindata\IMG\center_2026_08_02_19_59_48_049.jpg;0
C:\Users\Tune and Tones\Documents\traindata\IMG\center_2026_08_02_19_59_48_148.jpg;0
C:\Users\Tune and Tones\Documents\traindata\IMG\center_2026_08_02_19_59_48_244.jpg;0
C:\Users\Tune and Tones\Documents\traindata\IMG\center_2026_08_02_19_59_48_341.jpg;0
C:\Users\Tune and Tones\Documents\traindata\IMG\center_2026_08_02_19_59_48_437.jpg;0
C:\Users\Tune and Tones\Documents\traindata\IMG\center_2026_08_02_19_59_48_536.jpg;0
C:\Users\Tune and Tones\Documents\traindata\IMG\center_2026_08_02_19_59_48_635.jpg;0
C:\Users\Tune and Tones\Documents\traindata\IMG\center_2026_08_02_19_59_48_733.jpg;0
C:\Users\Tune and Tones\Documents\traindata\IMG\center_2026_08_02_19_59_48_834.jpg;0
C:\Users\Tune and Tones\Documents\traindata\IMG\center_2026_08_02_19_59_48_928.jpg;0
C:\Users\Tune and Tones\Documents\traindata\IMG\center_2026_08_02_19_59_49_030.jpg;0
C:\Users\Tune and Tones\Documents\traindata\IMG\center_2026_08_02_19_59_49_130.jpg;0
C:\Users\Tune and Tones\Documents\traindata\IMG\center_2026_08_02_19_59_49_228.jpg;0
C:\Users\Tune and Tones\Documents\traindata\IMG\center_2026_08_02_19_59_49_323.jpg;0
C:\Users\Tune and Tones\Documents\traindata\IMG\center_2026_08_02_19_59_49_425.jpg;0.25
C:\Users\Tune and Tones\Documents\traindata\IMG\center_2026_08_02_19_59_49_527.jpg;0.5500001
C:\Users\Tune and Tones\Documents\traindata\IMG\center_2026_08_02_19_59_49_632.jpg;0
C:\Users\Tune and Tones\Documents\traindata\IMG\center_2026_08_02_19_59_49_744.jpg;0
C:\Users\Tune and Tones\Documents\traindata\IMG\center_2026_08_02_19_59_49_847.jpg;0
C:\Users\Tune and Tones\Documents\traindata\IMG\center_2026_08_02_19_59_49_950.jpg;0
C:\Users\Tune and Tones\Documents\traindata\IMG\center_2026_08_02_19_59_50_054.jpg;0
C:\Users\Tune and Tones\Documents\traindata\IMG\center_2026_08_02_19_59_50_160.jpg;0
C:\Users\Tune and Tones\Documents\traindata\IMG\center_2026_08_02_19_59_50_266.jpg;0
C:\Users\Tune and Tones\Documents\traindata\IMG\center_2026_08_02_19_59_50_374.jpg;0
C:\Users\Tune and Tones\Documents\traindata\IMG\center_2026_08_02_19_59_50_480.jpg;0.25
C:\Users\Tune and Tones\Documents\traindata\IMG\center_2026_08_02_19_59_50_586.jpg;0.5000001
C:\Users\Tune and Tones\Documents\traindata\IMG\center_2026_08_02_19_59_50_693.jpg;0
C:\Users\Tune and Tones\Documents\traindata\IMG\center_2026_08_02_19_59_50_800.jpg;0
C:\Users\Tune and Tones\Documents\traindata\IMG\center_2026_08_02_19_59_50_910.jpg;0
C:\Users\Tune and Tones\Documents\traindata\IMG\center_2026_08_02_19_59_51_018.jpg;0
C:\Users\Tune and Tones\Documents\traindata\IMG\center_2026_08_02_19_59_51_128.jpg;0
C:\Users\Tune and Tones\Documents\traindata\IMG\center_2026_08_02_19_59_51_237.jpg;0
C:\Users\Tune and Tones\Documents\traindata\IMG\center_2026_08_02_19_59_51_353.jpg;0.3
C:\Users\Tune and Tones\Documents\traindata\IMG\center_2026_08_02_19_59_51_458.jpg;0.5500001
C:\Users\Tune and Tones\Documents\traindata\IMG\center_2026_08_02_19_59_51_569.jpg;0.8500001
C:\Users\Tune and Tones\Documents\traindata\IMG\center_2026_08_02_19_59_51_681.jpg;1
C:\Users\Tune and Tones\Documents\traindata\IMG\center_2026_08_02_19_59_51_803.jpg;0
C:\Users\Tune and Tones\Documents\traindata\IMG\center_2026_08_02_19_59_51_907.jpg;0
C:\Users\Tune and Tones\Documents\traindata\IMG\center_2026_08_02_19_59_52_019.jpg;0
C:\Users\Tune and Tones\Documents\traindata\IMG\center_2026_08_02_19_59_52_138.jpg;0
C:\Users\Tune and Tones\Documents\traindata\IMG\center_2026_08_02_19_59_52_255.jpg;0.3
C:\Users\Tune and Tones\Documents\traindata\IMG\center_2026_08_02_19_59_52_365.jpg;0.5500001
C:\Users\Tune and Tones\Documents\traindata\IMG\center_2026_08_02_19_59_52_481.jpg;0
C:\Users\Tune and Tones\Documents\traindata\IMG\center_2026_08_02_19_59_52_588.jpg;0
C:\Users\Tune and Tones\Documents\traindata\IMG\center_2026_08_02_19_59_52_693.jpg;-0.25
C:\Users\Tune and Tones\Documents\traindata\IMG\center_2026_08_02_19_59_52_805.jpg;0
C:\Users\Tune and Tones\Documents\traindata\IMG\center_2026_08_02_19_59_52_909.jpg;0
C:\Users\Tune and Tones\Documents\traindata\IMG\center_2026_08_02_19_59_53_021.jpg;0
C:\Users\Tune and Tones\Documents\traindata\IMG\center_2026_08_02_19_59_53_122.jpg;0
C:\Users\Tune and Tones\Documents\traindata\IMG\center_2026_08_02_19_59_53_231.jpg;0
C:\Users\Tune and Tones\Documents\traindata\IMG\center_2026_08_02_19_59_53_339.jpg;0
C:\Users\Tune and Tones\Documents\traindata\IMG\center_2026_08_02_19_59_53_445.jpg;0
C:\Users\Tune and Tones\Documents\traindata\IMG\center_2026_08_02_19_59_53_558.jpg;0
C:\Users\Tune and Tones\Documents\traindata\IMG\center_2026_08_02_19_59_53_659.jpg;0
C:\Users\Tune and Tones\Documents\traindata\IMG\center_2026_08_02_19_59_53_760.jpg;0
C:\Users\Tune and Tones\Documents\traindata\IMG\center_2026_08_02_19_59_53_876.jpg;0
C:\Users\Tune and Tones\Documents\traindata\IMG\center_2026_08_02_19_59_53_979.jpg;0
C:\Users\Tune and Tones\Documents\traindata\IMG\center_2026_08_02_19_59_54_087.jpg;0
C:\Users\Tune and Tones\Documents\traindata\IMG\center_2026_08_02_19_59_54_208.jpg;0.25
C:\Users\Tune and Tones\Documents\traindata\IMG\center_2026_08_02_19_59_54_318.jpg;0.5500001
C:\Users\Tune and Tones\Documents\traindata\IMG\center_2026_08_02_19_59_54_424.jpg;0.8000001
C:\Users\Tune and Tones\Documents\traindata\IMG\center_2026_08_02_19_59_54_537.jpg;0
C:\Users\Tune and Tones\Documents\traindata\IMG\center_2026_08_02_19_59_54_647.jpg;0
C:\Users\Tune and Tones\Documents\traindata\IMG\center_2026_08_02_19_59_54_754.jpg;0
C:\Users\Tune and Tones\Documents\traindata\IMG\center_2026_08_02_19_59_54_858.jpg;0
C:\Users\Tune and Tones\Documents\traindata\IMG\center_2026_08_02_19_59_54_963.jpg;0
C:\Users\Tune and Tones\Documents\traindata\IMG\center_2026_08_02_19_59_55_066.jpg;0
C:\Users\Tune and Tones\Documents\traindata\IMG\center_2026_08_02_19_59_55_166.jpg;0
C:\Users\Tune and Tones\Documents\traindata\IMG\center_2026_08_02_19_59_55_251.jpg;0
C:\Users\Tune and Tones\Documents\traindata\IMG\center_2026_08_02_19_59_55_350.jpg;0
C:\Users\Tune and Tones\Documents\traindata\IMG\center_2026_08_02_19_59_55_466.jpg;0
C:\Users\Tune and Tones\Documents\traindata\IMG\center_2026_08_02_19_59_55_550.jpg;0
C:\Users\Tune and Tones\Documents\traindata\IMG\center_2026_08_02_19_59_55_657.jpg;0
C:\Users\Tune and Tones\Documents\traindata\IMG\center_2026_08_02_19_59_55_754.jpg;0
C:\Users\Tune and Tones\Documents\traindata\IMG\center_2026_08_02_19_59_55_862.jpg;0
C:\Users\Tune and Tones\Documents\traindata\IMG\center_2026_08_02_19_59_55_956.jpg;0
C:\Users\Tune and Tones\Documents\traindata\IMG\center_2026_08_02_19_59_56_058.jpg;0
C:\Users\Tune and Tones\Documents\traindata\IMG\center_2026_08_02_19_59_56_163.jpg;0
C:\Users\Tune and Tones\Documents\traindata\IMG\center_2026_08_02_19_59_56_257.jpg;0
C:\Users\Tune and Tones\Documents\traindata\IMG\center_2026_08_02_19_59_56_358.jpg;0.25
C:\Users\Tune and Tones\Documents\traindata\IMG\center_2026_08_02_19_59_56_459.jpg;0.5000001
C:\Users\Tune and Tones\Documents\traindata\IMG\center_2026_08_02_19_59_56_558.jpg;0
C:\Users\Tune and Tones\Documents\traindata\IMG\center_2026_08_02_19_59_56_659.jpg;0
C:\Users\Tune and Tones\Documents\traindata\IMG\center_2026_08_02_19_59_56_759.jpg;0
C:\Users\Tune and Tones\Documents\traindata\IMG\center_2026_08_02_19_59_56_857.jpg;0
C:\Users\Tune and Tones\Documents\traindata\IMG\center_2026_08_02_19_59_56_957.jpg;0
C:\Users\Tune and Tones\Documents\traindata\IMG\center_2026_08_02_19_59_57_056.jpg;0
C:\Users\Tune and Tones\Documents\traindata\IMG\center_2026_08_02_19_59_57_154.jpg;0
C:\Users\Tune and Tones\Documents\traindata\IMG\center_2026_08_02_19_59_57_256.jpg;0
C:\Users\Tune and Tones\Documents\traindata\IMG\center_2026_08_02_19_59_57_353.jpg;0.25
C:\Users\Tune and Tones\Documents\traindata\IMG\center_2026_08_02_19_59_57_452.jpg;0.5000001
C:\Users\Tune and Tones\Documents\traindata\IMG\center_2026_08_02_19_59_57_558.jpg;0.7500002
C:\Users\Tune and Tones\Documents\traindata\IMG\center_2026_08_02_19_59_57_654.jpg;0
C:\Users\Tune and Tones\Documents\traindata\IMG\center_2026_08_02_19_59_57_750.jpg;0
C:\Users\Tune and Tones\Documents\traindata\IMG\center_2026_08_02_19_59_57_850.jpg;0
C:\Users\Tune and Tones\Documents\traindata\IMG\center_2026_08_02_19_59_57_945.jpg;0
C:\Users\Tune and Tones\Documents\traindata\IMG\center_2026_08_02_19_59_58_036.jpg;0
C:\Users\Tune and Tones\Documents\traindata\IMG\center_2026_08_02_19_59_58_125.jpg;0
C:\Users\Tune and Tones\Documents\traindata\IMG\center_2026_08_02_19_59_58_217.jpg;0
C:\Users\Tune and Tones\Documents\traindata\IMG\center_2026_08_02_19_59_58_312.jpg;0
C:\Users\Tune and Tones\Documents\traindata\IMG\center_2026_08_02_19_59_58_401.jpg;0
C:\Users\Tune and Tones\Documents\traindata\IMG\center_2026_08_02_19_59_58_492.jpg;0.25
C:\Users\Tune and Tones\Documents\traindata\IMG\center_2026_08_02_19_59_58_584.jpg;0.45
C:\Users\Tune and Tones\Documents\traindata\IMG\center_2026_08_02_19_59_58_676.jpg;0
C:\Users\Tune and Tones\Documents\traindata\IMG\center_2026_08_02_19_59_58_766.jpg;0
C:\Users\Tune and Tones\Documents\traindata\IMG\center_2026_08_02_19_59_58_857.jpg;0
C:\Users\Tune and Tones\Documents\traindata\IMG\center_2026_08_02_19_59_58_947.jpg;0
C:\Users\Tune and Tones\Documents\traindata\IMG\center_2026_08_02_19_59_59_035.jpg;0
C:\Users\Tune and Tones\Documents\traindata\IMG\center_2026_08_02_19_59_59_121.jpg;0
C:\Users\Tune and Tones\Documents\traindata\IMG\center_2026_08_02_19_59_59_213.jpg;0
C:\Users\Tune and Tones\Documents\traindata\IMG\center_2026_08_02_19_59_59_300.jpg;0
C:\Users\Tune and Tones\Documents\traindata\IMG\center_2026_08_02_19_59_59_383.jpg;0
C:\Users\Tune and Tones\Documents\traindata\IMG\center_2026_08_02_19_59_59_481.jpg;0
C:\Users\Tune and Tones\Documents\traindata\IMG\center_2026_08_02_19_59_59_561.jpg;0
C:\Users\Tune and Tones\Documents\traindata\IMG\center_2026_08_02_19_59_59_656.jpg;0
C:\Users\Tune and Tones\Documents\traindata\IMG\center_2026_08_02_19_59_59_733.jpg;0
C:\Users\Tune and Tones\Documents\traindata\IMG\center_2026_08_02_19_59_59_812.jpg;0
C:\Users\Tune and Tones\Documents\traindata\IMG\center_2026_08_02_19_59_59_896.jpg;0
C:\Users\Tune and Tones\Documents\traindata\IMG\center_2026_08_02_19_59_59_981.jpg;0
C:\Users\Tune and Tones\Documents\traindata\IMG\center_2026_08_02_20_00_00_070.jpg;0
C:\Users\Tune and Tones\Documents\traindata\IMG\center_2026_08_02_20_00_00_155.jpg;0
C:\Users\Tune and Tones\Documents\traindata\IMG\center_2026_08_02_20_00_00_241.jpg;0.2
C:\Users\Tune and Tones\Documents\traindata\IMG\center_2026_08_02_20_00_00_325.jpg;0.4
C:\Users\Tune and Tones\Documents\traindata\IMG\center_2026_08_02_20_00_00_420.jpg;0
C:\Users\Tune and Tones\Documents\traindata\IMG\center_2026_08_02_20_00_00_501.jpg;0
C:\Users\Tune and Tones\Documents\traindata\IMG\center_2026_08_02_20_00_00_592.jpg;0
C:\Users\Tune and Tones\Documents\traindata\IMG\center_2026_08_02_20_00_00_667.jpg;0
C:\Users\Tune and Tones\Documents\traindata\IMG\center_2026_08_02_20_00_00_749.jpg;0
C:\Users\Tune and Tones\Documents\traindata\IMG\center_2026_08_02_20_00_00_833.jpg;0
C:\Users\Tune and Tones\Documents\traindata\IMG\center_2026_08_02_20_00_00_922.jpg;0
C:\Users\Tune and Tones\Documents\traindata\IMG\center_2026_08_02_20_00_01_002.jpg;0
C:\Users\Tune and Tones\Documents\traindata\IMG\center_2026_08_02_20_00_01_087.jpg;0
C:\Users\Tune and Tones\Documents\traindata\IMG\center_2026_08_02_20_00_01_166.jpg;0
C:\Users\Tune and Tones\Documents\traindata\IMG\center_2026_08_02_20_00_01_247.jpg;0
C:\Users\Tune and Tones\Documents\traindata\IMG\center_2026_08_02_20_00_01_334.jpg;0
C:\Users\Tune and Tones\Documents\traindata\IMG\center_2026_08_02_20_00_01_415.jpg;0.2
C:\Users\Tune and Tones\Documents\traindata\IMG\center_2026_08_02_20_00_01_498.jpg;0.4
C:\Users\Tune and Tones\Documents\traindata\IMG\center_2026_08_02_20_00_01_580.jpg;0.6000001
C:\Users\Tune and Tones\Documents\traindata\IMG\center_2026_08_02_20_00_01_658.jpg;0
C:\Users\Tune and Tones\Documents\traindata\IMG\center_2026_08_02_20_00_01_740.jpg;0
C:\Users\Tune and Tones\Documents\traindata\IMG\center_2026_08_02_20_00_01_821.jpg;0
C:\Users\Tune and Tones\Documents\traindata\IMG\center_2026_08_02_20_00_01_903.jpg;0
C:\Users\Tune and Tones\Documents\traindata\IMG\center_2026_08_02_20_00_01_982.jpg;0
C:\Users\Tune and Tones\Documents\traindata\IMG\center_2026_08_02_20_00_02_074.jpg;0
C:\Users\Tune and Tones\Documents\traindata\IMG\center_2026_08_02_20_00_02_146.jpg;0
C:\Users\Tune and Tones\Documents\traindata\IMG\center_2026_08_02_20_00_02_232.jpg;0
C:\Users\Tune and Tones\Documents\traindata\IMG\center_2026_08_02_20_00_02_304.jpg;-0.15
C:\Users\Tune and Tones\Documents\traindata\IMG\center_2026_08_02_20_00_02_389.jpg;-0.4
C:\Users\Tune and Tones\Documents\traindata\IMG\center_2026_08_02_20_00_02_467.jpg;0
C:\Users\Tune and Tones\Documents\traindata\IMG\center_2026_08_02_20_00_02_542.jpg;0
C:\Users\Tune and Tones\Documents\traindata\IMG\center_2026_08_02_20_00_02_622.jpg;0
C:\Users\Tune and Tones\Documents\traindata\IMG\center_2026_08_02_20_00_02_700.jpg;0
C:\Users\Tune and Tones\Documents\traindata\IMG\center_2026_08_02_20_00_02_777.jpg;0
C:\Users\Tune and Tones\Documents\traindata\IMG\center_2026_08_02_20_00_02_862.jpg;0
C:\Users\Tune and Tones\Documents\traindata\IMG\center_2026_08_02_20_00_02_944.jpg;0
C:\Users\Tune and Tones\Documents\traindata\IMG\center_2026_08_02_20_00_03_019.jpg;0
C:\Users\Tune and Tones\Documents\traindata\IMG\center_2026_08_02_20_00_03_099.jpg;0
C:\Users\Tune and Tones\Documents\traindata\IMG\center_2026_08_02_20_00_03_179.jpg;0
C:\Users\Tune and Tones\Documents\traindata\IMG\center_2026_08_02_20_00_03_258.jpg;0
C:\Users\Tune and Tones\Documents\traindata\IMG\center_2026_08_02_20_00_03_336.jpg;0
C:\Users\Tune and Tones\Documents\traindata\IMG\center_2026_08_02_20_00_03_417.jpg;0
C:\Users\Tune and Tones\Documents\traindata\IMG\center_2026_08_02_20_00_03_493.jpg;0
C:\Users\Tune and Tones\Documents\traindata\IMG\center_2026_08_02_20_00_03_574.jpg;0
C:\Users\Tune and Tones\Documents\traindata\IMG\center_2026_08_02_20_00_03_653.jpg;0
C:\Users\Tune and Tones\Documents\traindata\IMG\center_2026_08_02_20_00_03_732.jpg;0
C:\Users\Tune and Tones\Documents\traindata\IMG\center_2026_08_02_20_00_03_816.jpg;0
C:\Users\Tune and Tones\Documents\traindata\IMG\center_2026_08_02_20_00_03_893.jpg;0
C:\Users\Tune and Tones\Documents\traindata\IMG\center_2026_08_02_20_00_03_971.jpg;0
C:\Users\Tune and Tones\Documents\traindata\IMG\center_2026_08_02_20_00_04_049.jpg;0
C:\Users\Tune and Tones\Documents\traindata\IMG\center_2026_08_02_20_00_04_126.jpg;0
C:\Users\Tune and Tones\Documents\traindata\IMG\center_2026_08_02_20_00_04_209.jpg;0
C:\Users\Tune and Tones\Documents\traindata\IMG\center_2026_08_02_20_00_04_289.jpg;0
C:\Users\Tune and Tones\Documents\traindata\IMG\center_2026_08_02_20_00_04_369.jpg;0
C:\Users\Tune and Tones\Documents\traindata\IMG\center_2026_08_02_20_00_04_448.jpg;0
C:\Users\Tune and Tones\Documents\traindata\IMG\center_2026_08_02_20_00_04_528.jpg;0
C:\Users\Tune and Tones\Documents\traindata\IMG\center_2026_08_02_20_00_04_607.jpg;0
C:\Users\Tune and Tones\Documents\traindata\IMG\center_2026_08_02_20_00_04_687.jpg;0
C:\Users\Tune and Tones\Documents\traindata\IMG\center_2026_08_02_20_00_04_766.jpg;0
C:\Users\Tune and Tones\Documents\traindata\IMG\center_2026_08_02_20_00_04_845.jpg;0
C:\Users\Tune and Tones\Documents\traindata\IMG\center_2026_08_02_20_00_04_929.jpg;0.25
C:\Users\Tune and Tones\Documents\traindata\IMG\center_2026_08_02_20_00_05_006.jpg;0.45
C:\Users\Tune and Tones\Documents\traindata\IMG\center_2026_08_02_20_00_05_086.jpg;0
C:\Users\Tune and Tones\Documents\traindata\IMG\center_2026_08_02_20_00_05_166.jpg;0
C:\Users\Tune and Tones\Documents\traindata\IMG\center_2026_08_02_20_00_05_243.jpg;0
C:\Users\Tune and Tones\Documents\traindata\IMG\center_2026_08_02_20_00_05_326.jpg;0
C:\Users\Tune and Tones\Documents\traindata\IMG\center_2026_08_02_20_00_05_404.jpg;0
C:\Users\Tune and Tones\Documents\traindata\IMG\center_2026_08_02_20_00_05_476.jpg;0
C:\Users\Tune and Tones\Documents\traindata\IMG\center_2026_08_02_20_00_05_553.jpg;0
C:\Users\Tune and Tones\Documents\traindata\IMG\center_2026_08_02_20_00_05_635.jpg;0
C:\Users\Tune and Tones\Documents\traindata\IMG\center_2026_08_02_20_00_05_711.jpg;0
C:\Users\Tune and Tones\Documents\traindata\IMG\center_2026_08_02_20_00_05_787.jpg;0
C:\Users\Tune and Tones\Documents\traindata\IMG\center_2026_08_02_20_00_05_864.jpg;0
C:\Users\Tune and Tones\Documents\traindata\IMG\center_2026_08_02_20_00_05_944.jpg;0
C:\Users\Tune and Tones\Documents\traindata\IMG\center_2026_08_02_20_00_06_026.jpg;0.2
C:\Users\Tune and Tones\Documents\traindata\IMG\center_2026_08_02_20_00_06_102.jpg;0.4
C:\Users\Tune and Tones\Documents\traindata\IMG\center_2026_08_02_20_00_06_177.jpg;0
C:\Users\Tune and Tones\Documents\traindata\IMG\center_2026_08_02_20_00_06_250.jpg;0
C:\Users\Tune and Tones\Documents\traindata\IMG\center_2026_08_02_20_00_06_329.jpg;0
C:\Users\Tune and Tones\Documents\traindata\IMG\center_2026_08_02_20_00_06_407.jpg;0
C:\Users\Tune and Tones\Documents\traindata\IMG\center_2026_08_02_20_00_06_480.jpg;0
C:\Users\Tune and Tones\Documents\traindata\IMG\center_2026_08_02_20_00_06_560.jpg;0
C:\Users\Tune and Tones\Documents\traindata\IMG\center_2026_08_02_20_00_06_634.jpg;0
C:\Users\Tune and Tones\Documents\traindata\IMG\center_2026_08_02_20_00_06_707.jpg;0
C:\Users\Tune and Tones\Documents\traindata\IMG\center_2026_08_02_20_00_06_775.jpg;0
C:\Users\Tune and Tones\Documents\traindata\IMG\center_2026_08_02_20_00_06_856.jpg;0
C:\Users\Tune and Tones\Documents\traindata\IMG\center_2026_08_02_20_00_06_929.jpg;0
C:\Users\Tune and Tones\Documents\traindata\IMG\center_2026_08_02_20_00_07_005.jpg;0
C:\Users\Tune and Tones\Documents\traindata\IMG\center_2026_08_02_20_00_07_078.jpg;0
C:\Users\Tune and Tones\Documents\traindata\IMG\center_2026_08_02_20_00_07_153.jpg;0
C:\Users\Tune and Tones\Documents\traindata\IMG\center_2026_08_02_20_00_07_228.jpg;0
C:\Users\Tune and Tones\Documents\traindata\IMG\center_2026_08_02_20_00_07_297.jpg;0
C:\Users\Tune and Tones\Documents\traindata\IMG\center_2026_08_02_20_00_07_376.jpg;0
C:\Users\Tune and Tones\Documents\traindata\IMG\center_2026_08_02_20_00_07_451.jpg;0
C:\Users\Tune and Tones\Documents\traindata\IMG\center_2026_08_02_20_00_07_526.jpg;0
C:\Users\Tune and Tones\Documents\traindata\IMG\center_2026_08_02_20_00_07_596.jpg;0
C:\Users\Tune and Tones\Documents\traindata\IMG\center_2026_08_02_20_00_07_672.jpg;0
C:\Users\Tune and Tones\Documents\traindata\IMG\center_2026_08_02_20_00_07_745.jpg;0
C:\Users\Tune and Tones\Documents\traindata\IMG\center_2026_08_02_20_00_07_817.jpg;0
C:\Users\Tune and Tones\Documents\traindata\IMG\center_2026_08_02_20_00_07_894.jpg;0
C:\Users\Tune and Tones\Documents\traindata\IMG\center_2026_08_02_20_00_07_972.jpg;0
C:\Users\Tune and Tones\Documents\traindata\IMG\center_2026_08_02_20_00_08_049.jpg;0
C:\Users\Tune and Tones\Documents\traindata\IMG\center_2026_08_02_20_00_08_120.jpg;0
C:\Users\Tune and Tones\Documents\traindata\IMG\center_2026_08_02_20_00_08_191.jpg;0
C:\Users\Tune and Tones\Documents\traindata\IMG\center_2026_08_02_20_00_08_271.jpg;0
C:\Users\Tune and Tones\Documents\traindata\IMG\center_2026_08_02_20_00_08_348.jpg;0
C:\Users\Tune and Tones\Documents\traindata\IMG\center_2026_08_02_20_00_08_418.jpg;0
C:\Users\Tune and Tones\Documents\traindata\IMG\center_2026_08_02_20_00_08_496.jpg;0
C:\Users\Tune and Tones\Documents\traindata\IMG\center_2026_08_02_20_00_08_570.jpg;0
C:\Users\Tune and Tones\Documents\traindata\IMG\center_2026_08_02_20_00_08_649.jpg;0
C:\Users\Tune and Tones\Documents\traindata\IMG\center_2026_08_02_20_00_08_722.jpg;0
C:\Users\Tune and Tones\Documents\traindata\IMG\center_2026_08_02_20_00_08_796.jpg;0
C:\Users\Tune and Tones\Documents\traindata\IMG\center_2026_08_02_20_00_08_873.jpg;0
C:\Users\Tune and Tones\Documents\traindata\IMG\center_2026_08_02_20_00_08_948.jpg;0
C:\Users\Tune and Tones\Documents\traindata\IMG\center_2026_08_02_20_00_09_021.jpg;0
C:\Users\Tune and Tones\Documents\traindata\IMG\center_2026_08_02_20_00_09_101.jpg;0
C:\Users\Tune and Tones\Documents\traindata\IMG\center_2026_08_02_20_00_09_178.jpg;0
C:\Users\Tune and Tones\Documents\traindata\IMG\center_2026_08_02_20_00_09_253.jpg;0
C:\Users\Tune and Tones\Documents\traindata\IMG\center_2026_08_02_20_00_09_325.jpg;0.15
C:\Users\Tune and Tones\Documents\traindata\IMG\center_2026_08_02_20_00_09_401.jpg;0.35
C:\Users\Tune and Tones\Documents\traindata\IMG\center_2026_08_02_20_00_09_476.jpg;0
C:\Users\Tune and Tones\Documents\traindata\IMG\center_2026_08_02_20_00_09_550.jpg;0
C:\Users\Tune and Tones\Documents\traindata\IMG\center_2026_08_02_20_00_09_625.jpg;0
C:\Users\Tune and Tones\Documents\traindata\IMG\center_2026_08_02_20_00_09_700.jpg;0
C:\Users\Tune and Tones\Documents\traindata\IMG\center_2026_08_02_20_00_09_778.jpg;0
C:\Users\Tune and Tones\Documents\traindata\IMG\center_2026_08_02_20_00_09_852.jpg;0
C:\Users\Tune and Tones\Documents\traindata\IMG\center_2026_08_02_20_00_09_924.jpg;0
C:\Users\Tune and Tones\Documents\traindata\IMG\center_2026_08_02_20_00_09_994.jpg;0
C:\Users\Tune and Tones\Documents\traindata\IMG\center_2026_08_02_20_00_10_070.jpg;0
C:\Users\Tune and Tones\Documents\traindata\IMG\center_2026_08_02_20_00_10_140.jpg;0
C:\Users\Tune and Tones\Documents\traindata\IMG\center_2026_08_02_20_00_10_219.jpg;0
C:\Users\Tune and Tones\Documents\traindata\IMG\center_2026_08_02_20_00_10_291.jpg;0
C:\Users\Tune and Tones\Documents\traindata\IMG\center_2026_08_02_20_00_10_363.jpg;0
C:\Users\Tune and Tones\Documents\traindata\IMG\center_2026_08_02_20_00_10_437.jpg;0
C:\Users\Tune and Tones\Documents\traindata\IMG\center_2026_08_02_20_00_10_505.jpg;0
C:\Users\Tune and Tones\Documents\traindata\IMG\center_2026_08_02_20_00_10_576.jpg;0
C:\Users\Tune and Tones\Documents\traindata\IMG\center_2026_08_02_20_00_10_651.jpg;0
C:\Users\Tune and Tones\Documents\traindata\IMG\center_2026_08_02_20_00_10_726.jpg;0
C:\Users\Tune and Tones\Documents\traindata\IMG\center_2026_08_02_20_00_10_797.jpg;0
C:\Users\Tune and Tones\Documents\traindata\IMG\center_2026_08_02_20_00_10_866.jpg;0
C:\Users\Tune and Tones\Documents\traindata\IMG\center_2026_08_02_20_00_10_941.jpg;0
C:\Users\Tune and Tones\Documents\traindata\IMG\center_2026_08_02_20_00_11_014.jpg;0
C:\Users\Tune and Tones\Documents\traindata\IMG\center_2026_08_02_20_00_11_085.jpg;0
C:\Users\Tune and Tones\Documents\traindata\IMG\center_2026_08_02_20_00_11_157.jpg;0
C:\Users\Tune and Tones\Documents\traindata\IMG\center_2026_08_02_20_00_11_225.jpg;0
C:\Users\Tune and Tones\Documents\traindata\IMG\center_2026_08_02_20_00_11_297.jpg;0
C:\Users\Tune and Tones\Documents\traindata\IMG\center_2026_08_02_20_00_11_374.jpg;0
C:\Users\Tune and Tones\Documents\traindata\IMG\center_2026_08_02_20_00_11_446.jpg;0
C:\Users\Tune and Tones\Documents\traindata\IMG\center_2026_08_02_20_00_11_517.jpg;0
C:\Users\Tune and Tones\Documents\traindata\IMG\center_2026_08_02_20_00_11_590.jpg;0
C:\Users\Tune and Tones\Documents\traindata\IMG\center_2026_08_02_20_00_11_667.jpg;0
C:\Users\Tune and Tones\Documents\traindata\IMG\center_2026_08_02_20_00_11_736.jpg;0
C:\Users\Tune and Tones\Documents\traindata\IMG\center_2026_08_02_20_00_11_811.jpg;0
C:\Users\Tune and Tones\Documents\traindata\IMG\center_2026_08_02_20_00_11_889.jpg;0
C:\Users\Tune and Tones\Documents\traindata\IMG\center_2026_08_02_20_00_11_960.jpg;0
C:\Users\Tune and Tones\Documents\traindata\IMG\center_2026_08_02_20_00_12_029.jpg;0
C:\Users\Tune and Tones\Documents\traindata\IMG\center_2026_08_02_20_00_12_104.jpg;0
C:\Users\Tune and Tones\Documents\traindata\IMG\center_2026_08_02_20_00_12_179.jpg;0
C:\Users\Tune and Tones\Documents\traindata\IMG\center_2026_08_02_20_00_12_253.jpg;0
C:\Users\Tune and Tones\Documents\traindata\IMG\center_2026_08_02_20_00_12_325.jpg;0
C:\Users\Tune and Tones\Documents\traindata\IMG\center_2026_08_02_20_00_12_401.jpg;0
C:\Users\Tune and Tones\Documents\traindata\IMG\center_2026_08_02_20_00_12_477.jpg;0
C:\Users\Tune and Tones\Documents\traindata\IMG\center_2026_08_02_20_00_12_553.jpg;0.2
C:\Users\Tune and Tones\Documents\traindata\IMG\center_2026_08_02_20_00_12_628.jpg;0.4
C:\Users\Tune and Tones\Documents\traindata\IMG\center_2026_08_02_20_00_12_699.jpg;0
C:\Users\Tune and Tones\Documents\traindata\IMG\center_2026_08_02_20_00_12_777.jpg;0
C:\Users\Tune and Tones\Documents\traindata\IMG\center_2026_08_02_20_00_12_850.jpg;0
C:\Users\Tune and Tones\Documents\traindata\IMG\center_2026_08_02_20_00_12_926.jpg;0
C:\Users\Tune and Tones\Documents\traindata\IMG\center_2026_08_02_20_00_12_999.jpg;0
C:\Users\Tune and Tones\Documents\traindata\IMG\center_2026_08_02_20_00_13_082.jpg;0
C:\Users\Tune and Tones\Documents\traindata\IMG\center_2026_08_02_20_00_13_156.jpg;0
C:\Users\Tune and Tones\Documents\traindata\IMG\center_2026_08_02_20_00_13_234.jpg;0
C:\Users\Tune and Tones\Documents\traindata\IMG\center_2026_08_02_20_00_13_306.jpg;0
C:\Users\Tune and Tones\Documents\traindata\IMG\center_2026_08_02_20_00_13_383.jpg;0
C:\Users\Tune and Tones\Documents\traindata\IMG\center_2026_08_02_20_00_13_460.jpg;0
C:\Users\Tune and Tones\Documents\traindata\IMG\center_2026_08_02_20_00_13_534.jpg;0
C:\Users\Tune and Tones\Documents\traindata\IMG\center_2026_08_02_20_00_13_612.jpg;0.2
C:\Users\Tune and Tones\Documents\traindata\IMG\center_2026_08_02_20_00_13_687.jpg;0.4
C:\Users\Tune and Tones\Documents\traindata\IMG\center_2026_08_02_20_00_13_762.jpg;0
C:\Users\Tune and Tones\Documents\traindata\IMG\center_2026_08_02_20_00_13_838.jpg;0
C:\Users\Tune and Tones\Documents\traindata\IMG\center_2026_08_02_20_00_13_916.jpg;0
C:\Users\Tune and Tones\Documents\traindata\IMG\center_2026_08_02_20_00_13_994.jpg;0
C:\Users\Tune and Tones\Documents\traindata\IMG\center_2026_08_02_20_00_14_069.jpg;0
C:\Users\Tune and Tones\Documents\traindata\IMG\center_2026_08_02_20_00_14_144.jpg;0
C:\Users\Tune and Tones\Documents\traindata\IMG\center_2026_08_02_20_00_14_222.jpg;0
C:\Users\Tune and Tones\Documents\traindata\IMG\center_2026_08_02_20_00_14_298.jpg;0
C:\Users\Tune and Tones\Documents\traindata\IMG\center_2026_08_02_20_00_14_370.jpg;0
C:\Users\Tune and Tones\Documents\traindata\IMG\center_2026_08_02_20_00_14_450.jpg;0
C:\Users\Tune and Tones\Documents\traindata\IMG\center_2026_08_02_20_00_14_523.jpg;0
C:\Users\Tune and Tones\Documents\traindata\IMG\center_2026_08_02_20_00_14_602.jpg;0
C:\Users\Tune and Tones\Documents\traindata\IMG\center_2026_08_02_20_00_14_677.jpg;0
C:\Users\Tune and Tones\Documents\traindata\IMG\center_2026_08_02_20_00_14_756.jpg;0
C:\Users\Tune and Tones\Documents\traindata\IMG\center_2026_08_02_20_00_14_829.jpg;0
C:\Users\Tune and Tones\Documents\traindata\IMG\center_2026_08_02_20_00_14_910.jpg;0
C:\Users\Tune and Tones\Documents\traindata\IMG\center_2026_08_02_20_00_14_988.jpg;0
C:\Users\Tune and Tones\Documents\traindata\IMG\center_2026_08_02_20_00_15_068.jpg;0
C:\Users\Tune and Tones\Documents\traindata\IMG\center_2026_08_02_20_00_15_144.jpg;0
C:\Users\Tune and Tones\Documents\traindata\IMG\center_2026_08_02_20_00_15_221.jpg;0
C:\Users\Tune and Tones\Documents\traindata\IMG\center_2026_08_02_20_00_15_298.jpg;0
C:\Users\Tune and Tones\Documents\traindata\IMG\center_2026_08_02_20_00_15_375.jpg;0
C:\Users\Tune and Tones\Documents\traindata\IMG\center_2026_08_02_20_00_15_453.jpg;0
C:\Users\Tune and Tones\Documents\traindata\IMG\center_2026_08_02_20_00_15_535.jpg;0
C:\Users\Tune and Tones\Documents\traindata\IMG\center_2026_08_02_20_00_15_613.jpg;0
C:\Users\Tune and Tones\Documents\traindata\IMG\center_2026_08_02_20_00_15_685.jpg;0
C:\Users\Tune and Tones\Documents\traindata\IMG\center_2026_08_02_20_00_15_767.jpg;0
C:\Users\Tune and Tones\Documents\traindata\IMG\center_2026_08_02_20_00_15_849.jpg;0
C:\Users\Tune and Tones\Documents\traindata\IMG\center_2026_08_02_20_00_15_929.jpg;0
C:\Users\Tune and Tones\Documents\traindata\IMG\center_2026_08_02_20_00_16_007.jpg;0
C:\Users\Tune and Tones\Documents\traindata\IMG\center_2026_08_02_20_00_16_081.jpg;0
C:\Users\Tune and Tones\Documents\traindata\IMG\center_2026_08_02_20_00_16_165.jpg;0
C:\Users\Tune and Tones\Documents\traindata\IMG\center_2026_08_02_20_00_16_245.jpg;0.2
C:\Users\Tune and Tones\Documents\traindata\IMG\center_2026_08_02_20_00_16_321.jpg;0.4
C:\Users\Tune and Tones\Documents\traindata\IMG\center_2026_08_02_20_00_16_403.jpg;0
C:\Users\Tune and Tones\Documents\traindata\IMG\center_2026_08_02_20_00_16_480.jpg;0
C:\Users\Tune and Tones\Documents\traindata\IMG\center_2026_08_02_20_00_16_560.jpg;0
C:\Users\Tune and Tones\Documents\traindata\IMG\center_2026_08_02_20_00_16_641.jpg;0
C:\Users\Tune and Tones\Documents\traindata\IMG\center_2026_08_02_20_00_16_719.jpg;0
C:\Users\Tune and Tones\Documents\traindata\IMG\center_2026_08_02_20_00_16_797.jpg;0
C:\Users\Tune and Tones\Documents\traindata\IMG\center_2026_08_02_20_00_16_879.jpg;0
C:\Users\Tune and Tones\Documents\traindata\IMG\center_2026_08_02_20_00_16_961.jpg;0
C:\Users\Tune and Tones\Documents\traindata\IMG\center_2026_08_02_20_00_17_037.jpg;0
C:\Users\Tune and Tones\Documents\traindata\IMG\center_2026_08_02_20_00_17_111.jpg;0
C:\Users\Tune and Tones\Documents\traindata\IMG\center_2026_08_02_20_00_17_191.jpg;0
C:\Users\Tune and Tones\Documents\traindata\IMG\center_2026_08_02_20_00_17_272.jpg;0
C:\Users\Tune and Tones\Documents\traindata\IMG\center_2026_08_02_20_00_17_359.jpg;0
C:\Users\Tune and Tones\Documents\traindata\IMG\center_2026_08_02_20_00_17_436.jpg;0
C:\Users\Tune and Tones\Documents\traindata\IMG\center_2026_08_02_20_00_17_514.jpg;0
C:\Users\Tune and Tones\Documents\traindata\IMG\center_2026_08_02_20_00_17_598.jpg;0
C:\Users\Tune and Tones\Documents\traindata\IMG\center_2026_08_02_20_00_17_675.jpg;0
C:\Users\Tune and Tones\Documents\traindata\IMG\center_2026_08_02_20_00_17_755.jpg;0
C:\Users\Tune and Tones\Documents\traindata\IMG\center_2026_08_02_20_00_17_841.jpg;0.2
C:\Users\Tune and Tones\Documents\traindata\IMG\center_2026_08_02_20_00_17_917.jpg;0.4
C:\Users\Tune and Tones\Documents\traindata\IMG\center_2026_08_02_20_00_18_002.jpg;0
C:\Users\Tune and Tones\Documents\traindata\IMG\center_2026_08_02_20_00_18_083.jpg;0
C:\Users\Tune and Tones\Documents\traindata\IMG\center_2026_08_02_20_00_18_162.jpg;0
C:\Users\Tune and Tones\Documents\traindata\IMG\center_2026_08_02_20_00_18_247.jpg;0
C:\Users\Tune and Tones\Documents\traindata\IMG\center_2026_08_02_20_00_18_325.jpg;0
C:\Users\Tune and Tones\Documents\traindata\IMG\center_2026_08_02_20_00_18_405.jpg;0
C:\Users\Tune and Tones\Documents\traindata\IMG\center_2026_08_02_20_00_18_488.jpg;0
C:\Users\Tune and Tones\Documents\traindata\IMG\center_2026_08_02_20_00_18_570.jpg;0
C:\Users\Tune and Tones\Documents\traindata\IMG\center_2026_08_02_20_00_18_651.jpg;0
C:\Users\Tune and Tones\Documents\traindata\IMG\center_2026_08_02_20_00_18_731.jpg;0
C:\Users\Tune and Tones\Documents\traindata\IMG\center_2026_08_02_20_00_18_812.jpg;0
C:\Users\Tune and Tones\Documents\traindata\IMG\center_2026_08_02_20_00_18_895.jpg;0
C:\Users\Tune and Tones\Documents\traindata\IMG\center_2026_08_02_20_00_18_977.jpg;0
C:\Users\Tune and Tones\Documents\traindata\IMG\center_2026_08_02_20_00_19_060.jpg;0
C:\Users\Tune and Tones\Documents\traindata\IMG\center_2026_08_02_20_00_19_143.jpg;0
C:\Users\Tune and Tones\Documents\traindata\IMG\center_2026_08_02_20_00_19_226.jpg;0
C:\Users\Tune and Tones\Documents\traindata\IMG\center_2026_08_02_20_00_19_309.jpg;0
C:\Users\Tune and Tones\Documents\traindata\IMG\center_2026_08_02_20_00_19_394.jpg;0
C:\Users\Tune and Tones\Documents\traindata\IMG\center_2026_08_02_20_00_19_473.jpg;0
C:\Users\Tune and Tones\Documents\traindata\IMG\center_2026_08_02_20_00_19_559.jpg;0
C:\Users\Tune and Tones\Documents\traindata\IMG\center_2026_08_02_20_00_19_642.jpg;0
C:\Users\Tune and Tones\Documents\traindata\IMG\center_2026_08_02_20_00_19_726.jpg;0.2
C:\Users\Tune and Tones\Documents\traindata\IMG\center_2026_08_02_20_00_19_809.jpg;0.45
C:\Users\Tune and Tones\Documents\traindata\IMG\center_2026_08_02_20_00_19_902.jpg;0
C:\Users\Tune and Tones\Documents\traindata\IMG\center_2026_08_02_20_00_19_983.jpg;0
C:\Users\Tune and Tones\Documents\traindata\IMG\center_2026_08_02_20_00_20_068.jpg;0
C:\Users\Tune and Tones\Documents\traindata\IMG\center_2026_08_02_20_00_20_157.jpg;0
C:\Users\Tune and Tones\Documents\traindata\IMG\center_2026_08_02_20_00_20_240.jpg;0
C:\Users\Tune and Tones\Documents\traindata\IMG\center_2026_08_02_20_00_20_326.jpg;0
C:\Users\Tune and Tones\Documents\traindata\IMG\center_2026_08_02_20_00_20_419.jpg;0
C:\Users\Tune and Tones\Documents\traindata\IMG\center_2026_08_02_20_00_20_503.jpg;0
C:\Users\Tune and Tones\Documents\traindata\IMG\center_2026_08_02_20_00_20_591.jpg;0
C:\Users\Tune and Tones\Documents\traindata\IMG\center_2026_08_02_20_00_20_676.jpg;0
C:\Users\Tune and Tones\Documents\traindata\IMG\center_2026_08_02_20_00_20_762.jpg;0
C:\Users\Tune and Tones\Documents\traindata\IMG\center_2026_08_02_20_00_20_844.jpg;0
C:\Users\Tune and Tones\Documents\traindata\IMG\center_2026_08_02_20_00_20_929.jpg;0
C:\Users\Tune and Tones\Documents\traindata\IMG\center_2026_08_02_20_00_21_016.jpg;0
C:\Users\Tune and Tones\Documents\traindata\IMG\center_2026_08_02_20_00_21_097.jpg;0
C:\Users\Tune and Tones\Documents\traindata\IMG\center_2026_08_02_20_00_21_178.jpg;0
C:\Users\Tune and Tones\Documents\traindata\IMG\center_2026_08_02_20_00_21_270.jpg;0
C:\Users\Tune and Tones\Documents\traindata\IMG\center_2026_08_02_20_00_21_353.jpg;0
C:\Users\Tune and Tones\Documents\traindata\IMG\center_2026_08_02_20_00_21_443.jpg;0
C:\Users\Tune and Tones\Documents\traindata\IMG\center_2026_08_02_20_00_21_528.jpg;0
C:\Users\Tune and Tones\Documents\traindata\IMG\center_2026_08_02_20_00_21_616.jpg;0
C:\Users\Tune and Tones\Documents\traindata\IMG\center_2026_08_02_20_00_21_700.jpg;0
C:\Users\Tune and Tones\Documents\traindata\IMG\center_2026_08_02_20_00_21_790.jpg;0
C:\Users\Tune and Tones\Documents\traindata\IMG\center_2026_08_02_20_00_21_873.jpg;0
C:\Users\Tune and Tones\Documents\traindata\IMG\center_2026_08_02_20_00_21_968.jpg;0
C:\Users\Tune and Tones\Documents\traindata\IMG\center_2026_08_02_20_00_22_052.jpg;0
C:\Users\Tune and Tones\Documents\traindata\IMG\center_2026_08_02_20_00_22_141.jpg;0
C:\Users\Tune and Tones\Documents\traindata\IMG\center_2026_08_02_20_00_22_229.jpg;0
C:\Users\Tune and Tones\Documents\traindata\IMG\center_2026_08_02_20_00_22_308.jpg;0
C:\Users\Tune and Tones\Documents\traindata\IMG\center_2026_08_02_20_00_22_394.jpg;0
C:\Users\Tune and Tones\Documents\traindata\IMG\center_2026_08_02_20_00_22_486.jpg;0.2
C:\Users\Tune and Tones\Documents\traindata\IMG\center_2026_08_02_20_00_22_570.jpg;0.45
C:\Users\Tune and Tones\Documents\traindata\IMG\center_2026_08_02_20_00_22_659.jpg;0.6500001
C:\Users\Tune and Tones\Documents\traindata\IMG\center_2026_08_02_20_00_22_740.jpg;0
C:\Users\Tune and Tones\Documents\traindata\IMG\center_2026_08_02_20_00_22_831.jpg;0
C:\Users\Tune and Tones\Documents\traindata\IMG\center_2026_08_02_20_00_22_914.jpg;0
C:\Users\Tune and Tones\Documents\traindata\IMG\center_2026_08_02_20_00_23_005.jpg;0
C:\Users\Tune and Tones\Documents\traindata\IMG\center_2026_08_02_20_00_23_085.jpg;0
C:\Users\Tune and Tones\Documents\traindata\IMG\center_2026_08_02_20_00_23_174.jpg;0
C:\Users\Tune and Tones\Documents\traindata\IMG\center_2026_08_02_20_00_23_260.jpg;0.2
C:\Users\Tune and Tones\Documents\traindata\IMG\center_2026_08_02_20_00_23_341.jpg;0
C:\Users\Tune and Tones\Documents\traindata\IMG\center_2026_08_02_20_00_23_420.jpg;0
C:\Users\Tune and Tones\Documents\traindata\IMG\center_2026_08_02_20_00_23_500.jpg;0
C:\Users\Tune and Tones\Documents\traindata\IMG\center_2026_08_02_20_00_23_584.jpg;0
C:\Users\Tune and Tones\Documents\traindata\IMG\center_2026_08_02_20_00_23_671.jpg;0
C:\Users\Tune and Tones\Documents\traindata\IMG\center_2026_08_02_20_00_23_753.jpg;0
C:\Users\Tune and Tones\Documents\traindata\IMG\center_2026_08_02_20_00_23_834.jpg;0
C:\Users\Tune and Tones\Documents\traindata\IMG\center_2026_08_02_20_00_23_918.jpg;0.2
C:\Users\Tune and Tones\Documents\traindata\IMG\center_2026_08_02_20_00_24_005.jpg;0.4
C:\Users\Tune and Tones\Documents\traindata\IMG\center_2026_08_02_20_00_24_092.jpg;0
C:\Users\Tune and Tones\Documents\traindata\IMG\center_2026_08_02_20_00_24_178.jpg;0
C:\Users\Tune and Tones\Documents\traindata\IMG\center_2026_08_02_20_00_24_260.jpg;0
C:\Users\Tune and Tones\Documents\traindata\IMG\center_2026_08_02_20_00_24_348.jpg;0
C:\Users\Tune and Tones\Documents\traindata\IMG\center_2026_08_02_20_00_24_439.jpg;0
C:\Users\Tune and Tones\Documents\traindata\IMG\center_2026_08_02_20_00_24_525.jpg;0
C:\Users\Tune and Tones\Documents\traindata\IMG\center_2026_08_02_20_00_24_616.jpg;0
C:\Users\Tune and Tones\Documents\traindata\IMG\center_2026_08_02_20_00_24_698.jpg;0
C:\Users\Tune and Tones\Documents\traindata\IMG\center_2026_08_02_20_00_24_789.jpg;0.25
C:\Users\Tune and Tones\Documents\traindata\IMG\center_2026_08_02_20_00_24_873.jpg;0.45
C:\Users\Tune and Tones\Documents\traindata\IMG\center_2026_08_02_20_00_24_962.jpg;0.6500001
C:\Users\Tune and Tones\Documents\traindata\IMG\center_2026_08_02_20_00_25_050.jpg;0
C:\Users\Tune and Tones\Documents\traindata\IMG\center_2026_08_02_20_00_25_141.jpg;0
C:\Users\Tune and Tones\Documents\traindata\IMG\center_2026_08_02_20_00_25_226.jpg;0
C:\Users\Tune and Tones\Documents\traindata\IMG\center_2026_08_02_20_00_25_315.jpg;0
C:\Users\Tune and Tones\Documents\traindata\IMG\center_2026_08_02_20_00_25_406.jpg;0
C:\Users\Tune and Tones\Documents\traindata\IMG\center_2026_08_02_20_00_25_490.jpg;0
C:\Users\Tune and Tones\Documents\traindata\IMG\center_2026_08_02_20_00_25_580.jpg;0
C:\Users\Tune and Tones\Documents\traindata\IMG\center_2026_08_02_20_00_25_668.jpg;0
C:\Users\Tune and Tones\Documents\traindata\IMG\center_2026_08_02_20_00_25_755.jpg;0
C:\Users\Tune and Tones\Documents\traindata\IMG\center_2026_08_02_20_00_25_843.jpg;0
C:\Users\Tune and Tones\Documents\traindata\IMG\center_2026_08_02_20_00_25_925.jpg;0
C:\Users\Tune and Tones\Documents\traindata\IMG\center_2026_08_02_20_00_26_010.jpg;0
C:\Users\Tune and Tones\Documents\traindata\IMG\center_2026_08_02_20_00_26_099.jpg;0
C:\Users\Tune and Tones\Documents\traindata\IMG\center_2026_08_02_20_00_26_187.jpg;0
C:\Users\Tune and Tones\Documents\traindata\IMG\center_2026_08_02_20_00_26_271.jpg;0
C:\Users\Tune and Tones\Documents\traindata\IMG\center_2026_08_02_20_00_26_359.jpg;0
C:\Users\Tune and Tones\Documents\traindata\IMG\center_2026_08_02_20_00_26_446.jpg;0
C:\Users\Tune and Tones\Documents\traindata\IMG\center_2026_08_02_20_00_26_532.jpg;0
C:\Users\Tune and Tones\Documents\traindata\IMG\center_2026_08_02_20_00_26_620.jpg;0
C:\Users\Tune and Tones\Documents\traindata\IMG\center_2026_08_02_20_00_26_708.jpg;0
C:\Users\Tune and Tones\Documents\traindata\IMG\center_2026_08_02_20_00_26_794.jpg;0.2
C:\Users\Tune and Tones\Documents\traindata\IMG\center_2026_08_02_20_00_26_886.jpg;0.4
C:\Users\Tune and Tones\Documents\traindata\IMG\center_2026_08_02_20_00_26_975.jpg;0
C:\Users\Tune and Tones\Documents\traindata\IMG\center_2026_08_02_20_00_27_056.jpg;0
C:\Users\Tune and Tones\Documents\traindata\IMG\center_2026_08_02_20_00_27_146.jpg;0
C:\Users\Tune and Tones\Documents\traindata\IMG\center_2026_08_02_20_00_27_233.jpg;0
C:\Users\Tune and Tones\Documents\traindata\IMG\center_2026_08_02_20_00_27_320.jpg;0
C:\Users\Tune and Tones\Documents\traindata\IMG\center_2026_08_02_20_00_27_406.jpg;0
C:\Users\Tune and Tones\Documents\traindata\IMG\center_2026_08_02_20_00_27_494.jpg;0
C:\Users\Tune and Tones\Documents\traindata\IMG\center_2026_08_02_20_00_27_585.jpg;0
C:\Users\Tune and Tones\Documents\traindata\IMG\center_2026_08_02_20_00_27_672.jpg;0.25
C:\Users\Tune and Tones\Documents\traindata\IMG\center_2026_08_02_20_00_27_759.jpg;0.45
C:\Users\Tune and Tones\Documents\traindata\IMG\center_2026_08_02_20_00_27_847.jpg;0.7
C:\Users\Tune and Tones\Documents\traindata\IMG\center_2026_08_02_20_00_27_934.jpg;0.9000002
C:\Users\Tune and Tones\Documents\traindata\IMG\center_2026_08_02_20_00_28_024.jpg;1
C:\Users\Tune and Tones\Documents\traindata\IMG\center_2026_08_02_20_00_28_114.jpg;0
C:\Users\Tune and Tones\Documents\traindata\IMG\center_2026_08_02_20_00_28_197.jpg;0
C:\Users\Tune and Tones\Documents\traindata\IMG\center_2026_08_02_20_00_28_297.jpg;0
C:\Users\Tune and Tones\Documents\traindata\IMG\center_2026_08_02_20_00_28_393.jpg;0
C:\Users\Tune and Tones\Documents\traindata\IMG\center_2026_08_02_20_00_28_476.jpg;0
C:\Users\Tune and Tones\Documents\traindata\IMG\center_2026_08_02_20_00_28_559.jpg;0
C:\Users\Tune and Tones\Documents\traindata\IMG\center_2026_08_02_20_00_28_642.jpg;0
C:\Users\Tune and Tones\Documents\traindata\IMG\center_2026_08_02_20_00_28_727.jpg;0
C:\Users\Tune and Tones\Documents\traindata\IMG\center_2026_08_02_20_00_28_809.jpg;0
C:\Users\Tune and Tones\Documents\traindata\IMG\center_2026_08_02_20_00_28_900.jpg;-0.2
C:\Users\Tune and Tones\Documents\traindata\IMG\center_2026_08_02_20_00_28_984.jpg;-0.4
C:\Users\Tune and Tones\Documents\traindata\IMG\center_2026_08_02_20_00_29_060.jpg;0
C:\Users\Tune and Tones\Documents\traindata\IMG\center_2026_08_02_20_00_29_142.jpg;0
C:\Users\Tune and Tones\Documents\traindata\IMG\center_2026_08_02_20_00_29_232.jpg;0
C:\Users\Tune and Tones\Documents\traindata\IMG\center_2026_08_02_20_00_29_304.jpg;0
C:\Users\Tune and Tones\Documents\traindata\IMG\center_2026_08_02_20_00_29_389.jpg;0
C:\Users\Tune and Tones\Documents\traindata\IMG\center_2026_08_02_20_00_29_476.jpg;0
C:\Users\Tune and Tones\Documents\traindata\IMG\center_2026_08_02_20_00_29_552.jpg;0
C:\Users\Tune and Tones\Documents\traindata\IMG\center_2026_08_02_20_00_29_638.jpg;0
C:\Users\Tune and Tones\Documents\traindata\IMG\center_2026_08_02_20_00_29_719.jpg;0
C:\Users\Tune and Tones\Documents\traindata\IMG\center_2026_08_02_20_00_29_803.jpg;0
C:\Users\Tune and Tones\Documents\traindata\IMG\center_2026_08_02_20_00_29_887.jpg;0
C:\Users\Tune and Tones\Documents\traindata\IMG\center_2026_08_02_20_00_29_973.jpg;0
C:\Users\Tune and Tones\Documents\traindata\IMG\center_2026_08_02_20_00_30_059.jpg;0
C:\Users\Tune and Tones\Documents\traindata\IMG\center_2026_08_02_20_00_30_147.jpg;0
C:\Users\Tune and Tones\Documents\traindata\IMG\center_2026_08_02_20_00_30_226.jpg;0
C:\Users\Tune and Tones\Documents\traindata\IMG\center_2026_08_02_20_00_30_308.jpg;0.25
C:\Users\Tune and Tones\Documents\traindata\IMG\center_2026_08_02_20_00_30_393.jpg;0.45
C:\Users\Tune and Tones\Documents\traindata\IMG\center_2026_08_02_20_00_30_482.jpg;0
C:\Users\Tune and Tones\Documents\traindata\IMG\center_2026_08_02_20_00_30_568.jpg;0
C:\Users\Tune and Tones\Documents\traindata\IMG\center_2026_08_02_20_00_30_654.jpg;0
C:\Users\Tune and Tones\Documents\traindata\IMG\center_2026_08_02_20_00_30_740.jpg;0
C:\Users\Tune and Tones\Documents\traindata\IMG\center_2026_08_02_20_00_30_821.jpg;0
C:\Users\Tune and Tones\Documents\traindata\IMG\center_2026_08_02_20_00_30_906.jpg;0
C:\Users\Tune and Tones\Documents\traindata\IMG\center_2026_08_02_20_00_30_996.jpg;0
C:\Users\Tune and Tones\Documents\traindata\IMG\center_2026_08_02_20_00_31_078.jpg;0
C:\Users\Tune and Tones\Documents\traindata\IMG\center_2026_08_02_20_00_31_168.jpg;0
C:\Users\Tune and Tones\Documents\traindata\IMG\center_2026_08_02_20_00_31_254.jpg;0.2
C:\Users\Tune and Tones\Documents\traindata\IMG\center_2026_08_02_20_00_31_336.jpg;0.4
C:\Users\Tune and Tones\Documents\traindata\IMG\center_2026_08_02_20_00_31_417.jpg;0.6000001
C:\Users\Tune and Tones\Documents\traindata\IMG\center_2026_08_02_20_00_31_508.jpg;0
C:\Users\Tune and Tones\Documents\traindata\IMG\center_2026_08_02_20_00_31_598.jpg;0
C:\Users\Tune and Tones\Documents\traindata\IMG\center_2026_08_02_20_00_31_680.jpg;0
C:\Users\Tune and Tones\Documents\traindata\IMG\center_2026_08_02_20_00_31_770.jpg;0
C:\Users\Tune and Tones\Documents\traindata\IMG\center_2026_08_02_20_00_31_851.jpg;0
C:\Users\Tune and Tones\Documents\traindata\IMG\center_2026_08_02_20_00_31_931.jpg;0
C:\Users\Tune and Tones\Documents\traindata\IMG\center_2026_08_02_20_00_32_013.jpg;0.2
C:\Users\Tune and Tones\Documents\traindata\IMG\center_2026_08_02_20_00_32_096.jpg;0.4
C:\Users\Tune and Tones\Documents\traindata\IMG\center_2026_08_02_20_00_32_180.jpg;0.6000001
C:\Users\Tune and Tones\Documents\traindata\IMG\center_2026_08_02_20_00_32_261.jpg;0.8000001
C:\Users\Tune and Tones\Documents\traindata\IMG\center_2026_08_02_20_00_32_347.jpg;1
C:\Users\Tune and Tones\Documents\traindata\IMG\center_2026_08_02_20_00_32_440.jpg;0
C:\Users\Tune and Tones\Documents\traindata\IMG\center_2026_08_02_20_00_32_525.jpg;0
C:\Users\Tune and Tones\Documents\traindata\IMG\center_2026_08_02_20_00_32_608.jpg;0
C:\Users\Tune and Tones\Documents\traindata\IMG\center_2026_08_02_20_00_32_689.jpg;0
C:\Users\Tune and Tones\Documents\traindata\IMG\center_2026_08_02_20_00_32_773.jpg;0.2
C:\Users\Tune and Tones\Documents\traindata\IMG\center_2026_08_02_20_00_32_854.jpg;0.4
C:\Users\Tune and Tones\Documents\traindata\IMG\center_2026_08_02_20_00_32_947.jpg;0
C:\Users\Tune and Tones\Documents\traindata\IMG\center_2026_08_02_20_00_33_019.jpg;0
C:\Users\Tune and Tones\Documents\traindata\IMG\center_2026_08_02_20_00_33_100.jpg;0
C:\Users\Tune and Tones\Documents\traindata\IMG\center_2026_08_02_20_00_33_183.jpg;0
C:\Users\Tune and Tones\Documents\traindata\IMG\center_2026_08_02_20_00_33_266.jpg;0
C:\Users\Tune and Tones\Documents\traindata\IMG\center_2026_08_02_20_00_33_348.jpg;0.2
C:\Users\Tune and Tones\Documents\traindata\IMG\center_2026_08_02_20_00_33_432.jpg;0.4
C:\Users\Tune and Tones\Documents\traindata\IMG\center_2026_08_02_20_00_33_514.jpg;0.6000001
C:\Users\Tune and Tones\Documents\traindata\IMG\center_2026_08_02_20_00_33_599.jpg;0.8000001
C:\Users\Tune and Tones\Documents\traindata\IMG\center_2026_08_02_20_00_33_682.jpg;0
C:\Users\Tune and Tones\Documents\traindata\IMG\center_2026_08_02_20_00_33_763.jpg;0
C:\Users\Tune and Tones\Documents\traindata\IMG\center_2026_08_02_20_00_33_846.jpg;0
C:\Users\Tune and Tones\Documents\traindata\IMG\center_2026_08_02_20_00_33_929.jpg;0
C:\Users\Tune and Tones\Documents\traindata\IMG\center_2026_08_02_20_00_34_013.jpg;0
C:\Users\Tune and Tones\Documents\traindata\IMG\center_2026_08_02_20_00_34_098.jpg;0.2
C:\Users\Tune and Tones\Documents\traindata\IMG\center_2026_08_02_20_00_34_182.jpg;0.4
C:\Users\Tune and Tones\Documents\traindata\IMG\center_2026_08_02_20_00_34_260.jpg;0.6000001
C:\Users\Tune and Tones\Documents\traindata\IMG\center_2026_08_02_20_00_34_345.jpg;0.8000001
C:\Users\Tune and Tones\Documents\traindata\IMG\center_2026_08_02_20_00_34_430.jpg;1
C:\Users\Tune and Tones\Documents\traindata\IMG\center_2026_08_02_20_00_34_514.jpg;0
C:\Users\Tune and Tones\Documents\traindata\IMG\center_2026_08_02_20_00_34_596.jpg;0
C:\Users\Tune and Tones\Documents\traindata\IMG\center_2026_08_02_20_00_34_679.jpg;0
C:\Users\Tune and Tones\Documents\traindata\IMG\center_2026_08_02_20_00_34_758.jpg;0
C:\Users\Tune and Tones\Documents\traindata\IMG\center_2026_08_02_20_00_34_844.jpg;0
C:\Users\Tune and Tones\Documents\traindata\IMG\center_2026_08_02_20_00_34_925.jpg;0
C:\Users\Tune and Tones\Documents\traindata\IMG\center_2026_08_02_20_00_35_005.jpg;0
C:\Users\Tune and Tones\Documents\traindata\IMG\center_2026_08_02_20_00_35_092.jpg;0
C:\Users\Tune and Tones\Documents\traindata\IMG\center_2026_08_02_20_00_35_179.jpg;0
C:\Users\Tune and Tones\Documents\traindata\IMG\center_2026_08_02_20_00_35_253.jpg;0
C:\Users\Tune and Tones\Documents\traindata\IMG\center_2026_08_02_20_00_35_337.jpg;0.2
C:\Users\Tune and Tones\Documents\traindata\IMG\center_2026_08_02_20_00_35_419.jpg;0.4
C:\Users\Tune and Tones\Documents\traindata\IMG\center_2026_08_02_20_00_35_503.jpg;0
C:\Users\Tune and Tones\Documents\traindata\IMG\center_2026_08_02_20_00_35_581.jpg;0
C:\Users\Tune and Tones\Documents\traindata\IMG\center_2026_08_02_20_00_35_662.jpg;0
C:\Users\Tune and Tones\Documents\traindata\IMG\center_2026_08_02_20_00_35_746.jpg;0
C:\Users\Tune and Tones\Documents\traindata\IMG\center_2026_08_02_20_00_35_823.jpg;0
C:\Users\Tune and Tones\Documents\traindata\IMG\center_2026_08_02_20_00_35_902.jpg;0
C:\Users\Tune and Tones\Documents\traindata\IMG\center_2026_08_02_20_00_35_982.jpg;0
C:\Users\Tune and Tones\Documents\traindata\IMG\center_2026_08_02_20_00_36_065.jpg;0
C:\Users\Tune and Tones\Documents\traindata\IMG\center_2026_08_02_20_00_36_148.jpg;0.25
C:\Users\Tune and Tones\Documents\traindata\IMG\center_2026_08_02_20_00_36_228.jpg;0.45
C:\Users\Tune and Tones\Documents\traindata\IMG\center_2026_08_02_20_00_36_315.jpg;0.6500001
C:\Users\Tune and Tones\Documents\traindata\IMG\center_2026_08_02_20_00_36_390.jpg;0
C:\Users\Tune and Tones\Documents\traindata\IMG\center_2026_08_02_20_00_36_472.jpg;0
C:\Users\Tune and Tones\Documents\traindata\IMG\center_2026_08_02_20_00_36_550.jpg;0
C:\Users\Tune and Tones\Documents\traindata\IMG\center_2026_08_02_20_00_36_632.jpg;0
C:\Users\Tune and Tones\Documents\traindata\IMG\center_2026_08_02_20_00_36_711.jpg;0
C:\Users\Tune and Tones\Documents\traindata\IMG\center_2026_08_02_20_00_36_796.jpg;0
C:\Users\Tune and Tones\Documents\traindata\IMG\center_2026_08_02_20_00_36_871.jpg;0
C:\Users\Tune and Tones\Documents\traindata\IMG\center_2026_08_02_20_00_36_952.jpg;0
C:\Users\Tune and Tones\Documents\traindata\IMG\center_2026_08_02_20_00_37_032.jpg;0
C:\Users\Tune and Tones\Documents\traindata\IMG\center_2026_08_02_20_00_37_113.jpg;0
C:\Users\Tune and Tones\Documents\traindata\IMG\center_2026_08_02_20_00_37_191.jpg;0
C:\Users\Tune and Tones\Documents\traindata\IMG\center_2026_08_02_20_00_37_267.jpg;0
C:\Users\Tune and Tones\Documents\traindata\IMG\center_2026_08_02_20_00_37_347.jpg;0
C:\Users\Tune and Tones\Documents\traindata\IMG\center_2026_08_02_20_00_37_427.jpg;0
C:\Users\Tune and Tones\Documents\traindata\IMG\center_2026_08_02_20_00_37_508.jpg;0
C:\Users\Tune and Tones\Documents\traindata\IMG\center_2026_08_02_20_00_37_588.jpg;0
C:\Users\Tune and Tones\Documents\traindata\IMG\center_2026_08_02_20_00_37_673.jpg;0
C:\Users\Tune and Tones\Documents\traindata\IMG\center_2026_08_02_20_00_37_755.jpg;0
C:\Users\Tune and Tones\Documents\traindata\IMG\center_2026_08_02_20_00_37_833.jpg;0
C:\Users\Tune and Tones\Documents\traindata\IMG\center_2026_08_02_20_00_37_914.jpg;0
C:\Users\Tune and Tones\Documents\traindata\IMG\center_2026_08_02_20_00_37_992.jpg;-0.2
C:\Users\Tune and Tones\Documents\traindata\IMG\center_2026_08_02_20_00_38_072.jpg;-0.4
C:\Users\Tune and Tones\Documents\traindata\IMG\center_2026_08_02_20_00_38_153.jpg;-0.6000001
C:\Users\Tune and Tones\Documents\traindata\IMG\center_2026_08_02_20_00_38_233.jpg;0
C:\Users\Tune and Tones\Documents\traindata\IMG\center_2026_08_02_20_00_38_309.jpg;0
C:\Users\Tune and Tones\Documents\traindata\IMG\center_2026_08_02_20_00_38_389.jpg;0
C:\Users\Tune and Tones\Documents\traindata\IMG\center_2026_08_02_20_00_38_469.jpg;0
C:\Users\Tune and Tones\Documents\traindata\IMG\center_2026_08_02_20_00_38_551.jpg;0
C:\Users\Tune and Tones\Documents\traindata\IMG\center_2026_08_02_20_00_38_634.jpg;0
C:\Users\Tune and Tones\Documents\traindata\IMG\center_2026_08_02_20_00_38_717.jpg;0
C:\Users\Tune and Tones\Documents\traindata\IMG\center_2026_08_02_20_00_38_797.jpg;0
C:\Users\Tune and Tones\Documents\traindata\IMG\center_2026_08_02_20_00_38_884.jpg;0
C:\Users\Tune and Tones\Documents\traindata\IMG\center_2026_08_02_20_00_38_962.jpg;0.2
C:\Users\Tune and Tones\Documents\traindata\IMG\center_2026_08_02_20_00_39_048.jpg;0.45
C:\Users\Tune and Tones\Documents\traindata\IMG\center_2026_08_02_20_00_39_129.jpg;0
C:\Users\Tune and Tones\Documents\traindata\IMG\center_2026_08_02_20_00_39_209.jpg;0
C:\Users\Tune and Tones\Documents\traindata\IMG\center_2026_08_02_20_00_39_292.jpg;0
C:\Users\Tune and Tones\Documents\traindata\IMG\center_2026_08_02_20_00_39_374.jpg;0
C:\Users\Tune and Tones\Documents\traindata\IMG\center_2026_08_02_20_00_39_455.jpg;0
C:\Users\Tune and Tones\Documents\traindata\IMG\center_2026_08_02_20_00_39_544.jpg;0
C:\Users\Tune and Tones\Documents\traindata\IMG\center_2026_08_02_20_00_39_631.jpg;0
C:\Users\Tune and Tones\Documents\traindata\IMG\center_2026_08_02_20_00_39_717.jpg;0
C:\Users\Tune and Tones\Documents\traindata\IMG\center_2026_08_02_20_00_39_802.jpg;-0.2
C:\Users\Tune and Tones\Documents\traindata\IMG\center_2026_08_02_20_00_39_890.jpg;-0.45
C:\Users\Tune and Tones\Documents\traindata\IMG\center_2026_08_02_20_00_39_982.jpg;0
C:\Users\Tune and Tones\Documents\traindata\IMG\center_2026_08_02_20_00_40_057.jpg;0
C:\Users\Tune and Tones\Documents\traindata\IMG\center_2026_08_02_20_00_40_144.jpg;0
C:\Users\Tune and Tones\Documents\traindata\IMG\center_2026_08_02_20_00_40_228.jpg;0
C:\Users\Tune and Tones\Documents\traindata\IMG\center_2026_08_02_20_00_40_299.jpg;0
C:\Users\Tune and Tones\Documents\traindata\IMG\center_2026_08_02_20_00_40_380.jpg;0
C:\Users\Tune and Tones\Documents\traindata\IMG\center_2026_08_02_20_00_40_464.jpg;0
C:\Users\Tune and Tones\Documents\traindata\IMG\center_2026_08_02_20_00_40_556.jpg;0
C:\Users\Tune and Tones\Documents\traindata\IMG\center_2026_08_02_20_00_40_626.jpg;0
C:\Users\Tune and Tones\Documents\traindata\IMG\center_2026_08_02_20_00_40_698.jpg;0
C:\Users\Tune and Tones\Documents\traindata\IMG\center_2026_08_02_20_00_40_778.jpg;0
C:\Users\Tune and Tones\Documents\traindata\IMG\center_2026_08_02_20_00_40_857.jpg;0
C:\Users\Tune and Tones\Documents\traindata\IMG\center_2026_08_02_20_00_40_942.jpg;0
C:\Users\Tune and Tones\Documents\traindata\IMG\center_2026_08_02_20_00_41_021.jpg;0
C:\Users\Tune and Tones\Documents\traindata\IMG\center_2026_08_02_20_00_41_111.jpg;0
C:\Users\Tune and Tones\Documents\traindata\IMG\center_2026_08_02_20_00_41_188.jpg;0
C:\Users\Tune and Tones\Documents\traindata\IMG\center_2026_08_02_20_00_41_271.jpg;0
C:\Users\Tune and Tones\Documents\traindata\IMG\center_2026_08_02_20_00_41_351.jpg;0
C:\Users\Tune and Tones\Documents\traindata\IMG\center_2026_08_02_20_00_41_433.jpg;0
C:\Users\Tune and Tones\Documents\traindata\IMG\center_2026_08_02_20_00_41_529.jpg;0
C:\Users\Tune and Tones\Documents\traindata\IMG\center_2026_08_02_20_00_41_611.jpg;0
C:\Users\Tune and Tones\Documents\traindata\IMG\center_2026_08_02_20_00_41_696.jpg;0
C:\Users\Tune and Tones\Documents\traindata\IMG\center_2026_08_02_20_00_41_781.jpg;0
C:\Users\Tune and Tones\Documents\traindata\IMG\center_2026_08_02_20_00_41_858.jpg;-0.2
C:\Users\Tune and Tones\Documents\traindata\IMG\center_2026_08_02_20_00_41_934.jpg;-0.4
C:\Users\Tune and Tones\Documents\traindata\IMG\center_2026_08_02_20_00_42_020.jpg;-0.6000001
C:\Users\Tune and Tones\Documents\traindata\IMG\center_2026_08_02_20_00_42_102.jpg;-0.8000001
C:\Users\Tune and Tones\Documents\traindata\IMG\center_2026_08_02_20_00_42_195.jpg;0
C:\Users\Tune and Tones\Documents\traindata\IMG\center_2026_08_02_20_00_42_269.jpg;0
C:\Users\Tune and Tones\Documents\traindata\IMG\center_2026_08_02_20_00_42_350.jpg;0
C:\Users\Tune and Tones\Documents\traindata\IMG\center_2026_08_02_20_00_42_427.jpg;0
C:\Users\Tune and Tones\Documents\traindata\IMG\center_2026_08_02_20_00_42_513.jpg;0
C:\Users\Tune and Tones\Documents\traindata\IMG\center_2026_08_02_20_00_42_595.jpg;0
C:\Users\Tune and Tones\Documents\traindata\IMG\center_2026_08_02_20_00_42_669.jpg;0
C:\Users\Tune and Tones\Documents\traindata\IMG\center_2026_08_02_20_00_42_748.jpg;0
C:\Users\Tune and Tones\Documents\traindata\IMG\center_2026_08_02_20_00_42_830.jpg;0
C:\Users\Tune and Tones\Documents\traindata\IMG\center_2026_08_02_20_00_42_902.jpg;0
C:\Users\Tune and Tones\Documents\traindata\IMG\center_2026_08_02_20_00_42_982.jpg;-0.2
C:\Users\Tune and Tones\Documents\traindata\IMG\center_2026_08_02_20_00_43_066.jpg;-0.4
C:\Users\Tune and Tones\Documents\traindata\IMG\center_2026_08_02_20_00_43_146.jpg;-0.6000001
C:\Users\Tune and Tones\Documents\traindata\IMG\center_2026_08_02_20_00_43_221.jpg;-0.8000001
C:\Users\Tune and Tones\Documents\traindata\IMG\center_2026_08_02_20_00_43_302.jpg;-1
C:\Users\Tune and Tones\Documents\traindata\IMG\center_2026_08_02_20_00_43_376.jpg;-1
C:\Users\Tune and Tones\Documents\traindata\IMG\center_2026_08_02_20_00_43_452.jpg;0
C:\Users\Tune and Tones\Documents\traindata\IMG\center_2026_08_02_20_00_43_532.jpg;0
C:\Users\Tune and Tones\Documents\traindata\IMG\center_2026_08_02_20_00_43_611.jpg;0
C:\Users\Tune and Tones\Documents\traindata\IMG\center_2026_08_02_20_00_43_701.jpg;0
C:\Users\Tune and Tones\Documents\traindata\IMG\center_2026_08_02_20_00_43_782.jpg;0
C:\Users\Tune and Tones\Documents\traindata\IMG\center_2026_08_02_20_00_43_868.jpg;-0.25
C:\Users\Tune and Tones\Documents\traindata\IMG\center_2026_08_02_20_00_43_951.jpg;-0.45
C:\Users\Tune and Tones\Documents\traindata\IMG\center_2026_08_02_20_00_44_034.jpg;-0.6500001
C:\Users\Tune and Tones\Documents\traindata\IMG\center_2026_08_02_20_00_44_124.jpg;-0.8500001
C:\Users\Tune and Tones\Documents\traindata\IMG\center_2026_08_02_20_00_44_208.jpg;0
C:\Users\Tune and Tones\Documents\traindata\IMG\center_2026_08_02_20_00_44_289.jpg;0
C:\Users\Tune and Tones\Documents\traindata\IMG\center_2026_08_02_20_00_44_375.jpg;0
C:\Users\Tune and Tones\Documents\traindata\IMG\center_2026_08_02_20_00_44_460.jpg;0
C:\Users\Tune and Tones\Documents\traindata\IMG\center_2026_08_02_20_00_44_544.jpg;0
C:\Users\Tune and Tones\Documents\traindata\IMG\center_2026_08_02_20_00_44_625.jpg;0
C:\Users\Tune and Tones\Documents\traindata\IMG\center_2026_08_02_20_00_44_711.jpg;0
C:\Users\Tune and Tones\Documents\traindata\IMG\center_2026_08_02_20_00_44_803.jpg;-0.2
C:\Users\Tune and Tones\Documents\traindata\IMG\center_2026_08_02_20_00_44_874.jpg;-0.4
C:\Users\Tune and Tones\Documents\traindata\IMG\center_2026_08_02_20_00_44_954.jpg;-0.6000001
C:\Users\Tune and Tones\Documents\traindata\IMG\center_2026_08_02_20_00_45_036.jpg;-0.8000001
C:\Users\Tune and Tones\Documents\traindata\IMG\center_2026_08_02_20_00_45_120.jpg;0
C:\Users\Tune and Tones\Documents\traindata\IMG\center_2026_08_02_20_00_45_198.jpg;0
C:\Users\Tune and Tones\Documents\traindata\IMG\center_2026_08_02_20_00_45_279.jpg;0
C:\Users\Tune and Tones\Documents\traindata\IMG\center_2026_08_02_20_00_45_358.jpg;0
C:\Users\Tune and Tones\Documents\traindata\IMG\center_2026_08_02_20_00_45_449.jpg;0
C:\Users\Tune and Tones\Documents\traindata\IMG\center_2026_08_02_20_00_45_526.jpg;0
C:\Users\Tune and Tones\Documents\traindata\IMG\center_2026_08_02_20_00_45_603.jpg;0
C:\Users\Tune and Tones\Documents\traindata\IMG\center_2026_08_02_20_00_45_693.jpg;0
C:\Users\Tune and Tones\Documents\traindata\IMG\center_2026_08_02_20_00_45_768.jpg;0
C:\Users\Tune and Tones\Documents\traindata\IMG\center_2026_08_02_20_00_45_851.jpg;0
C:\Users\Tune and Tones\Documents\traindata\IMG\center_2026_08_02_20_00_45_947.jpg;0
C:\Users\Tune and Tones\Documents\traindata\IMG\center_2026_08_02_20_00_46_020.jpg;0
C:\Users\Tune and Tones\Documents\traindata\IMG\center_2026_08_02_20_00_46_106.jpg;0
C:\Users\Tune and Tones\Documents\traindata\IMG\center_2026_08_02_20_00_46_193.jpg;0
C:\Users\Tune and Tones\Documents\traindata\IMG\center_2026_08_02_20_00_46_273.jpg;0
C:\Users\Tune and Tones\Documents\traindata\IMG\center_2026_08_02_20_00_46_360.jpg;0
C:\Users\Tune and Tones\Documents\traindata\IMG\center_2026_08_02_20_00_46_454.jpg;0
C:\Users\Tune and Tones\Documents\traindata\IMG\center_2026_08_02_20_00_46_532.jpg;0
C:\Users\Tune and Tones\Documents\traindata\IMG\center_2026_08_02_20_00_46_618.jpg;0
C:\Users\Tune and Tones\Documents\traindata\IMG\center_2026_08_02_20_00_46_704.jpg;0
C:\Users\Tune and Tones\Documents\traindata\IMG\center_2026_08_02_20_00_46_788.jpg;0
C:\Users\Tune and Tones\Documents\traindata\IMG\center_2026_08_02_20_00_46_869.jpg;0
C:\Users\Tune and Tones\Documents\traindata\IMG\center_2026_08_02_20_00_46_958.jpg;0
C:\Users\Tune and Tones\Documents\traindata\IMG\center_2026_08_02_20_00_47_050.jpg;0
C:\Users\Tune and Tones\Documents\traindata\IMG\center_2026_08_02_20_00_47_144.jpg;0
C:\Users\Tune and Tones\Documents\traindata\IMG\center_2026_08_02_20_00_47_234.jpg;0
C:\Users\Tune and Tones\Documents\traindata\IMG\center_2026_08_02_20_00_47_312.jpg;0
C:\Users\Tune and Tones\Documents\traindata\IMG\center_2026_08_02_20_00_47_409.jpg;0
C:\Users\Tune and Tones\Documents\traindata\IMG\center_2026_08_02_20_00_47_494.jpg;0
C:\Users\Tune and Tones\Documents\traindata\IMG\center_2026_08_02_20_00_47_578.jpg;0
C:\Users\Tune and Tones\Documents\traindata\IMG\center_2026_08_02_20_00_47_665.jpg;0
C:\Users\Tune and Tones\Documents\traindata\IMG\center_2026_08_02_20_00_47_762.jpg;0
C:\Users\Tune and Tones\Documents\traindata\IMG\center_2026_08_02_20_00_47_845.jpg;0
C:\Users\Tune and Tones\Documents\traindata\IMG\center_2026_08_02_20_00_47_936.jpg;0
C:\Users\Tune and Tones\Documents\traindata\IMG\center_2026_08_02_20_00_48_027.jpg;0
C:\Users\Tune and Tones\Documents\traindata\IMG\center_2026_08_02_20_00_48_121.jpg;0
C:\Users\Tune and Tones\Documents\traindata\IMG\center_2026_08_02_20_00_48_215.jpg;0
C:\Users\Tune and Tones\Documents\traindata\IMG\center_2026_08_02_20_00_48_311.jpg;0
C:\Users\Tune and Tones\Documents\traindata\IMG\center_2026_08_02_20_00_48_412.jpg;0
C:\Users\Tune and Tones\Documents\traindata\IMG\center_2026_08_02_20_00_48_522.jpg;0
C:\Users\Tune and Tones\Documents\traindata\IMG\center_2026_08_02_20_00_48_622.jpg;0
C:\Users\Tune and Tones\Documents\traindata\IMG\center_2026_08_02_20_00_48_725.jpg;0
C:\Users\Tune and Tones\Documents\traindata\IMG\center_2026_08_02_20_00_48_824.jpg;0
C:\Users\Tune and Tones\Documents\traindata\IMG\center_2026_08_02_20_00_48_931.jpg;0
C:\Users\Tune and Tones\Documents\traindata\IMG\center_2026_08_02_20_00_49_031.jpg;0
C:\Users\Tune and Tones\Documents\traindata\IMG\center_2026_08_02_20_00_49_133.jpg;0
C:\Users\Tune and Tones\Documents\traindata\IMG\center_2026_08_02_20_00_49_236.jpg;0
C:\Users\Tune and Tones\Documents\traindata\IMG\center_2026_08_02_20_00_49_338.jpg;0
C:\Users\Tune and Tones\Documents\traindata\IMG\center_2026_08_02_20_00_49_438.jpg;0
C:\Users\Tune and Tones\Documents\traindata\IMG\center_2026_08_02_20_00_49_537.jpg;0
C:\Users\Tune and Tones\Documents\traindata\IMG\center_2026_08_02_20_00_49_642.jpg;0
C:\Users\Tune and Tones\Documents\traindata\IMG\center_2026_08_02_20_00_49_741.jpg;0
C:\Users\Tune and Tones\Documents\traindata\IMG\center_2026_08_02_20_00_49_832.jpg;0
C:\Users\Tune and Tones\Documents\traindata\IMG\center_2026_08_02_20_00_49_930.jpg;0
C:\Users\Tune and Tones\Documents\traindata\IMG\center_2026_08_02_20_00_50_020.jpg;0.2
C:\Users\Tune and Tones\Documents\traindata\IMG\center_2026_08_02_20_00_50_117.jpg;0.45
C:\Users\Tune and Tones\Documents\traindata\IMG\center_2026_08_02_20_00_50_212.jpg;0
C:\Users\Tune and Tones\Documents\traindata\IMG\center_2026_08_02_20_00_50_305.jpg;0
C:\Users\Tune and Tones\Documents\traindata\IMG\center_2026_08_02_20_00_50_406.jpg;0
C:\Users\Tune and Tones\Documents\traindata\IMG\center_2026_08_02_20_00_50_507.jpg;0
C:\Users\Tune and Tones\Documents\traindata\IMG\center_2026_08_02_20_00_50_609.jpg;0
C:\Users\Tune and Tones\Documents\traindata\IMG\center_2026_08_02_20_00_50_708.jpg;0
C:\Users\Tune and Tones\Documents\traindata\IMG\center_2026_08_02_20_00_50_799.jpg;0
C:\Users\Tune and Tones\Documents\traindata\IMG\center_2026_08_02_20_00_50_907.jpg;0
C:\Users\Tune and Tones\Documents\traindata\IMG\center_2026_08_02_20_00_51_009.jpg;0.25
C:\Users\Tune and Tones\Documents\traindata\IMG\center_2026_08_02_20_00_51_113.jpg;0.5000001
C:\Users\Tune and Tones\Documents\traindata\IMG\center_2026_08_02_20_00_51_220.jpg;0.7500002
C:\Users\Tune and Tones\Documents\traindata\IMG\center_2026_08_02_20_00_51_325.jpg;1
C:\Users\Tune and Tones\Documents\traindata\IMG\center_2026_08_02_20_00_51_429.jpg;0
C:\Users\Tune and Tones\Documents\traindata\IMG\center_2026_08_02_20_00_51_530.jpg;0
C:\Users\Tune and Tones\Documents\traindata\IMG\center_2026_08_02_20_00_51_633.jpg;0
C:\Users\Tune and Tones\Documents\traindata\IMG\center_2026_08_02_20_00_51_732.jpg;0
C:\Users\Tune and Tones\Documents\traindata\IMG\center_2026_08_02_20_00_51_832.jpg;0
C:\Users\Tune and Tones\Documents\traindata\IMG\center_2026_08_02_20_00_51_922.jpg;0
C:\Users\Tune and Tones\Documents\traindata\IMG\center_2026_08_02_20_00_52_014.jpg;0
C:\Users\Tune and Tones\Documents\traindata\IMG\center_2026_08_02_20_00_52_101.jpg;0
C:\Users\Tune and Tones\Documents\traindata\IMG\center_2026_08_02_20_00_52_192.jpg;0
C:\Users\Tune and Tones\Documents\traindata\IMG\center_2026_08_02_20_00_52_281.jpg;0
C:\Users\Tune and Tones\Documents\traindata\IMG\center_2026_08_02_20_00_52_372.jpg;0
C:\Users\Tune and Tones\Documents\traindata\IMG\center_2026_08_02_20_00_52_458.jpg;0
C:\Users\Tune and Tones\Documents\traindata\IMG\center_2026_08_02_20_00_52_549.jpg;0
C:\Users\Tune and Tones\Documents\traindata\IMG\center_2026_08_02_20_00_52_637.jpg;0
C:\Users\Tune and Tones\Documents\traindata\IMG\center_2026_08_02_20_00_52_732.jpg;0.25
C:\Users\Tune and Tones\Documents\traindata\IMG\center_2026_08_02_20_00_52_820.jpg;0.45
C:\Users\Tune and Tones\Documents\traindata\IMG\center_2026_08_02_20_00_52_915.jpg;0.7
C:\Users\Tune and Tones\Documents\traindata\IMG\center_2026_08_02_20_00_53_001.jpg;0.9000002
C:\Users\Tune and Tones\Documents\traindata\IMG\center_2026_08_02_20_00_53_093.jpg;0
C:\Users\Tune and Tones\Documents\traindata\IMG\center_2026_08_02_20_00_53_186.jpg;0
C:\Users\Tune and Tones\Documents\traindata\IMG\center_2026_08_02_20_00_53_277.jpg;0
C:\Users\Tune and Tones\Documents\traindata\IMG\center_2026_08_02_20_00_53_368.jpg;0
C:\Users\Tune and Tones\Documents\traindata\IMG\center_2026_08_02_20_00_53_461.jpg;0
C:\Users\Tune and Tones\Documents\traindata\IMG\center_2026_08_02_20_00_53_551.jpg;0.25
C:\Users\Tune and Tones\Documents\traindata\IMG\center_2026_08_02_20_00_53_640.jpg;0.45
C:\Users\Tune and Tones\Documents\traindata\IMG\center_2026_08_02_20_00_53_732.jpg;0.7
C:\Users\Tune and Tones\Documents\traindata\IMG\center_2026_08_02_20_00_53_824.jpg;0
C:\Users\Tune and Tones\Documents\traindata\IMG\center_2026_08_02_20_00_53_913.jpg;0
C:\Users\Tune and Tones\Documents\traindata\IMG\center_2026_08_02_20_00_54_007.jpg;0
C:\Users\Tune and Tones\Documents\traindata\IMG\center_2026_08_02_20_00_54_099.jpg;0
C:\Users\Tune and Tones\Documents\traindata\IMG\center_2026_08_02_20_00_54_187.jpg;0.25
C:\Users\Tune and Tones\Documents\traindata\IMG\center_2026_08_02_20_00_54_280.jpg;0.45
C:\Users\Tune and Tones\Documents\traindata\IMG\center_2026_08_02_20_00_54_366.jpg;0.7
C:\Users\Tune and Tones\Documents\traindata\IMG\center_2026_08_02_20_00_54_458.jpg;0.9000002
C:\Users\Tune and Tones\Documents\traindata\IMG\center_2026_08_02_20_00_54_545.jpg;1
C:\Users\Tune and Tones\Documents\traindata\IMG\center_2026_08_02_20_00_54_637.jpg;0
C:\Users\Tune and Tones\Documents\traindata\IMG\center_2026_08_02_20_00_54_731.jpg;0
C:\Users\Tune and Tones\Documents\traindata\IMG\center_2026_08_02_20_00_54_820.jpg;0
C:\Users\Tune and Tones\Documents\traindata\IMG\center_2026_08_02_20_00_54_911.jpg;0
C:\Users\Tune and Tones\Documents\traindata\IMG\center_2026_08_02_20_00_55_005.jpg;0
C:\Users\Tune and Tones\Documents\traindata\IMG\center_2026_08_02_20_00_55_093.jpg;0
C:\Users\Tune and Tones\Documents\traindata\IMG\center_2026_08_02_20_00_55_181.jpg;0
C:\Users\Tune and Tones\Documents\traindata\IMG\center_2026_08_02_20_00_55_265.jpg;0
C:\Users\Tune and Tones\Documents\traindata\IMG\center_2026_08_02_20_00_55_352.jpg;0
C:\Users\Tune and Tones\Documents\traindata\IMG\center_2026_08_02_20_00_55_436.jpg;0
C:\Users\Tune and Tones\Documents\traindata\IMG\center_2026_08_02_20_00_55_518.jpg;0.2
C:\Users\Tune and Tones\Documents\traindata\IMG\center_2026_08_02_20_00_55_601.jpg;0.4
C:\Users\Tune and Tones\Documents\traindata\IMG\center_2026_08_02_20_00_55_689.jpg;0.6500001
C:\Users\Tune and Tones\Documents\traindata\IMG\center_2026_08_02_20_00_55_771.jpg;0
C:\Users\Tune and Tones\Documents\traindata\IMG\center_2026_08_02_20_00_55_859.jpg;0
C:\Users\Tune and Tones\Documents\traindata\IMG\center_2026_08_02_20_00_55_941.jpg;0
C:\Users\Tune and Tones\Documents\traindata\IMG\center_2026_08_02_20_00_56_025.jpg;0
C:\Users\Tune and Tones\Documents\traindata\IMG\center_2026_08_02_20_00_56_110.jpg;0
C:\Users\Tune and Tones\Documents\traindata\IMG\center_2026_08_02_20_00_56_198.jpg;0
C:\Users\Tune and Tones\Documents\traindata\IMG\center_2026_08_02_20_00_56_280.jpg;0
C:\Users\Tune and Tones\Documents\traindata\IMG\center_2026_08_02_20_00_56_363.jpg;0
C:\Users\Tune and Tones\Documents\traindata\IMG\center_2026_08_02_20_00_56_447.jpg;0
C:\Users\Tune and Tones\Documents\traindata\IMG\center_2026_08_02_20_00_56_531.jpg;0
C:\Users\Tune and Tones\Documents\traindata\IMG\center_2026_08_02_20_00_56_619.jpg;0
C:\Users\Tune and Tones\Documents\traindata\IMG\center_2026_08_02_20_00_56_698.jpg;0
C:\Users\Tune and Tones\Documents\traindata\IMG\center_2026_08_02_20_00_56_778.jpg;0
C:\Users\Tune and Tones\Documents\traindata\IMG\center_2026_08_02_20_00_56_859.jpg;0
C:\Users\Tune and Tones\Documents\traindata\IMG\center_2026_08_02_20_00_56_948.jpg;0
C:\Users\Tune and Tones\Documents\traindata\IMG\center_2026_08_02_20_00_57_032.jpg;0
C:\Users\Tune and Tones\Documents\traindata\IMG\center_2026_08_02_20_00_57_111.jpg;0
C:\Users\Tune and Tones\Documents\traindata\IMG\center_2026_08_02_20_00_57_197.jpg;0
C:\Users\Tune and Tones\Documents\traindata\IMG\center_2026_08_02_20_00_57_283.jpg;0.2
C:\Users\Tune and Tones\Documents\traindata\IMG\center_2026_08_02_20_00_57_362.jpg;0.4
C:\Users\Tune and Tones\Documents\traindata\IMG\center_2026_08_02_20_00_57_449.jpg;0
C:\Users\Tune and Tones\Documents\traindata\IMG\center_2026_08_02_20_00_57_530.jpg;0
C:\Users\Tune and Tones\Documents\traindata\IMG\center_2026_08_02_20_00_57_611.jpg;0
C:\Users\Tune and Tones\Documents\traindata\IMG\center_2026_08_02_20_00_57_700.jpg;0
C:\Users\Tune and Tones\Documents\traindata\IMG\center_2026_08_02_20_00_57_774.jpg;0
C:\Users\Tune and Tones\Documents\traindata\IMG\center_2026_08_02_20_00_57_849.jpg;0
C:\Users\Tune and Tones\Documents\traindata\IMG\center_2026_08_02_20_00_57_930.jpg;0
C:\Users\Tune and Tones\Documents\traindata\IMG\center_2026_08_02_20_00_58_014.jpg;0
C:\Users\Tune and Tones\Documents\traindata\IMG\center_2026_08_02_20_00_58_091.jpg;0
C:\Users\Tune and Tones\Documents\traindata\IMG\center_2026_08_02_20_00_58_168.jpg;0
C:\Users\Tune and Tones\Documents\traindata\IMG\center_2026_08_02_20_00_58_243.jpg;0
C:\Users\Tune and Tones\Documents\traindata\IMG\center_2026_08_02_20_00_58_325.jpg;0
C:\Users\Tune and Tones\Documents\traindata\IMG\center_2026_08_02_20_00_58_400.jpg;0
C:\Users\Tune and Tones\Documents\traindata\IMG\center_2026_08_02_20_00_58_477.jpg;0
C:\Users\Tune and Tones\Documents\traindata\IMG\center_2026_08_02_20_00_58_553.jpg;0
C:\Users\Tune and Tones\Documents\traindata\IMG\center_2026_08_02_20_00_58_625.jpg;0
C:\Users\Tune and Tones\Documents\traindata\IMG\center_2026_08_02_20_00_58_703.jpg;0
C:\Users\Tune and Tones\Documents\traindata\IMG\center_2026_08_02_20_00_58_776.jpg;0
C:\Users\Tune and Tones\Documents\traindata\IMG\center_2026_08_02_20_00_58_855.jpg;0.2
C:\Users\Tune and Tones\Documents\traindata\IMG\center_2026_08_02_20_00_58_931.jpg;0.4
C:\Users\Tune and Tones\Documents\traindata\IMG\center_2026_08_02_20_00_59_004.jpg;0
C:\Users\Tune and Tones\Documents\traindata\IMG\center_2026_08_02_20_00_59_087.jpg;0
C:\Users\Tune and Tones\Documents\traindata\IMG\center_2026_08_02_20_00_59_162.jpg;0
C:\Users\Tune and Tones\Documents\traindata\IMG\center_2026_08_02_20_00_59_240.jpg;0
C:\Users\Tune and Tones\Documents\traindata\IMG\center_2026_08_02_20_00_59_324.jpg;0
C:\Users\Tune and Tones\Documents\traindata\IMG\center_2026_08_02_20_00_59_394.jpg;0
C:\Users\Tune and Tones\Documents\traindata\IMG\center_2026_08_02_20_00_59_477.jpg;0
C:\Users\Tune and Tones\Documents\traindata\IMG\center_2026_08_02_20_00_59_552.jpg;0
C:\Users\Tune and Tones\Documents\traindata\IMG\center_2026_08_02_20_00_59_627.jpg;0
C:\Users\Tune and Tones\Documents\traindata\IMG\center_2026_08_02_20_00_59_708.jpg;0
C:\Users\Tune and Tones\Documents\traindata\IMG\center_2026_08_02_20_00_59_783.jpg;0
C:\Users\Tune and Tones\Documents\traindata\IMG\center_2026_08_02_20_00_59_858.jpg;0
C:\Users\Tune and Tones\Documents\traindata\IMG\center_2026_08_02_20_00_59_938.jpg;0
C:\Users\Tune and Tones\Documents\traindata\IMG\center_2026_08_02_20_01_00_029.jpg;0
C:\Users\Tune and Tones\Documents\traindata\IMG\center_2026_08_02_20_01_00_099.jpg;0
C:\Users\Tune and Tones\Documents\traindata\IMG\center_2026_08_02_20_01_00_176.jpg;0
C:\Users\Tune and Tones\Documents\traindata\IMG\center_2026_08_02_20_01_00_253.jpg;0
C:\Users\Tune and Tones\Documents\traindata\IMG\center_2026_08_02_20_01_00_337.jpg;0
C:\Users\Tune and Tones\Documents\traindata\IMG\center_2026_08_02_20_01_00_412.jpg;0
C:\Users\Tune and Tones\Documents\traindata\IMG\center_2026_08_02_20_01_00_490.jpg;0
C:\Users\Tune and Tones\Documents\traindata\IMG\center_2026_08_02_20_01_00_572.jpg;0
C:\Users\Tune and Tones\Documents\traindata\IMG\center_2026_08_02_20_01_00_651.jpg;0
C:\Users\Tune and Tones\Documents\traindata\IMG\center_2026_08_02_20_01_00_727.jpg;0
C:\Users\Tune and Tones\Documents\traindata\IMG\center_2026_08_02_20_01_00_807.jpg;0
C:\Users\Tune and Tones\Documents\traindata\IMG\center_2026_08_02_20_01_00_884.jpg;0
C:\Users\Tune and Tones\Documents\traindata\IMG\center_2026_08_02_20_01_00_960.jpg;0
C:\Users\Tune and Tones\Documents\traindata\IMG\center_2026_08_02_20_01_01_034.jpg;0
C:\Users\Tune and Tones\Documents\traindata\IMG\center_2026_08_02_20_01_01_116.jpg;-0.2
C:\Users\Tune and Tones\Documents\traindata\IMG\center_2026_08_02_20_01_01_192.jpg;0
C:\Users\Tune and Tones\Documents\traindata\IMG\center_2026_08_02_20_01_01_270.jpg;0
C:\Users\Tune and Tones\Documents\traindata\IMG\center_2026_08_02_20_01_01_347.jpg;0
C:\Users\Tune and Tones\Documents\traindata\IMG\center_2026_08_02_20_01_01_429.jpg;0
C:\Users\Tune and Tones\Documents\traindata\IMG\center_2026_08_02_20_01_01_502.jpg;0
C:\Users\Tune and Tones\Documents\traindata\IMG\center_2026_08_02_20_01_01_582.jpg;0
C:\Users\Tune and Tones\Documents\traindata\IMG\center_2026_08_02_20_01_01_664.jpg;0
C:\Users\Tune and Tones\Documents\traindata\IMG\center_2026_08_02_20_01_01_739.jpg;0
C:\Users\Tune and Tones\Documents\traindata\IMG\center_2026_08_02_20_01_01_817.jpg;0
C:\Users\Tune and Tones\Documents\traindata\IMG\center_2026_08_02_20_01_01_898.jpg;0
C:\Users\Tune and Tones\Documents\traindata\IMG\center_2026_08_02_20_01_01_973.jpg;0
C:\Users\Tune and Tones\Documents\traindata\IMG\center_2026_08_02_20_01_02_054.jpg;0
C:\Users\Tune and Tones\Documents\traindata\IMG\center_2026_08_02_20_01_02_127.jpg;0
C:\Users\Tune and Tones\Documents\traindata\IMG\center_2026_08_02_20_01_02_210.jpg;-0.2
C:\Users\Tune and Tones\Documents\traindata\IMG\center_2026_08_02_20_01_02_286.jpg;-0.4
C:\Users\Tune and Tones\Documents\traindata\IMG\center_2026_08_02_20_01_02_365.jpg;0
C:\Users\Tune and Tones\Documents\traindata\IMG\center_2026_08_02_20_01_02_442.jpg;0
C:\Users\Tune and Tones\Documents\traindata\IMG\center_2026_08_02_20_01_02_517.jpg;0
C:\Users\Tune and Tones\Documents\traindata\IMG\center_2026_08_02_20_01_02_593.jpg;0
C:\Users\Tune and Tones\Documents\traindata\IMG\center_2026_08_02_20_01_02_672.jpg;0
C:\Users\Tune and Tones\Documents\traindata\IMG\center_2026_08_02_20_01_02_747.jpg;0
C:\Users\Tune and Tones\Documents\traindata\IMG\center_2026_08_02_20_01_02_825.jpg;0
C:\Users\Tune and Tones\Documents\traindata\IMG\center_2026_08_02_20_01_02_901.jpg;0
C:\Users\Tune and Tones\Documents\traindata\IMG\center_2026_08_02_20_01_02_979.jpg;0
C:\Users\Tune and Tones\Documents\traindata\IMG\center_2026_08_02_20_01_03_056.jpg;0
C:\Users\Tune and Tones\Documents\traindata\IMG\center_2026_08_02_20_01_03_133.jpg;0
C:\Users\Tune and Tones\Documents\traindata\IMG\center_2026_08_02_20_01_03_211.jpg;0
C:\Users\Tune and Tones\Documents\traindata\IMG\center_2026_08_02_20_01_03_288.jpg;0
C:\Users\Tune and Tones\Documents\traindata\IMG\center_2026_08_02_20_01_03_373.jpg;0
C:\Users\Tune and Tones\Documents\traindata\IMG\center_2026_08_02_20_01_03_449.jpg;0
C:\Users\Tune and Tones\Documents\traindata\IMG\center_2026_08_02_20_01_03_529.jpg;0
C:\Users\Tune and Tones\Documents\traindata\IMG\center_2026_08_02_20_01_03_607.jpg;0
C:\Users\Tune and Tones\Documents\traindata\IMG\center_2026_08_02_20_01_03_683.jpg;0
C:\Users\Tune and Tones\Documents\traindata\IMG\center_2026_08_02_20_01_03_756.jpg;0
C:\Users\Tune and Tones\Documents\traindata\IMG\center_2026_08_02_20_01_03_835.jpg;0
C:\Users\Tune and Tones\Documents\traindata\IMG\center_2026_08_02_20_01_03_914.jpg;0
C:\Users\Tune and Tones\Documents\traindata\IMG\center_2026_08_02_20_01_03_997.jpg;0
C:\Users\Tune and Tones\Documents\traindata\IMG\center_2026_08_02_20_01_04_065.jpg;0
C:\Users\Tune and Tones\Documents\traindata\IMG\center_2026_08_02_20_01_04_147.jpg;0
C:\Users\Tune and Tones\Documents\traindata\IMG\center_2026_08_02_20_01_04_224.jpg;0
C:\Users\Tune and Tones\Documents\traindata\IMG\center_2026_08_02_20_01_04_306.jpg;0
C:\Users\Tune and Tones\Documents\traindata\IMG\center_2026_08_02_20_01_04_389.jpg;0
C:\Users\Tune and Tones\Documents\traindata\IMG\center_2026_08_02_20_01_04_462.jpg;0
C:\Users\Tune and Tones\Documents\traindata\IMG\center_2026_08_02_20_01_04_542.jpg;0
C:\Users\Tune and Tones\Documents\traindata\IMG\center_2026_08_02_20_01_04_619.jpg;0
C:\Users\Tune and Tones\Documents\traindata\IMG\center_2026_08_02_20_01_04_702.jpg;0
C:\Users\Tune and Tones\Documents\traindata\IMG\center_2026_08_02_20_01_04_786.jpg;0
C:\Users\Tune and Tones\Documents\traindata\IMG\center_2026_08_02_20_01_04_861.jpg;0
C:\Users\Tune and Tones\Documents\traindata\IMG\center_2026_08_02_20_01_04_939.jpg;0
C:\Users\Tune and Tones\Documents\traindata\IMG\center_2026_08_02_20_01_05_021.jpg;0
C:\Users\Tune and Tones\Documents\traindata\IMG\center_2026_08_02_20_01_05_101.jpg;0
C:\Users\Tune and Tones\Documents\traindata\IMG\center_2026_08_02_20_01_05_179.jpg;0
C:\Users\Tune and Tones\Documents\traindata\IMG\center_2026_08_02_20_01_05_261.jpg;0
C:\Users\Tune and Tones\Documents\traindata\IMG\center_2026_08_02_20_01_05_341.jpg;0.2
C:\Users\Tune and Tones\Documents\traindata\IMG\center_2026_08_02_20_01_05_422.jpg;0.4
C:\Users\Tune and Tones\Documents\traindata\IMG\center_2026_08_02_20_01_05_506.jpg;0
C:\Users\Tune and Tones\Documents\traindata\IMG\center_2026_08_02_20_01_05_587.jpg;0
C:\Users\Tune and Tones\Documents\traindata\IMG\center_2026_08_02_20_01_05_668.jpg;0
C:\Users\Tune and Tones\Documents\traindata\IMG\center_2026_08_02_20_01_05_759.jpg;0
C:\Users\Tune and Tones\Documents\traindata\IMG\center_2026_08_02_20_01_05_843.jpg;0
C:\Users\Tune and Tones\Documents\traindata\IMG\center_2026_08_02_20_01_05_927.jpg;0
C:\Users\Tune and Tones\Documents\traindata\IMG\center_2026_08_02_20_01_06_009.jpg;0
C:\Users\Tune and Tones\Documents\traindata\IMG\center_2026_08_02_20_01_06_093.jpg;0
C:\Users\Tune and Tones\Documents\traindata\IMG\center_2026_08_02_20_01_06_180.jpg;0
C:\Users\Tune and Tones\Documents\traindata\IMG\center_2026_08_02_20_01_06_266.jpg;0
C:\Users\Tune and Tones\Documents\traindata\IMG\center_2026_08_02_20_01_06_348.jpg;0
C:\Users\Tune and Tones\Documents\traindata\IMG\center_2026_08_02_20_01_06_433.jpg;0
C:\Users\Tune and Tones\Documents\traindata\IMG\center_2026_08_02_20_01_06_519.jpg;0.2
C:\Users\Tune and Tones\Documents\traindata\IMG\center_2026_08_02_20_01_06_603.jpg;0.4
C:\Users\Tune and Tones\Documents\traindata\IMG\center_2026_08_02_20_01_06_688.jpg;0
C:\Users\Tune and Tones\Documents\traindata\IMG\center_2026_08_02_20_01_06_774.jpg;0
C:\Users\Tune and Tones\Documents\traindata\IMG\center_2026_08_02_20_01_06_857.jpg;0
C:\Users\Tune and Tones\Documents\traindata\IMG\center_2026_08_02_20_01_06_947.jpg;0
C:\Users\Tune and Tones\Documents\traindata\IMG\center_2026_08_02_20_01_07_030.jpg;0
C:\Users\Tune and Tones\Documents\traindata\IMG\center_2026_08_02_20_01_07_112.jpg;0
C:\Users\Tune and Tones\Documents\traindata\IMG\center_2026_08_02_20_01_07_198.jpg;0
C:\Users\Tune and Tones\Documents\traindata\IMG\center_2026_08_02_20_01_07_287.jpg;0
C:\Users\Tune and Tones\Documents\traindata\IMG\center_2026_08_02_20_01_07_373.jpg;0
C:\Users\Tune and Tones\Documents\traindata\IMG\center_2026_08_02_20_01_07_460.jpg;0
C:\Users\Tune and Tones\Documents\traindata\IMG\center_2026_08_02_20_01_07_547.jpg;0
C:\Users\Tune and Tones\Documents\traindata\IMG\center_2026_08_02_20_01_07_636.jpg;0.2
C:\Users\Tune and Tones\Documents\traindata\IMG\center_2026_08_02_20_01_07_726.jpg;0.4
C:\Users\Tune and Tones\Documents\traindata\IMG\center_2026_08_02_20_01_07_812.jpg;0.6500001
C:\Users\Tune and Tones\Documents\traindata\IMG\center_2026_08_02_20_01_07_897.jpg;0
C:\Users\Tune and Tones\Documents\traindata\IMG\center_2026_08_02_20_01_07_992.jpg;0
C:\Users\Tune and Tones\Documents\traindata\IMG\center_2026_08_02_20_01_08_084.jpg;0
C:\Users\Tune and Tones\Documents\traindata\IMG\center_2026_08_02_20_01_08_180.jpg;0
C:\Users\Tune and Tones\Documents\traindata\IMG\center_2026_08_02_20_01_08_273.jpg;0
C:\Users\Tune and Tones\Documents\traindata\IMG\center_2026_08_02_20_01_08_364.jpg;0
C:\Users\Tune and Tones\Documents\traindata\IMG\center_2026_08_02_20_01_08_468.jpg;0
C:\Users\Tune and Tones\Documents\traindata\IMG\center_2026_08_02_20_01_08_555.jpg;0
C:\Users\Tune and Tones\Documents\traindata\IMG\center_2026_08_02_20_01_08_652.jpg;-0.25
C:\Users\Tune and Tones\Documents\traindata\IMG\center_2026_08_02_20_01_08_748.jpg;-0.5000001
C:\Users\Tune and Tones\Documents\traindata\IMG\center_2026_08_02_20_01_08_854.jpg;0
C:\Users\Tune and Tones\Documents\traindata\IMG\center_2026_08_02_20_01_08_947.jpg;0
C:\Users\Tune and Tones\Documents\traindata\IMG\center_2026_08_02_20_01_09_034.jpg;0
C:\Users\Tune and Tones\Documents\traindata\IMG\center_2026_08_02_20_01_09_131.jpg;0
C:\Users\Tune and Tones\Documents\traindata\IMG\center_2026_08_02_20_01_09_223.jpg;0
C:\Users\Tune and Tones\Documents\traindata\IMG\center_2026_08_02_20_01_09_316.jpg;0
C:\Users\Tune and Tones\Documents\traindata\IMG\center_2026_08_02_20_01_09_412.jpg;0
C:\Users\Tune and Tones\Documents\traindata\IMG\center_2026_08_02_20_01_09_507.jpg;0
C:\Users\Tune and Tones\Documents\traindata\IMG\center_2026_08_02_20_01_09_606.jpg;0
C:\Users\Tune and Tones\Documents\traindata\IMG\center_2026_08_02_20_01_09_700.jpg;0
C:\Users\Tune and Tones\Documents\traindata\IMG\center_2026_08_02_20_01_09_798.jpg;0
C:\Users\Tune and Tones\Documents\traindata\IMG\center_2026_08_02_20_01_09_896.jpg;0
C:\Users\Tune and Tones\Documents\traindata\IMG\center_2026_08_02_20_01_09_995.jpg;0
C:\Users\Tune and Tones\Documents\traindata\IMG\center_2026_08_02_20_01_10_086.jpg;0
C:\Users\Tune and Tones\Documents\traindata\IMG\center_2026_08_02_20_01_10_191.jpg;0
C:\Users\Tune and Tones\Documents\traindata\IMG\center_2026_08_02_20_01_10_291.jpg;0
C:\Users\Tune and Tones\Documents\traindata\IMG\center_2026_08_02_20_01_10_389.jpg;0
C:\Users\Tune and Tones\Documents\traindata\IMG\center_2026_08_02_20_01_10_491.jpg;0
C:\Users\Tune and Tones\Documents\traindata\IMG\center_2026_08_02_20_01_10_589.jpg;0
C:\Users\Tune and Tones\Documents\traindata\IMG\center_2026_08_02_20_01_10_689.jpg;0
C:\Users\Tune and Tones\Documents\traindata\IMG\center_2026_08_02_20_01_10_784.jpg;0.2
C:\Users\Tune and Tones\Documents\traindata\IMG\center_2026_08_02_20_01_10_881.jpg;0.45
C:\Users\Tune and Tones\Documents\traindata\IMG\center_2026_08_02_20_01_10_966.jpg;0.6500001
C:\Users\Tune and Tones\Documents\traindata\IMG\center_2026_08_02_20_01_11_064.jpg;0
C:\Users\Tune and Tones\Documents\traindata\IMG\center_2026_08_02_20_01_11_165.jpg;0
C:\Users\Tune and Tones\Documents\traindata\IMG\center_2026_08_02_20_01_11_264.jpg;0
C:\Users\Tune and Tones\Documents\traindata\IMG\center_2026_08_02_20_01_11_362.jpg;0
C:\Users\Tune and Tones\Documents\traindata\IMG\center_2026_08_02_20_01_11_459.jpg;0
C:\Users\Tune and Tones\Documents\traindata\IMG\center_2026_08_02_20_01_11_554.jpg;0
C:\Users\Tune and Tones\Documents\traindata\IMG\center_2026_08_02_20_01_11_647.jpg;0
C:\Users\Tune and Tones\Documents\traindata\IMG\center_2026_08_02_20_01_11_746.jpg;0
C:\Users\Tune and Tones\Documents\traindata\IMG\center_2026_08_02_20_01_11_844.jpg;0
C:\Users\Tune and Tones\Documents\traindata\IMG\center_2026_08_02_20_01_11_944.jpg;0
C:\Users\Tune and Tones\Documents\traindata\IMG\center_2026_08_02_20_01_12_036.jpg;0
C:\Users\Tune and Tones\Documents\traindata\IMG\center_2026_08_02_20_01_12_131.jpg;0
C:\Users\Tune and Tones\Documents\traindata\IMG\center_2026_08_02_20_01_12_228.jpg;0
C:\Users\Tune and Tones\Documents\traindata\IMG\center_2026_08_02_20_01_12_326.jpg;0
C:\Users\Tune and Tones\Documents\traindata\IMG\center_2026_08_02_20_01_12_423.jpg;0
C:\Users\Tune and Tones\Documents\traindata\IMG\center_2026_08_02_20_01_12_520.jpg;0.25
C:\Users\Tune and Tones\Documents\traindata\IMG\center_2026_08_02_20_01_12_615.jpg;0.5000001
C:\Users\Tune and Tones\Documents\traindata\IMG\center_2026_08_02_20_01_12_711.jpg;0
C:\Users\Tune and Tones\Documents\traindata\IMG\center_2026_08_02_20_01_12_809.jpg;0
C:\Users\Tune and Tones\Documents\traindata\IMG\center_2026_08_02_20_01_12_908.jpg;0
C:\Users\Tune and Tones\Documents\traindata\IMG\center_2026_08_02_20_01_13_007.jpg;0
C:\Users\Tune and Tones\Documents\traindata\IMG\center_2026_08_02_20_01_13_107.jpg;0
C:\Users\Tune and Tones\Documents\traindata\IMG\center_2026_08_02_20_01_13_205.jpg;0
C:\Users\Tune and Tones\Documents\traindata\IMG\center_2026_08_02_20_01_13_306.jpg;0
C:\Users\Tune and Tones\Documents\traindata\IMG\center_2026_08_02_20_01_13_412.jpg;0
C:\Users\Tune and Tones\Documents\traindata\IMG\center_2026_08_02_20_01_13_518.jpg;0
C:\Users\Tune and Tones\Documents\traindata\IMG\center_2026_08_02_20_01_13_620.jpg;0
C:\Users\Tune and Tones\Documents\traindata\IMG\center_2026_08_02_20_01_13_722.jpg;0.25
C:\Users\Tune and Tones\Documents\traindata\IMG\center_2026_08_02_20_01_13_825.jpg;0.5000001
C:\Users\Tune and Tones\Documents\traindata\IMG\center_2026_08_02_20_01_13_927.jpg;0.7500002
C:\Users\Tune and Tones\Documents\traindata\IMG\center_2026_08_02_20_01_14_034.jpg;0
C:\Users\Tune and Tones\Documents\traindata\IMG\center_2026_08_02_20_01_14_139.jpg;0
C:\Users\Tune and Tones\Documents\traindata\IMG\center_2026_08_02_20_01_14_246.jpg;0
C:\Users\Tune and Tones\Documents\traindata\IMG\center_2026_08_02_20_01_14_358.jpg;0
C:\Users\Tune and Tones\Documents\traindata\IMG\center_2026_08_02_20_01_14_469.jpg;0
C:\Users\Tune and Tones\Documents\traindata\IMG\center_2026_08_02_20_01_14_573.jpg;0
C:\Users\Tune and Tones\Documents\traindata\IMG\center_2026_08_02_20_01_14_681.jpg;0
C:\Users\Tune and Tones\Documents\traindata\IMG\center_2026_08_02_20_01_14_797.jpg;0
C:\Users\Tune and Tones\Documents\traindata\IMG\center_2026_08_02_20_01_14_904.jpg;0
C:\Users\Tune and Tones\Documents\traindata\IMG\center_2026_08_02_20_01_15_013.jpg;0
C:\Users\Tune and Tones\Documents\traindata\IMG\center_2026_08_02_20_01_15_125.jpg;0
C:\Users\Tune and Tones\Documents\traindata\IMG\center_2026_08_02_20_01_15_237.jpg;0
C:\Users\Tune and Tones\Documents\traindata\IMG\center_2026_08_02_20_01_15_349.jpg;0
C:\Users\Tune and Tones\Documents\traindata\IMG\center_2026_08_02_20_01_15_463.jpg;0.25
C:\Users\Tune and Tones\Documents\traindata\IMG\center_2026_08_02_20_01_15_574.jpg;0.5500001
C:\Users\Tune and Tones\Documents\traindata\IMG\center_2026_08_02_20_01_15_688.jpg;0.8500001
C:\Users\Tune and Tones\Documents\traindata\IMG\center_2026_08_02_20_01_15_801.jpg;0
C:\Users\Tune and Tones\Documents\traindata\IMG\center_2026_08_02_20_01_15_919.jpg;0
C:\Users\Tune and Tones\Documents\traindata\IMG\center_2026_08_02_20_01_16_033.jpg;0
C:\Users\Tune and Tones\Documents\traindata\IMG\center_2026_08_02_20_01_16_144.jpg;0
C:\Users\Tune and Tones\Documents\traindata\IMG\center_2026_08_02_20_01_16_259.jpg;0
C:\Users\Tune and Tones\Documents\traindata\IMG\center_2026_08_02_20_01_16_371.jpg;0.3
C:\Users\Tune and Tones\Documents\traindata\IMG\center_2026_08_02_20_01_16_483.jpg;0.5500001
C:\Users\Tune and Tones\Documents\traindata\IMG\center_2026_08_02_20_01_16_597.jpg;0
C:\Users\Tune and Tones\Documents\traindata\IMG\center_2026_08_02_20_01_16_720.jpg;0
C:\Users\Tune and Tones\Documents\traindata\IMG\center_2026_08_02_20_01_16_837.jpg;0
C:\Users\Tune and Tones\Documents\traindata\IMG\center_2026_08_02_20_01_16_941.jpg;0
C:\Users\Tune and Tones\Documents\traindata\IMG\center_2026_08_02_20_01_17_063.jpg;0
C:\Users\Tune and Tones\Documents\traindata\IMG\center_2026_08_02_20_01_17_172.jpg;0
C:\Users\Tune and Tones\Documents\traindata\IMG\center_2026_08_02_20_01_17_281.jpg;0
C:\Users\Tune and Tones\Documents\traindata\IMG\center_2026_08_02_20_01_17_392.jpg;0
C:\Users\Tune and Tones\Documents\traindata\IMG\center_2026_08_02_20_01_17_494.jpg;0
C:\Users\Tune and Tones\Documents\traindata\IMG\center_2026_08_02_20_01_17_610.jpg;0
C:\Users\Tune and Tones\Documents\traindata\IMG\center_2026_08_02_20_01_17_727.jpg;0
C:\Users\Tune and Tones\Documents\traindata\IMG\center_2026_08_02_20_01_17_835.jpg;0
C:\Users\Tune and Tones\Documents\traindata\IMG\center_2026_08_02_20_01_17_936.jpg;0.25
C:\Users\Tune and Tones\Documents\traindata\IMG\center_2026_08_02_20_01_18_049.jpg;0.5500001
C:\Users\Tune and Tones\Documents\traindata\IMG\center_2026_08_02_20_01_18_162.jpg;0
C:\Users\Tune and Tones\Documents\traindata\IMG\center_2026_08_02_20_01_18_265.jpg;0
C:\Users\Tune and Tones\Documents\traindata\IMG\center_2026_08_02_20_01_18_382.jpg;0
C:\Users\Tune and Tones\Documents\traindata\IMG\center_2026_08_02_20_01_18_488.jpg;0
C:\Users\Tune and Tones\Documents\traindata\IMG\center_2026_08_02_20_01_18_595.jpg;0
C:\Users\Tune and Tones\Documents\traindata\IMG\center_2026_08_02_20_01_18_707.jpg;0.3
C:\Users\Tune and Tones\Documents\traindata\IMG\center_2026_08_02_20_01_18_818.jpg;0.5500001
C:\Users\Tune and Tones\Documents\traindata\IMG\center_2026_08_02_20_01_18_933.jpg;0.8500001
C:\Users\Tune and Tones\Documents\traindata\IMG\center_2026_08_02_20_01_19_062.jpg;0
C:\Users\Tune and Tones\Documents\traindata\IMG\center_2026_08_02_20_01_19_179.jpg;0
C:\Users\Tune and Tones\Documents\traindata\IMG\center_2026_08_02_20_01_19_291.jpg;0
C:\Users\Tune and Tones\Documents\traindata\IMG\center_2026_08_02_20_01_19_394.jpg;0
C:\Users\Tune and Tones\Documents\traindata\IMG\center_2026_08_02_20_01_19_494.jpg;0
C:\Users\Tune and Tones\Documents\traindata\IMG\center_2026_08_02_20_01_19_594.jpg;0
C:\Users\Tune and Tones\Documents\traindata\IMG\center_2026_08_02_20_01_19_693.jpg;0
C:\Users\Tune and Tones\Documents\traindata\IMG\center_2026_08_02_20_01_19_797.jpg;0
C:\Users\Tune and Tones\Documents\traindata\IMG\center_2026_08_02_20_01_19_898.jpg;0
C:\Users\Tune and Tones\Documents\traindata\IMG\center_2026_08_02_20_01_19_997.jpg;0
C:\Users\Tune and Tones\Documents\traindata\IMG\center_2026_08_02_20_01_20_088.jpg;0.25
C:\Users\Tune and Tones\Documents\traindata\IMG\center_2026_08_02_20_01_20_182.jpg;0.45
C:\Users\Tune and Tones\Documents\traindata\IMG\center_2026_08_02_20_01_20_287.jpg;0
C:\Users\Tune and Tones\Documents\traindata\IMG\center_2026_08_02_20_01_20_390.jpg;0
C:\Users\Tune and Tones\Documents\traindata\IMG\center_2026_08_02_20_01_20_484.jpg;0
C:\Users\Tune and Tones\Documents\traindata\IMG\center_2026_08_02_20_01_20_585.jpg;0
C:\Users\Tune and Tones\Documents\traindata\IMG\center_2026_08_02_20_01_20_683.jpg;0
C:\Users\Tune and Tones\Documents\traindata\IMG\center_2026_08_02_20_01_20_781.jpg;0
C:\Users\Tune and Tones\Documents\traindata\IMG\center_2026_08_02_20_01_20_880.jpg;0
C:\Users\Tune and Tones\Documents\traindata\IMG\center_2026_08_02_20_01_20_981.jpg;0
C:\Users\Tune and Tones\Documents\traindata\IMG\center_2026_08_02_20_01_21_079.jpg;0
C:\Users\Tune and Tones\Documents\traindata\IMG\center_2026_08_02_20_01_21_176.jpg;0.25
C:\Users\Tune and Tones\Documents\traindata\IMG\center_2026_08_02_20_01_21_281.jpg;0.5000001
C:\Users\Tune and Tones\Documents\traindata\IMG\center_2026_08_02_20_01_21_382.jpg;0.7500002
C:\Users\Tune and Tones\Documents\traindata\IMG\center_2026_08_02_20_01_21_475.jpg;0
C:\Users\Tune and Tones\Documents\traindata\IMG\center_2026_08_02_20_01_21_570.jpg;0
C:\Users\Tune and Tones\Documents\traindata\IMG\center_2026_08_02_20_01_21_667.jpg;0
C:\Users\Tune and Tones\Documents\traindata\IMG\center_2026_08_02_20_01_21_768.jpg;0
C:\Users\Tune and Tones\Documents\traindata\IMG\center_2026_08_02_20_01_21_851.jpg;0
C:\Users\Tune and Tones\Documents\traindata\IMG\center_2026_08_02_20_01_21_940.jpg;0
C:\Users\Tune and Tones\Documents\traindata\IMG\center_2026_08_02_20_01_22_033.jpg;0
C:\Users\Tune and Tones\Documents\traindata\IMG\center_2026_08_02_20_01_22_125.jpg;0
C:\Users\Tune and Tones\Documents\traindata\IMG\center_2026_08_02_20_01_22_214.jpg;0
C:\Users\Tune and Tones\Documents\traindata\IMG\center_2026_08_02_20_01_22_300.jpg;0
C:\Users\Tune and Tones\Documents\traindata\IMG\center_2026_08_02_20_01_22_390.jpg;0
C:\Users\Tune and Tones\Documents\traindata\IMG\center_2026_08_02_20_01_22_484.jpg;0
C:\Users\Tune and Tones\Documents\traindata\IMG\center_2026_08_02_20_01_22_573.jpg;0
C:\Users\Tune and Tones\Documents\traindata\IMG\center_2026_08_02_20_01_22_661.jpg;0
C:\Users\Tune and Tones\Documents\traindata\IMG\center_2026_08_02_20_01_22_751.jpg;0
C:\Users\Tune and Tones\Documents\traindata\IMG\center_2026_08_02_20_01_22_839.jpg;0
C:\Users\Tune and Tones\Documents\traindata\IMG\center_2026_08_02_20_01_22_933.jpg;0
C:\Users\Tune and Tones\Documents\traindata\IMG\center_2026_08_02_20_01_23_024.jpg;0
C:\Users\Tune and Tones\Documents\traindata\IMG\center_2026_08_02_20_01_23_113.jpg;0
C:\Users\Tune and Tones\Documents\traindata\IMG\center_2026_08_02_20_01_23_201.jpg;0
C:\Users\Tune and Tones\Documents\traindata\IMG\center_2026_08_02_20_01_23_290.jpg;0
C:\Users\Tune and Tones\Documents\traindata\IMG\center_2026_08_02_20_01_23_382.jpg;0
C:\Users\Tune and Tones\Documents\traindata\IMG\center_2026_08_02_20_01_23_465.jpg;0
C:\Users\Tune and Tones\Documents\traindata\IMG\center_2026_08_02_20_01_23_558.jpg;0
C:\Users\Tune and Tones\Documents\traindata\IMG\center_2026_08_02_20_01_23_647.jpg;0
C:\Users\Tune and Tones\Documents\traindata\IMG\center_2026_08_02_20_01_23_745.jpg;0
C:\Users\Tune and Tones\Documents\traindata\IMG\center_2026_08_02_20_01_23_825.jpg;0
C:\Users\Tune and Tones\Documents\traindata\IMG\center_2026_08_02_20_01_23_912.jpg;0
C:\Users\Tune and Tones\Documents\traindata\IMG\center_2026_08_02_20_01_23_994.jpg;0
C:\Users\Tune and Tones\Documents\traindata\IMG\center_2026_08_02_20_01_24_085.jpg;0.2
C:\Users\Tune and Tones\Documents\traindata\IMG\center_2026_08_02_20_01_24_175.jpg;0.45
C:\Users\Tune and Tones\Documents\traindata\IMG\center_2026_08_02_20_01_24_263.jpg;0
C:\Users\Tune and Tones\Documents\traindata\IMG\center_2026_08_02_20_01_24_354.jpg;0
C:\Users\Tune and Tones\Documents\traindata\IMG\center_2026_08_02_20_01_24_443.jpg;0
C:\Users\Tune and Tones\Documents\traindata\IMG\center_2026_08_02_20_01_24_526.jpg;0
C:\Users\Tune and Tones\Documents\traindata\IMG\center_2026_08_02_20_01_24_616.jpg;0
C:\Users\Tune and Tones\Documents\traindata\IMG\center_2026_08_02_20_01_24_701.jpg;0
C:\Users\Tune and Tones\Documents\traindata\IMG\center_2026_08_02_20_01_24_781.jpg;0
C:\Users\Tune and Tones\Documents\traindata\IMG\center_2026_08_02_20_01_24_864.jpg;0
C:\Users\Tune and Tones\Documents\traindata\IMG\center_2026_08_02_20_01_24_951.jpg;0
C:\Users\Tune and Tones\Documents\traindata\IMG\center_2026_08_02_20_01_25_042.jpg;0
C:\Users\Tune and Tones\Documents\traindata\IMG\center_2026_08_02_20_01_25_121.jpg;0
C:\Users\Tune and Tones\Documents\traindata\IMG\center_2026_08_02_20_01_25_203.jpg;0
C:\Users\Tune and Tones\Documents\traindata\IMG\center_2026_08_02_20_01_25_284.jpg;0
C:\Users\Tune and Tones\Documents\traindata\IMG\center_2026_08_02_20_01_25_369.jpg;0
C:\Users\Tune and Tones\Documents\traindata\IMG\center_2026_08_02_20_01_25_451.jpg;0
C:\Users\Tune and Tones\Documents\traindata\IMG\center_2026_08_02_20_01_25_535.jpg;0
C:\Users\Tune and Tones\Documents\traindata\IMG\center_2026_08_02_20_01_25_621.jpg;0
C:\Users\Tune and Tones\Documents\traindata\IMG\center_2026_08_02_20_01_25_704.jpg;0
C:\Users\Tune and Tones\Documents\traindata\IMG\center_2026_08_02_20_01_25_781.jpg;0
C:\Users\Tune and Tones\Documents\traindata\IMG\center_2026_08_02_20_01_25_869.jpg;0.25
C:\Users\Tune and Tones\Documents\traindata\IMG\center_2026_08_02_20_01_25_952.jpg;0.45
C:\Users\Tune and Tones\Documents\traindata\IMG\center_2026_08_02_20_01_26_034.jpg;0
C:\Users\Tune and Tones\Documents\traindata\IMG\center_2026_08_02_20_01_26_116.jpg;0
C:\Users\Tune and Tones\Documents\traindata\IMG\center_2026_08_02_20_01_26_195.jpg;0
C:\Users\Tune and Tones\Documents\traindata\IMG\center_2026_08_02_20_01_26_278.jpg;0
C:\Users\Tune and Tones\Documents\traindata\IMG\center_2026_08_02_20_01_26_359.jpg;0
C:\Users\Tune and Tones\Documents\traindata\IMG\center_2026_08_02_20_01_26_441.jpg;0
C:\Users\Tune and Tones\Documents\traindata\IMG\center_2026_08_02_20_01_26_523.jpg;0
C:\Users\Tune and Tones\Documents\traindata\IMG\center_2026_08_02_20_01_26_606.jpg;0
C:\Users\Tune and Tones\Documents\traindata\IMG\center_2026_08_02_20_01_26_685.jpg;0
C:\Users\Tune and Tones\Documents\traindata\IMG\center_2026_08_02_20_01_26_769.jpg;0
C:\Users\Tune and Tones\Documents\traindata\IMG\center_2026_08_02_20_01_26_851.jpg;0
C:\Users\Tune and Tones\Documents\traindata\IMG\center_2026_08_02_20_01_26_934.jpg;0
C:\Users\Tune and Tones\Documents\traindata\IMG\center_2026_08_02_20_01_27_013.jpg;0
C:\Users\Tune and Tones\Documents\traindata\IMG\center_2026_08_02_20_01_27_094.jpg;0
C:\Users\Tune and Tones\Documents\traindata\IMG\center_2026_08_02_20_01_27_176.jpg;0
C:\Users\Tune and Tones\Documents\traindata\IMG\center_2026_08_02_20_01_27_259.jpg;0
C:\Users\Tune and Tones\Documents\traindata\IMG\center_2026_08_02_20_01_27_340.jpg;0.2
C:\Users\Tune and Tones\Documents\traindata\IMG\center_2026_08_02_20_01_27_417.jpg;0.4
C:\Users\Tune and Tones\Documents\traindata\IMG\center_2026_08_02_20_01_27_502.jpg;0.6000001
C:\Users\Tune and Tones\Documents\traindata\IMG\center_2026_08_02_20_01_27_581.jpg;0
C:\Users\Tune and Tones\Documents\traindata\IMG\center_2026_08_02_20_01_27_663.jpg;0
C:\Users\Tune and Tones\Documents\traindata\IMG\center_2026_08_02_20_01_27_750.jpg;0
C:\Users\Tune and Tones\Documents\traindata\IMG\center_2026_08_02_20_01_27_821.jpg;0
C:\Users\Tune and Tones\Documents\traindata\IMG\center_2026_08_02_20_01_27_901.jpg;0
C:\Users\Tune and Tones\Documents\traindata\IMG\center_2026_08_02_20_01_27_982.jpg;0
C:\Users\Tune and Tones\Documents\traindata\IMG\center_2026_08_02_20_01_28_060.jpg;0
C:\Users\Tune and Tones\Documents\traindata\IMG\center_2026_08_02_20_01_28_145.jpg;0
C:\Users\Tune and Tones\Documents\traindata\IMG\center_2026_08_02_20_01_28_223.jpg;0
C:\Users\Tune and Tones\Documents\traindata\IMG\center_2026_08_02_20_01_28_303.jpg;0
C:\Users\Tune and Tones\Documents\traindata\IMG\center_2026_08_02_20_01_28_381.jpg;0
C:\Users\Tune and Tones\Documents\traindata\IMG\center_2026_08_02_20_01_28_458.jpg;0
C:\Users\Tune and Tones\Documents\traindata\IMG\center_2026_08_02_20_01_28_538.jpg;0
C:\Users\Tune and Tones\Documents\traindata\IMG\center_2026_08_02_20_01_28_617.jpg;0
C:\Users\Tune and Tones\Documents\traindata\IMG\center_2026_08_02_20_01_28_691.jpg;-0.2
C:\Users\Tune and Tones\Documents\traindata\IMG\center_2026_08_02_20_01_28_772.jpg;-0.4
C:\Users\Tune and Tones\Documents\traindata\IMG\center_2026_08_02_20_01_28_850.jpg;0
C:\Users\Tune and Tones\Documents\traindata\IMG\center_2026_08_02_20_01_28_929.jpg;0
C:\Users\Tune and Tones\Documents\traindata\IMG\center_2026_08_02_20_01_29_005.jpg;0
C:\Users\Tune and Tones\Documents\traindata\IMG\center_2026_08_02_20_01_29_085.jpg;0
C:\Users\Tune and Tones\Documents\traindata\IMG\center_2026_08_02_20_01_29_162.jpg;0
C:\Users\Tune and Tones\Documents\traindata\IMG\center_2026_08_02_20_01_29_239.jpg;0
C:\Users\Tune and Tones\Documents\traindata\IMG\center_2026_08_02_20_01_29_317.jpg;0
C:\Users\Tune and Tones\Documents\traindata\IMG\center_2026_08_02_20_01_29_394.jpg;0
C:\Users\Tune and Tones\Documents\traindata\IMG\center_2026_08_02_20_01_29_472.jpg;0
C:\Users\Tune and Tones\Documents\traindata\IMG\center_2026_08_02_20_01_29_555.jpg;0
C:\Users\Tune and Tones\Documents\traindata\IMG\center_2026_08_02_20_01_29_628.jpg;0
C:\Users\Tune and Tones\Documents\traindata\IMG\center_2026_08_02_20_01_29_710.jpg;0
C:\Users\Tune and Tones\Documents\traindata\IMG\center_2026_08_02_20_01_29_786.jpg;0
C:\Users\Tune and Tones\Documents\traindata\IMG\center_2026_08_02_20_01_29_865.jpg;0
C:\Users\Tune and Tones\Documents\traindata\IMG\center_2026_08_02_20_01_29_941.jpg;0
C:\Users\Tune and Tones\Documents\traindata\IMG\center_2026_08_02_20_01_30_018.jpg;0
C:\Users\Tune and Tones\Documents\traindata\IMG\center_2026_08_02_20_01_30_096.jpg;0
C:\Users\Tune and Tones\Documents\traindata\IMG\center_2026_08_02_20_01_30_175.jpg;0
C:\Users\Tune and Tones\Documents\traindata\IMG\center_2026_08_02_20_01_30_253.jpg;0
C:\Users\Tune and Tones\Documents\traindata\IMG\center_2026_08_02_20_01_30_330.jpg;0
C:\Users\Tune and Tones\Documents\traindata\IMG\center_2026_08_02_20_01_30_407.jpg;0
C:\Users\Tune and Tones\Documents\traindata\IMG\center_2026_08_02_20_01_30_483.jpg;0
C:\Users\Tune and Tones\Documents\traindata\IMG\center_2026_08_02_20_01_30_559.jpg;0
C:\Users\Tune and Tones\Documents\traindata\IMG\center_2026_08_02_20_01_30_637.jpg;0
C:\Users\Tune and Tones\Documents\traindata\IMG\center_2026_08_02_20_01_30_714.jpg;0
C:\Users\Tune and Tones\Documents\traindata\IMG\center_2026_08_02_20_01_30_785.jpg;0
C:\Users\Tune and Tones\Documents\traindata\IMG\center_2026_08_02_20_01_30_861.jpg;0
C:\Users\Tune and Tones\Documents\traindata\IMG\center_2026_08_02_20_01_30_937.jpg;0.2
C:\Users\Tune and Tones\Documents\traindata\IMG\center_2026_08_02_20_01_31_022.jpg;0.4
C:\Users\Tune and Tones\Documents\traindata\IMG\center_2026_08_02_20_01_31_092.jpg;0
C:\Users\Tune and Tones\Documents\traindata\IMG\center_2026_08_02_20_01_31_171.jpg;0
C:\Users\Tune and Tones\Documents\traindata\IMG\center_2026_08_02_20_01_31_244.jpg;0
C:\Users\Tune and Tones\Documents\traindata\IMG\center_2026_08_02_20_01_31_319.jpg;0
C:\Users\Tune and Tones\Documents\traindata\IMG\center_2026_08_02_20_01_31_393.jpg;0
C:\Users\Tune and Tones\Documents\traindata\IMG\center_2026_08_02_20_01_31_468.jpg;0
C:\Users\Tune and Tones\Documents\traindata\IMG\center_2026_08_02_20_01_31_543.jpg;0
C:\Users\Tune and Tones\Documents\traindata\IMG\center_2026_08_02_20_01_31_614.jpg;0
C:\Users\Tune and Tones\Documents\traindata\IMG\center_2026_08_02_20_01_31_692.jpg;0
C:\Users\Tune and Tones\Documents\traindata\IMG\center_2026_08_02_20_01_31_768.jpg;0
C:\Users\Tune and Tones\Documents\traindata\IMG\center_2026_08_02_20_01_31_843.jpg;0
C:\Users\Tune and Tones\Documents\traindata\IMG\center_2026_08_02_20_01_31_919.jpg;0
C:\Users\Tune and Tones\Documents\traindata\IMG\center_2026_08_02_20_01_31_994.jpg;0
C:\Users\Tune and Tones\Documents\traindata\IMG\center_2026_08_02_20_01_32_070.jpg;0
C:\Users\Tune and Tones\Documents\traindata\IMG\center_2026_08_02_20_01_32_142.jpg;0
C:\Users\Tune and Tones\Documents\traindata\IMG\center_2026_08_02_20_01_32_222.jpg;0
C:\Users\Tune and Tones\Documents\traindata\IMG\center_2026_08_02_20_01_32_292.jpg;0.2
C:\Users\Tune and Tones\Documents\traindata\IMG\center_2026_08_02_20_01_32_370.jpg;0.4
C:\Users\Tune and Tones\Documents\traindata\IMG\center_2026_08_02_20_01_32_446.jpg;0
C:\Users\Tune and Tones\Documents\traindata\IMG\center_2026_08_02_20_01_32_519.jpg;0
C:\Users\Tune and Tones\Documents\traindata\IMG\center_2026_08_02_20_01_32_596.jpg;0
C:\Users\Tune and Tones\Documents\traindata\IMG\center_2026_08_02_20_01_32_673.jpg;0
C:\Users\Tune and Tones\Documents\traindata\IMG\center_2026_08_02_20_01_32_744.jpg;0
C:\Users\Tune and Tones\Documents\traindata\IMG\center_2026_08_02_20_01_32_822.jpg;0
C:\Users\Tune and Tones\Documents\traindata\IMG\center_2026_08_02_20_01_32_898.jpg;0
C:\Users\Tune and Tones\Documents\traindata\IMG\center_2026_08_02_20_01_32_967.jpg;0
C:\Users\Tune and Tones\Documents\traindata\IMG\center_2026_08_02_20_01_33_046.jpg;0
C:\Users\Tune and Tones\Documents\traindata\IMG\center_2026_08_02_20_01_33_125.jpg;0
C:\Users\Tune and Tones\Documents\traindata\IMG\center_2026_08_02_20_01_33_199.jpg;0
C:\Users\Tune and Tones\Documents\traindata\IMG\center_2026_08_02_20_01_33_275.jpg;0
C:\Users\Tune and Tones\Documents\traindata\IMG\center_2026_08_02_20_01_33_346.jpg;0
C:\Users\Tune and Tones\Documents\traindata\IMG\center_2026_08_02_20_01_33_418.jpg;0
C:\Users\Tune and Tones\Documents\traindata\IMG\center_2026_08_02_20_01_33_495.jpg;0
C:\Users\Tune and Tones\Documents\traindata\IMG\center_2026_08_02_20_01_33_570.jpg;0
C:\Users\Tune and Tones\Documents\traindata\IMG\center_2026_08_02_20_01_33_645.jpg;0
C:\Users\Tune and Tones\Documents\traindata\IMG\center_2026_08_02_20_01_33_723.jpg;0
C:\Users\Tune and Tones\Documents\traindata\IMG\center_2026_08_02_20_01_33_796.jpg;0
C:\Users\Tune and Tones\Documents\traindata\IMG\center_2026_08_02_20_01_33_870.jpg;0
C:\Users\Tune and Tones\Documents\traindata\IMG\center_2026_08_02_20_01_33_945.jpg;0
C:\Users\Tune and Tones\Documents\traindata\IMG\center_2026_08_02_20_01_34_018.jpg;0
C:\Users\Tune and Tones\Documents\traindata\IMG\center_2026_08_02_20_01_34_094.jpg;0
C:\Users\Tune and Tones\Documents\traindata\IMG\center_2026_08_02_20_01_34_163.jpg;0
C:\Users\Tune and Tones\Documents\traindata\IMG\center_2026_08_02_20_01_34_239.jpg;0
C:\Users\Tune and Tones\Documents\traindata\IMG\center_2026_08_02_20_01_34_313.jpg;0
C:\Users\Tune and Tones\Documents\traindata\IMG\center_2026_08_02_20_01_34_386.jpg;0
C:\Users\Tune and Tones\Documents\traindata\IMG\center_2026_08_02_20_01_34_529.jpg;0
C:\Users\Tune and Tones\Documents\traindata\IMG\center_2026_08_02_20_01_34_598.jpg;0
C:\Users\Tune and Tones\Documents\traindata\IMG\center_2026_08_02_20_01_34_672.jpg;0
C:\Users\Tune and Tones\Documents\traindata\IMG\center_2026_08_02_20_01_34_746.jpg;0
C:\Users\Tune and Tones\Documents\traindata\IMG\center_2026_08_02_20_01_34_818.jpg;0
C:\Users\Tune and Tones\Documents\traindata\IMG\center_2026_08_02_20_01_34_888.jpg;0
C:\Users\Tune and Tones\Documents\traindata\IMG\center_2026_08_02_20_01_34_958.jpg;0
C:\Users\Tune and Tones\Documents\traindata\IMG\center_2026_08_02_20_01_35_033.jpg;0
C:\Users\Tune and Tones\Documents\traindata\IMG\center_2026_08_02_20_01_35_108.jpg;0
C:\Users\Tune and Tones\Documents\traindata\IMG\center_2026_08_02_20_01_35_179.jpg;0
C:\Users\Tune and Tones\Documents\traindata\IMG\center_2026_08_02_20_01_35_247.jpg;0
C:\Users\Tune and Tones\Documents\traindata\IMG\center_2026_08_02_20_01_35_322.jpg;0.15
C:\Users\Tune and Tones\Documents\traindata\IMG\center_2026_08_02_20_01_35_391.jpg;0.35
C:\Users\Tune and Tones\Documents\traindata\IMG\center_2026_08_02_20_01_35_468.jpg;0
C:\Users\Tune and Tones\Documents\traindata\IMG\center_2026_08_02_20_01_35_538.jpg;0
C:\Users\Tune and Tones\Documents\traindata\IMG\center_2026_08_02_20_01_35_608.jpg;0
C:\Users\Tune and Tones\Documents\traindata\IMG\center_2026_08_02_20_01_35_680.jpg;0
C:\Users\Tune and Tones\Documents\traindata\IMG\center_2026_08_02_20_01_35_752.jpg;0
C:\Users\Tune and Tones\Documents\traindata\IMG\center_2026_08_02_20_01_35_830.jpg;0
C:\Users\Tune and Tones\Documents\traindata\IMG\center_2026_08_02_20_01_35_898.jpg;0
C:\Users\Tune and Tones\Documents\traindata\IMG\center_2026_08_02_20_01_35_974.jpg;0
C:\Users\Tune and Tones\Documents\traindata\IMG\center_2026_08_02_20_01_36_050.jpg;0
C:\Users\Tune and Tones\Documents\traindata\IMG\center_2026_08_02_20_01_36_124.jpg;0
C:\Users\Tune and Tones\Documents\traindata\IMG\center_2026_08_02_20_01_36_195.jpg;0
C:\Users\Tune and Tones\Documents\traindata\IMG\center_2026_08_02_20_01_36_270.jpg;0
C:\Users\Tune and Tones\Documents\traindata\IMG\center_2026_08_02_20_01_36_345.jpg;0
C:\Users\Tune and Tones\Documents\traindata\IMG\center_2026_08_02_20_01_36_414.jpg;0.2
C:\Users\Tune and Tones\Documents\traindata\IMG\center_2026_08_02_20_01_36_495.jpg;0
C:\Users\Tune and Tones\Documents\traindata\IMG\center_2026_08_02_20_01_36_568.jpg;0
C:\Users\Tune and Tones\Documents\traindata\IMG\center_2026_08_02_20_01_36_641.jpg;0
C:\Users\Tune and Tones\Documents\traindata\IMG\center_2026_08_02_20_01_36_721.jpg;0
C:\Users\Tune and Tones\Documents\traindata\IMG\center_2026_08_02_20_01_36_796.jpg;0
C:\Users\Tune and Tones\Documents\traindata\IMG\center_2026_08_02_20_01_36_872.jpg;0
C:\Users\Tune and Tones\Documents\traindata\IMG\center_2026_08_02_20_01_36_951.jpg;0
C:\Users\Tune and Tones\Documents\traindata\IMG\center_2026_08_02_20_01_37_026.jpg;0
C:\Users\Tune and Tones\Documents\traindata\IMG\center_2026_08_02_20_01_37_098.jpg;0
C:\Users\Tune and Tones\Documents\traindata\IMG\center_2026_08_02_20_01_37_177.jpg;0
C:\Users\Tune and Tones\Documents\traindata\IMG\center_2026_08_02_20_01_37_254.jpg;0
C:\Users\Tune and Tones\Documents\traindata\IMG\center_2026_08_02_20_01_37_331.jpg;0
C:\Users\Tune and Tones\Documents\traindata\IMG\center_2026_08_02_20_01_37_404.jpg;0
C:\Users\Tune and Tones\Documents\traindata\IMG\center_2026_08_02_20_01_37_479.jpg;0
C:\Users\Tune and Tones\Documents\traindata\IMG\center_2026_08_02_20_01_37_557.jpg;0
C:\Users\Tune and Tones\Documents\traindata\IMG\center_2026_08_02_20_01_37_632.jpg;0.2
C:\Users\Tune and Tones\Documents\traindata\IMG\center_2026_08_02_20_01_37_708.jpg;0.4
C:\Users\Tune and Tones\Documents\traindata\IMG\center_2026_08_02_20_01_37_782.jpg;0
C:\Users\Tune and Tones\Documents\traindata\IMG\center_2026_08_02_20_01_37_858.jpg;0
C:\Users\Tune and Tones\Documents\traindata\IMG\center_2026_08_02_20_01_37_936.jpg;0
C:\Users\Tune and Tones\Documents\traindata\IMG\center_2026_08_02_20_01_38_012.jpg;0
C:\Users\Tune and Tones\Documents\traindata\IMG\center_2026_08_02_20_01_38_089.jpg;0
C:\Users\Tune and Tones\Documents\traindata\IMG\center_2026_08_02_20_01_38_166.jpg;0
C:\Users\Tune and Tones\Documents\traindata\IMG\center_2026_08_02_20_01_38_239.jpg;0
C:\Users\Tune and Tones\Documents\traindata\IMG\center_2026_08_02_20_01_38_318.jpg;0
C:\Users\Tune and Tones\Documents\traindata\IMG\center_2026_08_02_20_01_38_391.jpg;0
C:\Users\Tune and Tones\Documents\traindata\IMG\center_2026_08_02_20_01_38_468.jpg;0
C:\Users\Tune and Tones\Documents\traindata\IMG\center_2026_08_02_20_01_38_537.jpg;0
C:\Users\Tune and Tones\Documents\traindata\IMG\center_2026_08_02_20_01_38_618.jpg;0
C:\Users\Tune and Tones\Documents\traindata\IMG\center_2026_08_02_20_01_38_691.jpg;0
C:\Users\Tune and Tones\Documents\traindata\IMG\center_2026_08_02_20_01_38_771.jpg;0
C:\Users\Tune and Tones\Documents\traindata\IMG\center_2026_08_02_20_01_38_844.jpg;0
C:\Users\Tune and Tones\Documents\traindata\IMG\center_2026_08_02_20_01_38_920.jpg;0
C:\Users\Tune and Tones\Documents\traindata\IMG\center_2026_08_02_20_01_38_998.jpg;0
C:\Users\Tune and Tones\Documents\traindata\IMG\center_2026_08_02_20_01_39_078.jpg;0
C:\Users\Tune and Tones\Documents\traindata\IMG\center_2026_08_02_20_01_39_158.jpg;0
C:\Users\Tune and Tones\Documents\traindata\IMG\center_2026_08_02_20_01_39_231.jpg;0
C:\Users\Tune and Tones\Documents\traindata\IMG\center_2026_08_02_20_01_39_312.jpg;0
C:\Users\Tune and Tones\Documents\traindata\IMG\center_2026_08_02_20_01_39_389.jpg;0
C:\Users\Tune and Tones\Documents\traindata\IMG\center_2026_08_02_20_01_39_464.jpg;0
C:\Users\Tune and Tones\Documents\traindata\IMG\center_2026_08_02_20_01_39_545.jpg;0
C:\Users\Tune and Tones\Documents\traindata\IMG\center_2026_08_02_20_01_39_623.jpg;0
C:\Users\Tune and Tones\Documents\traindata\IMG\center_2026_08_02_20_01_39_703.jpg;0
C:\Users\Tune and Tones\Documents\traindata\IMG\center_2026_08_02_20_01_39_781.jpg;0
C:\Users\Tune and Tones\Documents\traindata\IMG\center_2026_08_02_20_01_39_856.jpg;0
C:\Users\Tune and Tones\Documents\traindata\IMG\center_2026_08_02_20_01_39_933.jpg;0
C:\Users\Tune and Tones\Documents\traindata\IMG\center_2026_08_02_20_01_40_014.jpg;0
C:\Users\Tune and Tones\Documents\traindata\IMG\center_2026_08_02_20_01_40_090.jpg;0
C:\Users\Tune and Tones\Documents\traindata\IMG\center_2026_08_02_20_01_40_171.jpg;0
C:\Users\Tune and Tones\Documents\traindata\IMG\center_2026_08_02_20_01_40_246.jpg;0
C:\Users\Tune and Tones\Documents\traindata\IMG\center_2026_08_02_20_01_40_329.jpg;0
C:\Users\Tune and Tones\Documents\traindata\IMG\center_2026_08_02_20_01_40_405.jpg;0
C:\Users\Tune and Tones\Documents\traindata\IMG\center_2026_08_02_20_01_40_484.jpg;0
C:\Users\Tune and Tones\Documents\traindata\IMG\center_2026_08_02_20_01_40_562.jpg;0
C:\Users\Tune and Tones\Documents\traindata\IMG\center_2026_08_02_20_01_40_647.jpg;0.25
C:\Users\Tune and Tones\Documents\traindata\IMG\center_2026_08_02_20_01_40_724.jpg;0
C:\Users\Tune and Tones\Documents\traindata\IMG\center_2026_08_02_20_01_40_803.jpg;0
C:\Users\Tune and Tones\Documents\traindata\IMG\center_2026_08_02_20_01_40_883.jpg;0
C:\Users\Tune and Tones\Documents\traindata\IMG\center_2026_08_02_20_01_40_963.jpg;0
C:\Users\Tune and Tones\Documents\traindata\IMG\center_2026_08_02_20_01_41_043.jpg;0
C:\Users\Tune and Tones\Documents\traindata\IMG\center_2026_08_02_20_01_41_118.jpg;0
C:\Users\Tune and Tones\Documents\traindata\IMG\center_2026_08_02_20_01_41_198.jpg;0
C:\Users\Tune and Tones\Documents\traindata\IMG\center_2026_08_02_20_01_41_279.jpg;0
C:\Users\Tune and Tones\Documents\traindata\IMG\center_2026_08_02_20_01_41_358.jpg;0
C:\Users\Tune and Tones\Documents\traindata\IMG\center_2026_08_02_20_01_41_440.jpg;0.2
C:\Users\Tune and Tones\Documents\traindata\IMG\center_2026_08_02_20_01_41_518.jpg;0.4
C:\Users\Tune and Tones\Documents\traindata\IMG\center_2026_08_02_20_01_41_600.jpg;0.6000001
C:\Users\Tune and Tones\Documents\traindata\IMG\center_2026_08_02_20_01_41_680.jpg;0
C:\Users\Tune and Tones\Documents\traindata\IMG\center_2026_08_02_20_01_41_760.jpg;0
C:\Users\Tune and Tones\Documents\traindata\IMG\center_2026_08_02_20_01_41_841.jpg;0
C:\Users\Tune and Tones\Documents\traindata\IMG\center_2026_08_02_20_01_41_930.jpg;0
C:\Users\Tune and Tones\Documents\traindata\IMG\center_2026_08_02_20_01_42_009.jpg;0
C:\Users\Tune and Tones\Documents\traindata\IMG\center_2026_08_02_20_01_42_089.jpg;0
C:\Users\Tune and Tones\Documents\traindata\IMG\center_2026_08_02_20_01_42_172.jpg;0
C:\Users\Tune and Tones\Documents\traindata\IMG\center_2026_08_02_20_01_42_252.jpg;0
C:\Users\Tune and Tones\Documents\traindata\IMG\center_2026_08_02_20_01_42_330.jpg;0
C:\Users\Tune and Tones\Documents\traindata\IMG\center_2026_08_02_20_01_42_411.jpg;0
C:\Users\Tune and Tones\Documents\traindata\IMG\center_2026_08_02_20_01_42_491.jpg;0
C:\Users\Tune and Tones\Documents\traindata\IMG\center_2026_08_02_20_01_42_572.jpg;0
C:\Users\Tune and Tones\Documents\traindata\IMG\center_2026_08_02_20_01_42_652.jpg;0
C:\Users\Tune and Tones\Documents\traindata\IMG\center_2026_08_02_20_01_42_733.jpg;0
C:\Users\Tune and Tones\Documents\traindata\IMG\center_2026_08_02_20_01_42_818.jpg;0
C:\Users\Tune and Tones\Documents\traindata\IMG\center_2026_08_02_20_01_42_898.jpg;0
C:\Users\Tune and Tones\Documents\traindata\IMG\center_2026_08_02_20_01_42_981.jpg;0
C:\Users\Tune and Tones\Documents\traindata\IMG\center_2026_08_02_20_01_43_062.jpg;0
C:\Users\Tune and Tones\Documents\traindata\IMG\center_2026_08_02_20_01_43_140.jpg;0
C:\Users\Tune and Tones\Documents\traindata\IMG\center_2026_08_02_20_01_43_228.jpg;0
C:\Users\Tune and Tones\Documents\traindata\IMG\center_2026_08_02_20_01_43_308.jpg;0
C:\Users\Tune and Tones\Documents\traindata\IMG\center_2026_08_02_20_01_43_386.jpg;0
C:\Users\Tune and Tones\Documents\traindata\IMG\center_2026_08_02_20_01_43_470.jpg;0
C:\Users\Tune and Tones\Documents\traindata\IMG\center_2026_08_02_20_01_43_560.jpg;0
C:\Users\Tune and Tones\Documents\traindata\IMG\center_2026_08_02_20_01_43_641.jpg;0
C:\Users\Tune and Tones\Documents\traindata\IMG\center_2026_08_02_20_01_43_729.jpg;0
C:\Users\Tune and Tones\Documents\traindata\IMG\center_2026_08_02_20_01_43_811.jpg;0
C:\Users\Tune and Tones\Documents\traindata\IMG\center_2026_08_02_20_01_43_893.jpg;0
C:\Users\Tune and Tones\Documents\traindata\IMG\center_2026_08_02_20_01_43_983.jpg;0
C:\Users\Tune and Tones\Documents\traindata\IMG\center_2026_08_02_20_01_44_065.jpg;0
C:\Users\Tune and Tones\Documents\traindata\IMG\center_2026_08_02_20_01_44_148.jpg;0
C:\Users\Tune and Tones\Documents\traindata\IMG\center_2026_08_02_20_01_44_237.jpg;0
C:\Users\Tune and Tones\Documents\traindata\IMG\center_2026_08_02_20_01_44_323.jpg;0
C:\Users\Tune and Tones\Documents\traindata\IMG\center_2026_08_02_20_01_44_410.jpg;0
C:\Users\Tune and Tones\Documents\traindata\IMG\center_2026_08_02_20_01_44_493.jpg;0
C:\Users\Tune and Tones\Documents\traindata\IMG\center_2026_08_02_20_01_44_583.jpg;0
C:\Users\Tune and Tones\Documents\traindata\IMG\center_2026_08_02_20_01_44_668.jpg;0
C:\Users\Tune and Tones\Documents\traindata\IMG\center_2026_08_02_20_01_44_752.jpg;0
C:\Users\Tune and Tones\Documents\traindata\IMG\center_2026_08_02_20_01_44_837.jpg;0
C:\Users\Tune and Tones\Documents\traindata\IMG\center_2026_08_02_20_01_44_928.jpg;0
C:\Users\Tune and Tones\Documents\traindata\IMG\center_2026_08_02_20_01_45_012.jpg;0
C:\Users\Tune and Tones\Documents\traindata\IMG\center_2026_08_02_20_01_45_106.jpg;0
C:\Users\Tune and Tones\Documents\traindata\IMG\center_2026_08_02_20_01_45_186.jpg;0
C:\Users\Tune and Tones\Documents\traindata\IMG\center_2026_08_02_20_01_45_277.jpg;0
C:\Users\Tune and Tones\Documents\traindata\IMG\center_2026_08_02_20_01_45_361.jpg;0
C:\Users\Tune and Tones\Documents\traindata\IMG\center_2026_08_02_20_01_45_447.jpg;0.2
C:\Users\Tune and Tones\Documents\traindata\IMG\center_2026_08_02_20_01_45_531.jpg;0.45
C:\Users\Tune and Tones\Documents\traindata\IMG\center_2026_08_02_20_01_45_616.jpg;0.6500001
C:\Users\Tune and Tones\Documents\traindata\IMG\center_2026_08_02_20_01_45_706.jpg;0
C:\Users\Tune and Tones\Documents\traindata\IMG\center_2026_08_02_20_01_45_794.jpg;0
C:\Users\Tune and Tones\Documents\traindata\IMG\center_2026_08_02_20_01_45_892.jpg;0
C:\Users\Tune and Tones\Documents\traindata\IMG\center_2026_08_02_20_01_45_985.jpg;0
C:\Users\Tune and Tones\Documents\traindata\IMG\center_2026_08_02_20_01_46_069.jpg;0
C:\Users\Tune and Tones\Documents\traindata\IMG\center_2026_08_02_20_01_46_155.jpg;0
C:\Users\Tune and Tones\Documents\traindata\IMG\center_2026_08_02_20_01_46_248.jpg;0
C:\Users\Tune and Tones\Documents\traindata\IMG\center_2026_08_02_20_01_46_331.jpg;0
C:\Users\Tune and Tones\Documents\traindata\IMG\center_2026_08_02_20_01_46_416.jpg;0
C:\Users\Tune and Tones\Documents\traindata\IMG\center_2026_08_02_20_01_46_500.jpg;0
C:\Users\Tune and Tones\Documents\traindata\IMG\center_2026_08_02_20_01_46_585.jpg;0
C:\Users\Tune and Tones\Documents\traindata\IMG\center_2026_08_02_20_01_46_668.jpg;0
C:\Users\Tune and Tones\Documents\traindata\IMG\center_2026_08_02_20_01_46_747.jpg;0
C:\Users\Tune and Tones\Documents\traindata\IMG\center_2026_08_02_20_01_46_828.jpg;0
C:\Users\Tune and Tones\Documents\traindata\IMG\center_2026_08_02_20_01_46_909.jpg;0
C:\Users\Tune and Tones\Documents\traindata\IMG\center_2026_08_02_20_01_46_994.jpg;0
C:\Users\Tune and Tones\Documents\traindata\IMG\center_2026_08_02_20_01_47_078.jpg;0
C:\Users\Tune and Tones\Documents\traindata\IMG\center_2026_08_02_20_01_47_163.jpg;0
C:\Users\Tune and Tones\Documents\traindata\IMG\center_2026_08_02_20_01_47_246.jpg;0
C:\Users\Tune and Tones\Documents\traindata\IMG\center_2026_08_02_20_01_47_333.jpg;0
C:\Users\Tune and Tones\Documents\traindata\IMG\center_2026_08_02_20_01_47_415.jpg;0
C:\Users\Tune and Tones\Documents\traindata\IMG\center_2026_08_02_20_01_47_499.jpg;0
C:\Users\Tune and Tones\Documents\traindata\IMG\center_2026_08_02_20_01_47_578.jpg;0
C:\Users\Tune and Tones\Documents\traindata\IMG\center_2026_08_02_20_01_47_669.jpg;0
C:\Users\Tune and Tones\Documents\traindata\IMG\center_2026_08_02_20_01_47_748.jpg;0.2
C:\Users\Tune and Tones\Documents\traindata\IMG\center_2026_08_02_20_01_47_833.jpg;0.4
C:\Users\Tune and Tones\Documents\traindata\IMG\center_2026_08_02_20_01_47_921.jpg;0
C:\Users\Tune and Tones\Documents\traindata\IMG\center_2026_08_02_20_01_48_003.jpg;0
C:\Users\Tune and Tones\Documents\traindata\IMG\center_2026_08_02_20_01_48_094.jpg;0
C:\Users\Tune and Tones\Documents\traindata\IMG\center_2026_08_02_20_01_48_177.jpg;0
C:\Users\Tune and Tones\Documents\traindata\IMG\center_2026_08_02_20_01_48_264.jpg;0
C:\Users\Tune and Tones\Documents\traindata\IMG\center_2026_08_02_20_01_48_351.jpg;0
C:\Users\Tune and Tones\Documents\traindata\IMG\center_2026_08_02_20_01_48_439.jpg;0
C:\Users\Tune and Tones\Documents\traindata\IMG\center_2026_08_02_20_01_48_526.jpg;0
C:\Users\Tune and Tones\Documents\traindata\IMG\center_2026_08_02_20_01_48_610.jpg;0
C:\Users\Tune and Tones\Documents\traindata\IMG\center_2026_08_02_20_01_48_699.jpg;0.2
C:\Users\Tune and Tones\Documents\traindata\IMG\center_2026_08_02_20_01_48_792.jpg;0.45
C:\Users\Tune and Tones\Documents\traindata\IMG\center_2026_08_02_20_01_48_877.jpg;0.6500001
C:\Users\Tune and Tones\Documents\traindata\IMG\center_2026_08_02_20_01_48_964.jpg;0
C:\Users\Tune and Tones\Documents\traindata\IMG\center_2026_08_02_20_01_49_051.jpg;0
C:\Users\Tune and Tones\Documents\traindata\IMG\center_2026_08_02_20_01_49_141.jpg;0
C:\Users\Tune and Tones\Documents\traindata\IMG\center_2026_08_02_20_01_49_226.jpg;0
C:\Users\Tune and Tones\Documents\traindata\IMG\center_2026_08_02_20_01_49_314.jpg;0
C:\Users\Tune and Tones\Documents\traindata\IMG\center_2026_08_02_20_01_49_399.jpg;0
C:\Users\Tune and Tones\Documents\traindata\IMG\center_2026_08_02_20_01_49_490.jpg;0
C:\Users\Tune and Tones\Documents\traindata\IMG\center_2026_08_02_20_01_49_577.jpg;0
C:\Users\Tune and Tones\Documents\traindata\IMG\center_2026_08_02_20_01_49_664.jpg;0
C:\Users\Tune and Tones\Documents\traindata\IMG\center_2026_08_02_20_01_49_754.jpg;0
C:\Users\Tune and Tones\Documents\traindata\IMG\center_2026_08_02_20_01_49_837.jpg;0.2
C:\Users\Tune and Tones\Documents\traindata\IMG\center_2026_08_02_20_01_49_931.jpg;0.45
C:\Users\Tune and Tones\Documents\traindata\IMG\center_2026_08_02_20_01_50_015.jpg;0.6500001
C:\Users\Tune and Tones\Documents\traindata\IMG\center_2026_08_02_20_01_50_104.jpg;0
C:\Users\Tune and Tones\Documents\traindata\IMG\center_2026_08_02_20_01_50_191.jpg;0
C:\Users\Tune and Tones\Documents\traindata\IMG\center_2026_08_02_20_01_50_281.jpg;0
C:\Users\Tune and Tones\Documents\traindata\IMG\center_2026_08_02_20_01_50_368.jpg;0
C:\Users\Tune and Tones\Documents\traindata\IMG\center_2026_08_02_20_01_50_456.jpg;0
C:\Users\Tune and Tones\Documents\traindata\IMG\center_2026_08_02_20_01_50_540.jpg;0
C:\Users\Tune and Tones\Documents\traindata\IMG\center_2026_08_02_20_01_50_627.jpg;0
C:\Users\Tune and Tones\Documents\traindata\IMG\center_2026_08_02_20_01_50_714.jpg;0
C:\Users\Tune and Tones\Documents\traindata\IMG\center_2026_08_02_20_01_50_798.jpg;0
C:\Users\Tune and Tones\Documents\traindata\IMG\center_2026_08_02_20_01_50_884.jpg;0
C:\Users\Tune and Tones\Documents\traindata\IMG\center_2026_08_02_20_01_50_970.jpg;0
C:\Users\Tune and Tones\Documents\traindata\IMG\center_2026_08_02_20_01_51_058.jpg;0
C:\Users\Tune and Tones\Documents\traindata\IMG\center_2026_08_02_20_01_51_143.jpg;0.2
C:\Users\Tune and Tones\Documents\traindata\IMG\center_2026_08_02_20_01_51_231.jpg;0.45
C:\Users\Tune and Tones\Documents\traindata\IMG\center_2026_08_02_20_01_51_322.jpg;0.6500001
C:\Users\Tune and Tones\Documents\traindata\IMG\center_2026_08_02_20_01_51_411.jpg;0
C:\Users\Tune and Tones\Documents\traindata\IMG\center_2026_08_02_20_01_51_495.jpg;0
C:\Users\Tune and Tones\Documents\traindata\IMG\center_2026_08_02_20_01_51_586.jpg;0
C:\Users\Tune and Tones\Documents\traindata\IMG\center_2026_08_02_20_01_51_678.jpg;0
C:\Users\Tune and Tones\Documents\traindata\IMG\center_2026_08_02_20_01_51_760.jpg;0
C:\Users\Tune and Tones\Documents\traindata\IMG\center_2026_08_02_20_01_51_845.jpg;0
C:\Users\Tune and Tones\Documents\traindata\IMG\center_2026_08_02_20_01_51_927.jpg;0
C:\Users\Tune and Tones\Documents\traindata\IMG\center_2026_08_02_20_01_52_011.jpg;0
C:\Users\Tune and Tones\Documents\traindata\IMG\center_2026_08_02_20_01_52_100.jpg;0
C:\Users\Tune and Tones\Documents\traindata\IMG\center_2026_08_02_20_01_52_180.jpg;0
C:\Users\Tune and Tones\Documents\traindata\IMG\center_2026_08_02_20_01_52_264.jpg;0
C:\Users\Tune and Tones\Documents\traindata\IMG\center_2026_08_02_20_01_52_349.jpg;0.25
C:\Users\Tune and Tones\Documents\traindata\IMG\center_2026_08_02_20_01_52_430.jpg;0.45
C:\Users\Tune and Tones\Documents\traindata\IMG\center_2026_08_02_20_01_52_510.jpg;0.6500001
C:\Users\Tune and Tones\Documents\traindata\IMG\center_2026_08_02_20_01_52_600.jpg;0
C:\Users\Tune and Tones\Documents\traindata\IMG\center_2026_08_02_20_01_52_690.jpg;0
C:\Users\Tune and Tones\Documents\traindata\IMG\center_2026_08_02_20_01_52_773.jpg;0
C:\Users\Tune and Tones\Documents\traindata\IMG\center_2026_08_02_20_01_52_861.jpg;0
C:\Users\Tune and Tones\Documents\traindata\IMG\center_2026_08_02_20_01_52_951.jpg;0
C:\Users\Tune and Tones\Documents\traindata\IMG\center_2026_08_02_20_01_53_037.jpg;0
C:\Users\Tune and Tones\Documents\traindata\IMG\center_2026_08_02_20_01_53_116.jpg;0
C:\Users\Tune and Tones\Documents\traindata\IMG\center_2026_08_02_20_01_53_201.jpg;0
C:\Users\Tune and Tones\Documents\traindata\IMG\center_2026_08_02_20_01_53_289.jpg;0
C:\Users\Tune and Tones\Documents\traindata\IMG\center_2026_08_02_20_01_53_364.jpg;0
C:\Users\Tune and Tones\Documents\traindata\IMG\center_2026_08_02_20_01_53_448.jpg;0
C:\Users\Tune and Tones\Documents\traindata\IMG\center_2026_08_02_20_01_53_528.jpg;0
C:\Users\Tune and Tones\Documents\traindata\IMG\center_2026_08_02_20_01_53_615.jpg;0
C:\Users\Tune and Tones\Documents\traindata\IMG\center_2026_08_02_20_01_53_699.jpg;0
C:\Users\Tune and Tones\Documents\traindata\IMG\center_2026_08_02_20_01_53_780.jpg;0
C:\Users\Tune and Tones\Documents\traindata\IMG\center_2026_08_02_20_01_53_860.jpg;0
C:\Users\Tune and Tones\Documents\traindata\IMG\center_2026_08_02_20_01_53_951.jpg;0
C:\Users\Tune and Tones\Documents\traindata\IMG\center_2026_08_02_20_01_54_037.jpg;0
C:\Users\Tune and Tones\Documents\traindata\IMG\center_2026_08_02_20_01_54_122.jpg;0
C:\Users\Tune and Tones\Documents\traindata\IMG\center_2026_08_02_20_01_54_205.jpg;0
C:\Users\Tune and Tones\Documents\traindata\IMG\center_2026_08_02_20_01_54_292.jpg;0.25
C:\Users\Tune and Tones\Documents\traindata\IMG\center_2026_08_02_20_01_54_371.jpg;0.45
C:\Users\Tune and Tones\Documents\traindata\IMG\center_2026_08_02_20_01_54_459.jpg;0.6500001
C:\Users\Tune and Tones\Documents\traindata\IMG\center_2026_08_02_20_01_54_544.jpg;0.8500001
C:\Users\Tune and Tones\Documents\traindata\IMG\center_2026_08_02_20_01_54_633.jpg;0
C:\Users\Tune and Tones\Documents\traindata\IMG\center_2026_08_02_20_01_54_735.jpg;0
C:\Users\Tune and Tones\Documents\traindata\IMG\center_2026_08_02_20_01_54_820.jpg;0
C:\Users\Tune and Tones\Documents\traindata\IMG\center_2026_08_02_20_01_54_913.jpg;0
C:\Users\Tune and Tones\Documents\traindata\IMG\center_2026_08_02_20_01_55_000.jpg;0
C:\Users\Tune and Tones\Documents\traindata\IMG\center_2026_08_02_20_01_55_079.jpg;0
C:\Users\Tune and Tones\Documents\traindata\IMG\center_2026_08_02_20_01_55_172.jpg;0
C:\Users\Tune and Tones\Documents\traindata\IMG\center_2026_08_02_20_01_55_261.jpg;0
C:\Users\Tune and Tones\Documents\traindata\IMG\center_2026_08_02_20_01_55_346.jpg;0
C:\Users\Tune and Tones\Documents\traindata\IMG\center_2026_08_02_20_01_55_432.jpg;0
C:\Users\Tune and Tones\Documents\traindata\IMG\center_2026_08_02_20_01_55_510.jpg;0
C:\Users\Tune and Tones\Documents\traindata\IMG\center_2026_08_02_20_01_55_594.jpg;0
C:\Users\Tune and Tones\Documents\traindata\IMG\center_2026_08_02_20_01_55_685.jpg;0
C:\Users\Tune and Tones\Documents\traindata\IMG\center_2026_08_02_20_01_55_763.jpg;0
C:\Users\Tune and Tones\Documents\traindata\IMG\center_2026_08_02_20_01_55_853.jpg;0.25
C:\Users\Tune and Tones\Documents\traindata\IMG\center_2026_08_02_20_01_55_932.jpg;0.45
C:\Users\Tune and Tones\Documents\traindata\IMG\center_2026_08_02_20_01_56_016.jpg;0.6500001
C:\Users\Tune and Tones\Documents\traindata\IMG\center_2026_08_02_20_01_56_102.jpg;0
C:\Users\Tune and Tones\Documents\traindata\IMG\center_2026_08_02_20_01_56_196.jpg;0
C:\Users\Tune and Tones\Documents\traindata\IMG\center_2026_08_02_20_01_56_281.jpg;0
C:\Users\Tune and Tones\Documents\traindata\IMG\center_2026_08_02_20_01_56_368.jpg;0
C:\Users\Tune and Tones\Documents\traindata\IMG\center_2026_08_02_20_01_56_448.jpg;0
C:\Users\Tune and Tones\Documents\traindata\IMG\center_2026_08_02_20_01_56_533.jpg;0
C:\Users\Tune and Tones\Documents\traindata\IMG\center_2026_08_02_20_01_56_616.jpg;0
C:\Users\Tune and Tones\Documents\traindata\IMG\center_2026_08_02_20_01_56_695.jpg;0
C:\Users\Tune and Tones\Documents\traindata\IMG\center_2026_08_02_20_01_56_780.jpg;0
C:\Users\Tune and Tones\Documents\traindata\IMG\center_2026_08_02_20_01_56_864.jpg;0.2
C:\Users\Tune and Tones\Documents\traindata\IMG\center_2026_08_02_20_01_56_951.jpg;0.45
C:\Users\Tune and Tones\Documents\traindata\IMG\center_2026_08_02_20_01_57_029.jpg;0.6500001
C:\Users\Tune and Tones\Documents\traindata\IMG\center_2026_08_02_20_01_57_115.jpg;0.8500001
C:\Users\Tune and Tones\Documents\traindata\IMG\center_2026_08_02_20_01_57_197.jpg;1
C:\Users\Tune and Tones\Documents\traindata\IMG\center_2026_08_02_20_01_57_281.jpg;0
C:\Users\Tune and Tones\Documents\traindata\IMG\center_2026_08_02_20_01_57_365.jpg;0
C:\Users\Tune and Tones\Documents\traindata\IMG\center_2026_08_02_20_01_57_443.jpg;0
C:\Users\Tune and Tones\Documents\traindata\IMG\center_2026_08_02_20_01_57_522.jpg;0
C:\Users\Tune and Tones\Documents\traindata\IMG\center_2026_08_02_20_01_57_606.jpg;0
C:\Users\Tune and Tones\Documents\traindata\IMG\center_2026_08_02_20_01_57_687.jpg;0
C:\Users\Tune and Tones\Documents\traindata\IMG\center_2026_08_02_20_01_57_772.jpg;0.2
C:\Users\Tune and Tones\Documents\traindata\IMG\center_2026_08_02_20_01_57_851.jpg;0.4
C:\Users\Tune and Tones\Documents\traindata\IMG\center_2026_08_02_20_01_57_935.jpg;0.6000001
C:\Users\Tune and Tones\Documents\traindata\IMG\center_2026_08_02_20_01_58_017.jpg;0.8000001
C:\Users\Tune and Tones\Documents\traindata\IMG\center_2026_08_02_20_01_58_106.jpg;0
C:\Users\Tune and Tones\Documents\traindata\IMG\center_2026_08_02_20_01_58_180.jpg;0
C:\Users\Tune and Tones\Documents\traindata\IMG\center_2026_08_02_20_01_58_263.jpg;0
C:\Users\Tune and Tones\Documents\traindata\IMG\center_2026_08_02_20_01_58_345.jpg;0
C:\Users\Tune and Tones\Documents\traindata\IMG\center_2026_08_02_20_01_58_432.jpg;0
C:\Users\Tune and Tones\Documents\traindata\IMG\center_2026_08_02_20_01_58_511.jpg;0
C:\Users\Tune and Tones\Documents\traindata\IMG\center_2026_08_02_20_01_58_594.jpg;0
C:\Users\Tune and Tones\Documents\traindata\IMG\center_2026_08_02_20_01_58_678.jpg;0
C:\Users\Tune and Tones\Documents\traindata\IMG\center_2026_08_02_20_01_58_758.jpg;0.2
C:\Users\Tune and Tones\Documents\traindata\IMG\center_2026_08_02_20_01_58_839.jpg;0.4
C:\Users\Tune and Tones\Documents\traindata\IMG\center_2026_08_02_20_01_58_921.jpg;0.6000001
C:\Users\Tune and Tones\Documents\traindata\IMG\center_2026_08_02_20_01_59_002.jpg;0.8000001
C:\Users\Tune and Tones\Documents\traindata\IMG\center_2026_08_02_20_01_59_085.jpg;0
C:\Users\Tune and Tones\Documents\traindata\IMG\center_2026_08_02_20_01_59_170.jpg;0
C:\Users\Tune and Tones\Documents\traindata\IMG\center_2026_08_02_20_01_59_253.jpg;0
C:\Users\Tune and Tones\Documents\traindata\IMG\center_2026_08_02_20_01_59_331.jpg;0
C:\Users\Tune and Tones\Documents\traindata\IMG\center_2026_08_02_20_01_59_439.jpg;0
C:\Users\Tune and Tones\Documents\traindata\IMG\center_2026_08_02_20_01_59_577.jpg;0
C:\Users\Tune and Tones\Documents\traindata\IMG\center_2026_08_02_20_01_59_657.jpg;0
C:\Users\Tune and Tones\Documents\traindata\IMG\center_2026_08_02_20_01_59_741.jpg;0.2
C:\Users\Tune and Tones\Documents\traindata\IMG\center_2026_08_02_20_01_59_822.jpg;0.4
C:\Users\Tune and Tones\Documents\traindata\IMG\center_2026_08_02_20_01_59_910.jpg;0.6500001
C:\Users\Tune and Tones\Documents\traindata\IMG\center_2026_08_02_20_01_59_994.jpg;0
C:\Users\Tune and Tones\Documents\traindata\IMG\center_2026_08_02_20_02_00_084.jpg;0
C:\Users\Tune and Tones\Documents\traindata\IMG\center_2026_08_02_20_02_00_163.jpg;0
C:\Users\Tune and Tones\Documents\traindata\IMG\center_2026_08_02_20_02_00_243.jpg;0
C:\Users\Tune and Tones\Documents\traindata\IMG\center_2026_08_02_20_02_00_327.jpg;0
C:\Users\Tune and Tones\Documents\traindata\IMG\center_2026_08_02_20_02_00_408.jpg;0
C:\Users\Tune and Tones\Documents\traindata\IMG\center_2026_08_02_20_02_00_493.jpg;0
C:\Users\Tune and Tones\Documents\traindata\IMG\center_2026_08_02_20_02_00_572.jpg;0
C:\Users\Tune and Tones\Documents\traindata\IMG\center_2026_08_02_20_02_00_653.jpg;0
C:\Users\Tune and Tones\Documents\traindata\IMG\center_2026_08_02_20_02_00_733.jpg;0
C:\Users\Tune and Tones\Documents\traindata\IMG\center_2026_08_02_20_02_00_816.jpg;0
C:\Users\Tune and Tones\Documents\traindata\IMG\center_2026_08_02_20_02_00_896.jpg;0
C:\Users\Tune and Tones\Documents\traindata\IMG\center_2026_08_02_20_02_00_979.jpg;0
C:\Users\Tune and Tones\Documents\traindata\IMG\center_2026_08_02_20_02_01_056.jpg;0
C:\Users\Tune and Tones\Documents\traindata\IMG\center_2026_08_02_20_02_01_138.jpg;0
C:\Users\Tune and Tones\Documents\traindata\IMG\center_2026_08_02_20_02_01_217.jpg;0.2
C:\Users\Tune and Tones\Documents\traindata\IMG\center_2026_08_02_20_02_01_296.jpg;0.4
C:\Users\Tune and Tones\Documents\traindata\IMG\center_2026_08_02_20_02_01_379.jpg;0.6000001
C:\Users\Tune and Tones\Documents\traindata\IMG\center_2026_08_02_20_02_01_460.jpg;0
C:\Users\Tune and Tones\Documents\traindata\IMG\center_2026_08_02_20_02_01_538.jpg;0
C:\Users\Tune and Tones\Documents\traindata\IMG\center_2026_08_02_20_02_01_615.jpg;0
C:\Users\Tune and Tones\Documents\traindata\IMG\center_2026_08_02_20_02_01_694.jpg;0
C:\Users\Tune and Tones\Documents\traindata\IMG\center_2026_08_02_20_02_01_780.jpg;0
C:\Users\Tune and Tones\Documents\traindata\IMG\center_2026_08_02_20_02_01_861.jpg;0
C:\Users\Tune and Tones\Documents\traindata\IMG\center_2026_08_02_20_02_01_938.jpg;0
C:\Users\Tune and Tones\Documents\traindata\IMG\center_2026_08_02_20_02_02_020.jpg;0
C:\Users\Tune and Tones\Documents\traindata\IMG\center_2026_08_02_20_02_02_101.jpg;0
C:\Users\Tune and Tones\Documents\traindata\IMG\center_2026_08_02_20_02_02_179.jpg;0
C:\Users\Tune and Tones\Documents\traindata\IMG\center_2026_08_02_20_02_02_261.jpg;0
C:\Users\Tune and Tones\Documents\traindata\IMG\center_2026_08_02_20_02_02_338.jpg;0
C:\Users\Tune and Tones\Documents\traindata\IMG\center_2026_08_02_20_02_02_423.jpg;0
C:\Users\Tune and Tones\Documents\traindata\IMG\center_2026_08_02_20_02_02_505.jpg;-0.2
C:\Users\Tune and Tones\Documents\traindata\IMG\center_2026_08_02_20_02_02_587.jpg;-0.45
C:\Users\Tune and Tones\Documents\traindata\IMG\center_2026_08_02_20_02_02_669.jpg;0
C:\Users\Tune and Tones\Documents\traindata\IMG\center_2026_08_02_20_02_02_750.jpg;0
C:\Users\Tune and Tones\Documents\traindata\IMG\center_2026_08_02_20_02_02_837.jpg;0
C:\Users\Tune and Tones\Documents\traindata\IMG\center_2026_08_02_20_02_02_931.jpg;0
C:\Users\Tune and Tones\Documents\traindata\IMG\center_2026_08_02_20_02_03_001.jpg;0
C:\Users\Tune and Tones\Documents\traindata\IMG\center_2026_08_02_20_02_03_083.jpg;0
C:\Users\Tune and Tones\Documents\traindata\IMG\center_2026_08_02_20_02_03_170.jpg;0
C:\Users\Tune and Tones\Documents\traindata\IMG\center_2026_08_02_20_02_03_251.jpg;0.2
C:\Users\Tune and Tones\Documents\traindata\IMG\center_2026_08_02_20_02_03_336.jpg;0
C:\Users\Tune and Tones\Documents\traindata\IMG\center_2026_08_02_20_02_03_420.jpg;0
C:\Users\Tune and Tones\Documents\traindata\IMG\center_2026_08_02_20_02_03_507.jpg;0
C:\Users\Tune and Tones\Documents\traindata\IMG\center_2026_08_02_20_02_03_592.jpg;0
C:\Users\Tune and Tones\Documents\traindata\IMG\center_2026_08_02_20_02_03_682.jpg;0
C:\Users\Tune and Tones\Documents\traindata\IMG\center_2026_08_02_20_02_03_763.jpg;0
C:\Users\Tune and Tones\Documents\traindata\IMG\center_2026_08_02_20_02_03_853.jpg;0
C:\Users\Tune and Tones\Documents\traindata\IMG\center_2026_08_02_20_02_03_940.jpg;0
C:\Users\Tune and Tones\Documents\traindata\IMG\center_2026_08_02_20_02_04_035.jpg;0
C:\Users\Tune and Tones\Documents\traindata\IMG\center_2026_08_02_20_02_04_117.jpg;0
C:\Users\Tune and Tones\Documents\traindata\IMG\center_2026_08_02_20_02_04_199.jpg;0
C:\Users\Tune and Tones\Documents\traindata\IMG\center_2026_08_02_20_02_04_285.jpg;0
C:\Users\Tune and Tones\Documents\traindata\IMG\center_2026_08_02_20_02_04_373.jpg;0
C:\Users\Tune and Tones\Documents\traindata\IMG\center_2026_08_02_20_02_04_444.jpg;0
C:\Users\Tune and Tones\Documents\traindata\IMG\center_2026_08_02_20_02_04_528.jpg;0
C:\Users\Tune and Tones\Documents\traindata\IMG\center_2026_08_02_20_02_04_627.jpg;0
C:\Users\Tune and Tones\Documents\traindata\IMG\center_2026_08_02_20_02_04_719.jpg;0
C:\Users\Tune and Tones\Documents\traindata\IMG\center_2026_08_02_20_02_04_788.jpg;0
C:\Users\Tune and Tones\Documents\traindata\IMG\center_2026_08_02_20_02_04_873.jpg;0
C:\Users\Tune and Tones\Documents\traindata\IMG\center_2026_08_02_20_02_04_956.jpg;0
C:\Users\Tune and Tones\Documents\traindata\IMG\center_2026_08_02_20_02_05_043.jpg;0
C:\Users\Tune and Tones\Documents\traindata\IMG\center_2026_08_02_20_02_05_120.jpg;0
C:\Users\Tune and Tones\Documents\traindata\IMG\center_2026_08_02_20_02_05_207.jpg;-0.25
C:\Users\Tune and Tones\Documents\traindata\IMG\center_2026_08_02_20_02_05_287.jpg;-0.45
C:\Users\Tune and Tones\Documents\traindata\IMG\center_2026_08_02_20_02_05_376.jpg;-0.6500001
C:\Users\Tune and Tones\Documents\traindata\IMG\center_2026_08_02_20_02_05_461.jpg;0
C:\Users\Tune and Tones\Documents\traindata\IMG\center_2026_08_02_20_02_05_547.jpg;0
C:\Users\Tune and Tones\Documents\traindata\IMG\center_2026_08_02_20_02_05_635.jpg;0
C:\Users\Tune and Tones\Documents\traindata\IMG\center_2026_08_02_20_02_05_725.jpg;0
C:\Users\Tune and Tones\Documents\traindata\IMG\center_2026_08_02_20_02_05_800.jpg;-0.2
C:\Users\Tune and Tones\Documents\traindata\IMG\center_2026_08_02_20_02_05_873.jpg;-0.4
C:\Users\Tune and Tones\Documents\traindata\IMG\center_2026_08_02_20_02_05_955.jpg;-0.6000001
C:\Users\Tune and Tones\Documents\traindata\IMG\center_2026_08_02_20_02_06_039.jpg;0
C:\Users\Tune and Tones\Documents\traindata\IMG\center_2026_08_02_20_02_06_122.jpg;0
C:\Users\Tune and Tones\Documents\traindata\IMG\center_2026_08_02_20_02_06_202.jpg;0
C:\Users\Tune and Tones\Documents\traindata\IMG\center_2026_08_02_20_02_06_273.jpg;0
C:\Users\Tune and Tones\Documents\traindata\IMG\center_2026_08_02_20_02_06_358.jpg;0
C:\Users\Tune and Tones\Documents\traindata\IMG\center_2026_08_02_20_02_06_439.jpg;0
C:\Users\Tune and Tones\Documents\traindata\IMG\center_2026_08_02_20_02_06_525.jpg;0
C:\Users\Tune and Tones\Documents\traindata\IMG\center_2026_08_02_20_02_06_610.jpg;0
C:\Users\Tune and Tones\Documents\traindata\IMG\center_2026_08_02_20_02_06_683.jpg;0
C:\Users\Tune and Tones\Documents\traindata\IMG\center_2026_08_02_20_02_06_763.jpg;0
C:\Users\Tune and Tones\Documents\traindata\IMG\center_2026_08_02_20_02_06_841.jpg;0
C:\Users\Tune and Tones\Documents\traindata\IMG\center_2026_08_02_20_02_06_915.jpg;0
C:\Users\Tune and Tones\Documents\traindata\IMG\center_2026_08_02_20_02_06_992.jpg;-0.2
C:\Users\Tune and Tones\Documents\traindata\IMG\center_2026_08_02_20_02_07_073.jpg;-0.4
C:\Users\Tune and Tones\Documents\traindata\IMG\center_2026_08_02_20_02_07_151.jpg;-0.6000001
C:\Users\Tune and Tones\Documents\traindata\IMG\center_2026_08_02_20_02_07_228.jpg;0
C:\Users\Tune and Tones\Documents\traindata\IMG\center_2026_08_02_20_02_07_307.jpg;0
C:\Users\Tune and Tones\Documents\traindata\IMG\center_2026_08_02_20_02_07_389.jpg;0
C:\Users\Tune and Tones\Documents\traindata\IMG\center_2026_08_02_20_02_07_466.jpg;0
C:\Users\Tune and Tones\Documents\traindata\IMG\center_2026_08_02_20_02_07_543.jpg;0
C:\Users\Tune and Tones\Documents\traindata\IMG\center_2026_08_02_20_02_07_620.jpg;-0.2
C:\Users\Tune and Tones\Documents\traindata\IMG\center_2026_08_02_20_02_07_693.jpg;-0.4
C:\Users\Tune and Tones\Documents\traindata\IMG\center_2026_08_02_20_02_07_775.jpg;-0.6000001
C:\Users\Tune and Tones\Documents\traindata\IMG\center_2026_08_02_20_02_07_849.jpg;-0.8000001
C:\Users\Tune and Tones\Documents\traindata\IMG\center_2026_08_02_20_02_07_918.jpg;-0.9500002
C:\Users\Tune and Tones\Documents\traindata\IMG\center_2026_08_02_20_02_07_995.jpg;-1
C:\Users\Tune and Tones\Documents\traindata\IMG\center_2026_08_02_20_02_08_068.jpg;-1
C:\Users\Tune and Tones\Documents\traindata\IMG\center_2026_08_02_20_02_08_144.jpg;0
C:\Users\Tune and Tones\Documents\traindata\IMG\center_2026_08_02_20_02_08_233.jpg;0
C:\Users\Tune and Tones\Documents\traindata\IMG\center_2026_08_02_20_02_08_315.jpg;0
C:\Users\Tune and Tones\Documents\traindata\IMG\center_2026_08_02_20_02_08_393.jpg;0
C:\Users\Tune and Tones\Documents\traindata\IMG\center_2026_08_02_20_02_08_483.jpg;-0.2
C:\Users\Tune and Tones\Documents\traindata\IMG\center_2026_08_02_20_02_08_565.jpg;-0.4
C:\Users\Tune and Tones\Documents\traindata\IMG\center_2026_08_02_20_02_08_645.jpg;-0.6000001
C:\Users\Tune and Tones\Documents\traindata\IMG\center_2026_08_02_20_02_08_727.jpg;0
C:\Users\Tune and Tones\Documents\traindata\IMG\center_2026_08_02_20_02_08_807.jpg;0
C:\Users\Tune and Tones\Documents\traindata\IMG\center_2026_08_02_20_02_08_891.jpg;0
C:\Users\Tune and Tones\Documents\traindata\IMG\center_2026_08_02_20_02_08_966.jpg;0
C:\Users\Tune and Tones\Documents\traindata\IMG\center_2026_08_02_20_02_09_046.jpg;0
C:\Users\Tune and Tones\Documents\traindata\IMG\center_2026_08_02_20_02_09_131.jpg;0
C:\Users\Tune and Tones\Documents\traindata\IMG\center_2026_08_02_20_02_09_208.jpg;0
C:\Users\Tune and Tones\Documents\traindata\IMG\center_2026_08_02_20_02_09_287.jpg;0
C:\Users\Tune and Tones\Documents\traindata\IMG\center_2026_08_02_20_02_09_381.jpg;-0.2
C:\Users\Tune and Tones\Documents\traindata\IMG\center_2026_08_02_20_02_09_453.jpg;-0.4
C:\Users\Tune and Tones\Documents\traindata\IMG\center_2026_08_02_20_02_09_534.jpg;-0.6000001
C:\Users\Tune and Tones\Documents\traindata\IMG\center_2026_08_02_20_02_09_617.jpg;0
C:\Users\Tune and Tones\Documents\traindata\IMG\center_2026_08_02_20_02_09_699.jpg;0
C:\Users\Tune and Tones\Documents\traindata\IMG\center_2026_08_02_20_02_09_785.jpg;0
C:\Users\Tune and Tones\Documents\traindata\IMG\center_2026_08_02_20_02_09_869.jpg;0
C:\Users\Tune and Tones\Documents\traindata\IMG\center_2026_08_02_20_02_09_953.jpg;0
C:\Users\Tune and Tones\Documents\traindata\IMG\center_2026_08_02_20_02_10_049.jpg;0
C:\Users\Tune and Tones\Documents\traindata\IMG\center_2026_08_02_20_02_10_121.jpg;0
C:\Users\Tune and Tones\Documents\traindata\IMG\center_2026_08_02_20_02_10_207.jpg;0
C:\Users\Tune and Tones\Documents\traindata\IMG\center_2026_08_02_20_02_10_295.jpg;-0.25
C:\Users\Tune and Tones\Documents\traindata\IMG\center_2026_08_02_20_02_10_380.jpg;-0.45
C:\Users\Tune and Tones\Documents\traindata\IMG\center_2026_08_02_20_02_10_468.jpg;-0.7
C:\Users\Tune and Tones\Documents\traindata\IMG\center_2026_08_02_20_02_10_556.jpg;0
C:\Users\Tune and Tones\Documents\traindata\IMG\center_2026_08_02_20_02_10_645.jpg;0
C:\Users\Tune and Tones\Documents\traindata\IMG\center_2026_08_02_20_02_10_739.jpg;0
C:\Users\Tune and Tones\Documents\traindata\IMG\center_2026_08_02_20_02_10_829.jpg;0
C:\Users\Tune and Tones\Documents\traindata\IMG\center_2026_08_02_20_02_10_913.jpg;0
C:\Users\Tune and Tones\Documents\traindata\IMG\center_2026_08_02_20_02_11_004.jpg;0
C:\Users\Tune and Tones\Documents\traindata\IMG\center_2026_08_02_20_02_11_097.jpg;0
C:\Users\Tune and Tones\Documents\traindata\IMG\center_2026_08_02_20_02_11_182.jpg;0
C:\Users\Tune and Tones\Documents\traindata\IMG\center_2026_08_02_20_02_11_274.jpg;0
C:\Users\Tune and Tones\Documents\traindata\IMG\center_2026_08_02_20_02_11_362.jpg;0
C:\Users\Tune and Tones\Documents\traindata\IMG\center_2026_08_02_20_02_11_449.jpg;0
C:\Users\Tune and Tones\Documents\traindata\IMG\center_2026_08_02_20_02_11_544.jpg;0
C:\Users\Tune and Tones\Documents\traindata\IMG\center_2026_08_02_20_02_11_635.jpg;0.25
C:\Users\Tune and Tones\Documents\traindata\IMG\center_2026_08_02_20_02_11_722.jpg;0.45
C:\Users\Tune and Tones\Documents\traindata\IMG\center_2026_08_02_20_02_11_818.jpg;0
C:\Users\Tune and Tones\Documents\traindata\IMG\center_2026_08_02_20_02_11_909.jpg;0
C:\Users\Tune and Tones\Documents\traindata\IMG\center_2026_08_02_20_02_11_995.jpg;0
C:\Users\Tune and Tones\Documents\traindata\IMG\center_2026_08_02_20_02_12_092.jpg;0
C:\Users\Tune and Tones\Documents\traindata\IMG\center_2026_08_02_20_02_12_182.jpg;0
C:\Users\Tune and Tones\Documents\traindata\IMG\center_2026_08_02_20_02_12_276.jpg;0
C:\Users\Tune and Tones\Documents\traindata\IMG\center_2026_08_02_20_02_12_373.jpg;0
C:\Users\Tune and Tones\Documents\traindata\IMG\center_2026_08_02_20_02_12_473.jpg;0
C:\Users\Tune and Tones\Documents\traindata\IMG\center_2026_08_02_20_02_12_572.jpg;0
C:\Users\Tune and Tones\Documents\traindata\IMG\center_2026_08_02_20_02_12_669.jpg;0
C:\Users\Tune and Tones\Documents\traindata\IMG\center_2026_08_02_20_02_12_776.jpg;0.25
C:\Users\Tune and Tones\Documents\traindata\IMG\center_2026_08_02_20_02_12_890.jpg;0.5500001
C:\Users\Tune and Tones\Documents\traindata\IMG\center_2026_08_02_20_02_12_994.jpg;0
C:\Users\Tune and Tones\Documents\traindata\IMG\center_2026_08_02_20_02_13_102.jpg;0
C:\Users\Tune and Tones\Documents\traindata\IMG\center_2026_08_02_20_02_13_202.jpg;0
C:\Users\Tune and Tones\Documents\traindata\IMG\center_2026_08_02_20_02_13_308.jpg;0
C:\Users\Tune and Tones\Documents\traindata\IMG\center_2026_08_02_20_02_13_415.jpg;0
C:\Users\Tune and Tones\Documents\traindata\IMG\center_2026_08_02_20_02_13_526.jpg;0
C:\Users\Tune and Tones\Documents\traindata\IMG\center_2026_08_02_20_02_13_631.jpg;0
C:\Users\Tune and Tones\Documents\traindata\IMG\center_2026_08_02_20_02_13_743.jpg;0
C:\Users\Tune and Tones\Documents\traindata\IMG\center_2026_08_02_20_02_13_834.jpg;0
C:\Users\Tune and Tones\Documents\traindata\IMG\center_2026_08_02_20_02_13_934.jpg;0
C:\Users\Tune and Tones\Documents\traindata\IMG\center_2026_08_02_20_02_14_038.jpg;0
C:\Users\Tune and Tones\Documents\traindata\IMG\center_2026_08_02_20_02_14_131.jpg;0
C:\Users\Tune and Tones\Documents\traindata\IMG\center_2026_08_02_20_02_14_229.jpg;0
C:\Users\Tune and Tones\Documents\traindata\IMG\center_2026_08_02_20_02_14_326.jpg;0.25
C:\Users\Tune and Tones\Documents\traindata\IMG\center_2026_08_02_20_02_14_421.jpg;0.45
C:\Users\Tune and Tones\Documents\traindata\IMG\center_2026_08_02_20_02_14_518.jpg;0.7
C:\Users\Tune and Tones\Documents\traindata\IMG\center_2026_08_02_20_02_14_618.jpg;0
C:\Users\Tune and Tones\Documents\traindata\IMG\center_2026_08_02_20_02_14_710.jpg;0
C:\Users\Tune and Tones\Documents\traindata\IMG\center_2026_08_02_20_02_14_806.jpg;0
C:\Users\Tune and Tones\Documents\traindata\IMG\center_2026_08_02_20_02_14_909.jpg;0
C:\Users\Tune and Tones\Documents\traindata\IMG\center_2026_08_02_20_02_15_009.jpg;0
C:\Users\Tune and Tones\Documents\traindata\IMG\center_2026_08_02_20_02_15_112.jpg;0
C:\Users\Tune and Tones\Documents\traindata\IMG\center_2026_08_02_20_02_15_214.jpg;0
C:\Users\Tune and Tones\Documents\traindata\IMG\center_2026_08_02_20_02_15_312.jpg;0
C:\Users\Tune and Tones\Documents\traindata\IMG\center_2026_08_02_20_02_15_410.jpg;0
C:\Users\Tune and Tones\Documents\traindata\IMG\center_2026_08_02_20_02_15_516.jpg;0
C:\Users\Tune and Tones\Documents\traindata\IMG\center_2026_08_02_20_02_15_612.jpg;0
C:\Users\Tune and Tones\Documents\traindata\IMG\center_2026_08_02_20_02_15_719.jpg;0
C:\Users\Tune and Tones\Documents\traindata\IMG\center_2026_08_02_20_02_15_820.jpg;0
C:\Users\Tune and Tones\Documents\traindata\IMG\center_2026_08_02_20_02_15_929.jpg;0
C:\Users\Tune and Tones\Documents\traindata\IMG\center_2026_08_02_20_02_16_022.jpg;0
C:\Users\Tune and Tones\Documents\traindata\IMG\center_2026_08_02_20_02_16_120.jpg;0.25
C:\Users\Tune and Tones\Documents\traindata\IMG\center_2026_08_02_20_02_16_217.jpg;0.5000001
C:\Users\Tune and Tones\Documents\traindata\IMG\center_2026_08_02_20_02_16_310.jpg;0.7500002
C:\Users\Tune and Tones\Documents\traindata\IMG\center_2026_08_02_20_02_16_400.jpg;0
C:\Users\Tune and Tones\Documents\traindata\IMG\center_2026_08_02_20_02_16_493.jpg;0
C:\Users\Tune and Tones\Documents\traindata\IMG\center_2026_08_02_20_02_16_584.jpg;0
C:\Users\Tune and Tones\Documents\traindata\IMG\center_2026_08_02_20_02_16_676.jpg;0
C:\Users\Tune and Tones\Documents\traindata\IMG\center_2026_08_02_20_02_16_766.jpg;0
C:\Users\Tune and Tones\Documents\traindata\IMG\center_2026_08_02_20_02_16_860.jpg;0.2
C:\Users\Tune and Tones\Documents\traindata\IMG\center_2026_08_02_20_02_16_950.jpg;0.45
C:\Users\Tune and Tones\Documents\traindata\IMG\center_2026_08_02_20_02_17_043.jpg;0.6500001
C:\Users\Tune and Tones\Documents\traindata\IMG\center_2026_08_02_20_02_17_139.jpg;0
C:\Users\Tune and Tones\Documents\traindata\IMG\center_2026_08_02_20_02_17_226.jpg;0
C:\Users\Tune and Tones\Documents\traindata\IMG\center_2026_08_02_20_02_17_321.jpg;0
C:\Users\Tune and Tones\Documents\traindata\IMG\center_2026_08_02_20_02_17_418.jpg;0
C:\Users\Tune and Tones\Documents\traindata\IMG\center_2026_08_02_20_02_17_505.jpg;0.2
C:\Users\Tune and Tones\Documents\traindata\IMG\center_2026_08_02_20_02_17_598.jpg;0.45
C:\Users\Tune and Tones\Documents\traindata\IMG\center_2026_08_02_20_02_17_690.jpg;0.7
C:\Users\Tune and Tones\Documents\traindata\IMG\center_2026_08_02_20_02_17_783.jpg;0.9000002
C:\Users\Tune and Tones\Documents\traindata\IMG\center_2026_08_02_20_02_17_879.jpg;0
C:\Users\Tune and Tones\Documents\traindata\IMG\center_2026_08_02_20_02_17_970.jpg;0
C:\Users\Tune and Tones\Documents\traindata\IMG\center_2026_08_02_20_02_18_066.jpg;0
C:\Users\Tune and Tones\Documents\traindata\IMG\center_2026_08_02_20_02_18_159.jpg;0
C:\Users\Tune and Tones\Documents\traindata\IMG\center_2026_08_02_20_02_18_246.jpg;0
C:\Users\Tune and Tones\Documents\traindata\IMG\center_2026_08_02_20_02_18_341.jpg;0.2
C:\Users\Tune and Tones\Documents\traindata\IMG\center_2026_08_02_20_02_18_435.jpg;0.45
C:\Users\Tune and Tones\Documents\traindata\IMG\center_2026_08_02_20_02_18_529.jpg;0.7
C:\Users\Tune and Tones\Documents\traindata\IMG\center_2026_08_02_20_02_18_621.jpg;0.9000002
C:\Users\Tune and Tones\Documents\traindata\IMG\center_2026_08_02_20_02_18_708.jpg;0
C:\Users\Tune and Tones\Documents\traindata\IMG\center_2026_08_02_20_02_18_802.jpg;0
C:\Users\Tune and Tones\Documents\traindata\IMG\center_2026_08_02_20_02_18_890.jpg;0
C:\Users\Tune and Tones\Documents\traindata\IMG\center_2026_08_02_20_02_18_985.jpg;0
C:\Users\Tune and Tones\Documents\traindata\IMG\center_2026_08_02_20_02_19_076.jpg;0
C:\Users\Tune and Tones\Documents\traindata\IMG\center_2026_08_02_20_02_19_171.jpg;0.25
C:\Users\Tune and Tones\Documents\traindata\IMG\center_2026_08_02_20_02_19_258.jpg;0.45
C:\Users\Tune and Tones\Documents\traindata\IMG\center_2026_08_02_20_02_19_351.jpg;0.7
C:\Users\Tune and Tones\Documents\traindata\IMG\center_2026_08_02_20_02_19_434.jpg;0.9000002
C:\Users\Tune and Tones\Documents\traindata\IMG\center_2026_08_02_20_02_19_528.jpg;0
C:\Users\Tune and Tones\Documents\traindata\IMG\center_2026_08_02_20_02_19_632.jpg;0
C:\Users\Tune and Tones\Documents\traindata\IMG\center_2026_08_02_20_02_19_716.jpg;0
C:\Users\Tune and Tones\Documents\traindata\IMG\center_2026_08_02_20_02_19_801.jpg;0
C:\Users\Tune and Tones\Documents\traindata\IMG\center_2026_08_02_20_02_19_891.jpg;0.25
C:\Users\Tune and Tones\Documents\traindata\IMG\center_2026_08_02_20_02_19_975.jpg;0.45
C:\Users\Tune and Tones\Documents\traindata\IMG\center_2026_08_02_20_02_20_064.jpg;0.6500001
C:\Users\Tune and Tones\Documents\traindata\IMG\center_2026_08_02_20_02_20_151.jpg;0
C:\Users\Tune and Tones\Documents\traindata\IMG\center_2026_08_02_20_02_20_235.jpg;0
C:\Users\Tune and Tones\Documents\traindata\IMG\center_2026_08_02_20_02_20_324.jpg;0
C:\Users\Tune and Tones\Documents\traindata\IMG\center_2026_08_02_20_02_20_406.jpg;-0.2
C:\Users\Tune and Tones\Documents\traindata\IMG\center_2026_08_02_20_02_20_491.jpg;0
C:\Users\Tune and Tones\Documents\traindata\IMG\center_2026_08_02_20_02_20_574.jpg;0
C:\Users\Tune and Tones\Documents\traindata\IMG\center_2026_08_02_20_02_20_660.jpg;0
C:\Users\Tune and Tones\Documents\traindata\IMG\center_2026_08_02_20_02_20_750.jpg;0
C:\Users\Tune and Tones\Documents\traindata\IMG\center_2026_08_02_20_02_20_820.jpg;0
C:\Users\Tune and Tones\Documents\traindata\IMG\center_2026_08_02_20_02_20_910.jpg;-0.25
C:\Users\Tune and Tones\Documents\traindata\IMG\center_2026_08_02_20_02_20_987.jpg;-0.45
C:\Users\Tune and Tones\Documents\traindata\IMG\center_2026_08_02_20_02_21_072.jpg;-0.6500001
C:\Users\Tune and Tones\Documents\traindata\IMG\center_2026_08_02_20_02_21_155.jpg;0
C:\Users\Tune and Tones\Documents\traindata\IMG\center_2026_08_02_20_02_21_236.jpg;0
C:\Users\Tune and Tones\Documents\traindata\IMG\center_2026_08_02_20_02_21_319.jpg;0
C:\Users\Tune and Tones\Documents\traindata\IMG\center_2026_08_02_20_02_21_403.jpg;0
C:\Users\Tune and Tones\Documents\traindata\IMG\center_2026_08_02_20_02_21_486.jpg;0
C:\Users\Tune and Tones\Documents\traindata\IMG\center_2026_08_02_20_02_21_562.jpg;0
C:\Users\Tune and Tones\Documents\traindata\IMG\center_2026_08_02_20_02_21_653.jpg;0
C:\Users\Tune and Tones\Documents\traindata\IMG\center_2026_08_02_20_02_21_736.jpg;0
C:\Users\Tune and Tones\Documents\traindata\IMG\center_2026_08_02_20_02_21_817.jpg;0.2
C:\Users\Tune and Tones\Documents\traindata\IMG\center_2026_08_02_20_02_21_898.jpg;0.4
C:\Users\Tune and Tones\Documents\traindata\IMG\center_2026_08_02_20_02_21_978.jpg;0.6000001
C:\Users\Tune and Tones\Documents\traindata\IMG\center_2026_08_02_20_02_22_059.jpg;0
C:\Users\Tune and Tones\Documents\traindata\IMG\center_2026_08_02_20_02_22_139.jpg;0
C:\Users\Tune and Tones\Documents\traindata\IMG\center_2026_08_02_20_02_22_225.jpg;0
C:\Users\Tune and Tones\Documents\traindata\IMG\center_2026_08_02_20_02_22_300.jpg;0
C:\Users\Tune and Tones\Documents\traindata\IMG\center_2026_08_02_20_02_22_385.jpg;0
C:\Users\Tune and Tones\Documents\traindata\IMG\center_2026_08_02_20_02_22_461.jpg;0
C:\Users\Tune and Tones\Documents\traindata\IMG\center_2026_08_02_20_02_22_537.jpg;0
C:\Users\Tune and Tones\Documents\traindata\IMG\center_2026_08_02_20_02_22_617.jpg;0
C:\Users\Tune and Tones\Documents\traindata\IMG\center_2026_08_02_20_02_22_695.jpg;0
C:\Users\Tune and Tones\Documents\traindata\IMG\center_2026_08_02_20_02_22_776.jpg;0
C:\Users\Tune and Tones\Documents\traindata\IMG\center_2026_08_02_20_02_22_856.jpg;0
C:\Users\Tune and Tones\Documents\traindata\IMG\center_2026_08_02_20_02_22_929.jpg;0
C:\Users\Tune and Tones\Documents\traindata\IMG\center_2026_08_02_20_02_23_005.jpg;0
C:\Users\Tune and Tones\Documents\traindata\IMG\center_2026_08_02_20_02_23_082.jpg;0
C:\Users\Tune and Tones\Documents\traindata\IMG\center_2026_08_02_20_02_23_157.jpg;0
C:\Users\Tune and Tones\Documents\traindata\IMG\center_2026_08_02_20_02_23_232.jpg;0
C:\Users\Tune and Tones\Documents\traindata\IMG\center_2026_08_02_20_02_23_311.jpg;0
C:\Users\Tune and Tones\Documents\traindata\IMG\center_2026_08_02_20_02_23_387.jpg;0
C:\Users\Tune and Tones\Documents\traindata\IMG\center_2026_08_02_20_02_23_465.jpg;0
C:\Users\Tune and Tones\Documents\traindata\IMG\center_2026_08_02_20_02_23_544.jpg;0
C:\Users\Tune and Tones\Documents\traindata\IMG\center_2026_08_02_20_02_23_620.jpg;0
C:\Users\Tune and Tones\Documents\traindata\IMG\center_2026_08_02_20_02_23_695.jpg;0
C:\Users\Tune and Tones\Documents\traindata\IMG\center_2026_08_02_20_02_23_775.jpg;0
C:\Users\Tune and Tones\Documents\traindata\IMG\center_2026_08_02_20_02_23_852.jpg;0
C:\Users\Tune and Tones\Documents\traindata\IMG\center_2026_08_02_20_02_23_931.jpg;0
C:\Users\Tune and Tones\Documents\traindata\IMG\center_2026_08_02_20_02_24_007.jpg;0
C:\Users\Tune and Tones\Documents\traindata\IMG\center_2026_08_02_20_02_24_080.jpg;0
C:\Users\Tune and Tones\Documents\traindata\IMG\center_2026_08_02_20_02_24_159.jpg;0
C:\Users\Tune and Tones\Documents\traindata\IMG\center_2026_08_02_20_02_24_234.jpg;0
C:\Users\Tune and Tones\Documents\traindata\IMG\center_2026_08_02_20_02_24_313.jpg;0
C:\Users\Tune and Tones\Documents\traindata\IMG\center_2026_08_02_20_02_24_396.jpg;0
C:\Users\Tune and Tones\Documents\traindata\IMG\center_2026_08_02_20_02_24_472.jpg;0
C:\Users\Tune and Tones\Documents\traindata\IMG\center_2026_08_02_20_02_24_550.jpg;0
C:\Users\Tune and Tones\Documents\traindata\IMG\center_2026_08_02_20_02_24_629.jpg;0
C:\Users\Tune and Tones\Documents\traindata\IMG\center_2026_08_02_20_02_24_700.jpg;0
C:\Users\Tune and Tones\Documents\traindata\IMG\center_2026_08_02_20_02_24_781.jpg;0
C:\Users\Tune and Tones\Documents\traindata\IMG\center_2026_08_02_20_02_24_864.jpg;0
C:\Users\Tune and Tones\Documents\traindata\IMG\center_2026_08_02_20_02_24_944.jpg;0
C:\Users\Tune and Tones\Documents\traindata\IMG\center_2026_08_02_20_02_25_023.jpg;0
C:\Users\Tune and Tones\Documents\traindata\IMG\center_2026_08_02_20_02_25_100.jpg;0
C:\Users\Tune and Tones\Documents\traindata\IMG\center_2026_08_02_20_02_25_179.jpg;0
C:\Users\Tune and Tones\Documents\traindata\IMG\center_2026_08_02_20_02_25_257.jpg;0
C:\Users\Tune and Tones\Documents\traindata\IMG\center_2026_08_02_20_02_25_334.jpg;0
C:\Users\Tune and Tones\Documents\traindata\IMG\center_2026_08_02_20_02_25_410.jpg;0
C:\Users\Tune and Tones\Documents\traindata\IMG\center_2026_08_02_20_02_25_493.jpg;0
C:\Users\Tune and Tones\Documents\traindata\IMG\center_2026_08_02_20_02_25_565.jpg;0
C:\Users\Tune and Tones\Documents\traindata\IMG\center_2026_08_02_20_02_25_641.jpg;0
C:\Users\Tune and Tones\Documents\traindata\IMG\center_2026_08_02_20_02_25_719.jpg;0
C:\Users\Tune and Tones\Documents\traindata\IMG\center_2026_08_02_20_02_25_799.jpg;0
C:\Users\Tune and Tones\Documents\traindata\IMG\center_2026_08_02_20_02_25_876.jpg;0
C:\Users\Tune and Tones\Documents\traindata\IMG\center_2026_08_02_20_02_25_954.jpg;0
C:\Users\Tune and Tones\Documents\traindata\IMG\center_2026_08_02_20_02_26_031.jpg;0
C:\Users\Tune and Tones\Documents\traindata\IMG\center_2026_08_02_20_02_26_109.jpg;0
C:\Users\Tune and Tones\Documents\traindata\IMG\center_2026_08_02_20_02_26_189.jpg;0
C:\Users\Tune and Tones\Documents\traindata\IMG\center_2026_08_02_20_02_26_265.jpg;0
C:\Users\Tune and Tones\Documents\traindata\IMG\center_2026_08_02_20_02_26_335.jpg;0
C:\Users\Tune and Tones\Documents\traindata\IMG\center_2026_08_02_20_02_26_413.jpg;0
C:\Users\Tune and Tones\Documents\traindata\IMG\center_2026_08_02_20_02_26_494.jpg;0
C:\Users\Tune and Tones\Documents\traindata\IMG\center_2026_08_02_20_02_26_575.jpg;0
C:\Users\Tune and Tones\Documents\traindata\IMG\center_2026_08_02_20_02_26_660.jpg;0
C:\Users\Tune and Tones\Documents\traindata\IMG\center_2026_08_02_20_02_26_736.jpg;0
C:\Users\Tune and Tones\Documents\traindata\IMG\center_2026_08_02_20_02_26_810.jpg;0
C:\Users\Tune and Tones\Documents\traindata\IMG\center_2026_08_02_20_02_26_894.jpg;0
C:\Users\Tune and Tones\Documents\traindata\IMG\center_2026_08_02_20_02_26_971.jpg;0
C:\Users\Tune and Tones\Documents\traindata\IMG\center_2026_08_02_20_02_27_046.jpg;0
C:\Users\Tune and Tones\Documents\traindata\IMG\center_2026_08_02_20_02_27_124.jpg;0
C:\Users\Tune and Tones\Documents\traindata\IMG\center_2026_08_02_20_02_27_205.jpg;0
C:\Users\Tune and Tones\Documents\traindata\IMG\center_2026_08_02_20_02_27_280.jpg;0
C:\Users\Tune and Tones\Documents\traindata\IMG\center_2026_08_02_20_02_27_358.jpg;0.2
C:\Users\Tune and Tones\Documents\traindata\IMG\center_2026_08_02_20_02_27_428.jpg;0
C:\Users\Tune and Tones\Documents\traindata\IMG\center_2026_08_02_20_02_27_505.jpg;0
C:\Users\Tune and Tones\Documents\traindata\IMG\center_2026_08_02_20_02_27_591.jpg;0
C:\Users\Tune and Tones\Documents\traindata\IMG\center_2026_08_02_20_02_27_669.jpg;0
C:\Users\Tune and Tones\Documents\traindata\IMG\center_2026_08_02_20_02_27_750.jpg;0
C:\Users\Tune and Tones\Documents\traindata\IMG\center_2026_08_02_20_02_27_825.jpg;0
C:\Users\Tune and Tones\Documents\traindata\IMG\center_2026_08_02_20_02_27_907.jpg;0
C:\Users\Tune and Tones\Documents\traindata\IMG\center_2026_08_02_20_02_27_985.jpg;0
C:\Users\Tune and Tones\Documents\traindata\IMG\center_2026_08_02_20_02_28_063.jpg;0
C:\Users\Tune and Tones\Documents\traindata\IMG\center_2026_08_02_20_02_28_141.jpg;0.2
C:\Users\Tune and Tones\Documents\traindata\IMG\center_2026_08_02_20_02_28_224.jpg;0.4
C:\Users\Tune and Tones\Documents\traindata\IMG\center_2026_08_02_20_02_28_304.jpg;0
C:\Users\Tune and Tones\Documents\traindata\IMG\center_2026_08_02_20_02_28_382.jpg;0
C:\Users\Tune and Tones\Documents\traindata\IMG\center_2026_08_02_20_02_28_461.jpg;0
C:\Users\Tune and Tones\Documents\traindata\IMG\center_2026_08_02_20_02_28_540.jpg;0
C:\Users\Tune and Tones\Documents\traindata\IMG\center_2026_08_02_20_02_28_622.jpg;0
C:\Users\Tune and Tones\Documents\traindata\IMG\center_2026_08_02_20_02_28_704.jpg;0
C:\Users\Tune and Tones\Documents\traindata\IMG\center_2026_08_02_20_02_28_785.jpg;0
C:\Users\Tune and Tones\Documents\traindata\IMG\center_2026_08_02_20_02_28_870.jpg;-0.25
C:\Users\Tune and Tones\Documents\traindata\IMG\center_2026_08_02_20_02_28_947.jpg;-0.45
C:\Users\Tune and Tones\Documents\traindata\IMG\center_2026_08_02_20_02_29_034.jpg;0
C:\Users\Tune and Tones\Documents\traindata\IMG\center_2026_08_02_20_02_29_117.jpg;0
C:\Users\Tune and Tones\Documents\traindata\IMG\center_2026_08_02_20_02_29_195.jpg;0
C:\Users\Tune and Tones\Documents\traindata\IMG\center_2026_08_02_20_02_29_279.jpg;0
C:\Users\Tune and Tones\Documents\traindata\IMG\center_2026_08_02_20_02_29_361.jpg;0
C:\Users\Tune and Tones\Documents\traindata\IMG\center_2026_08_02_20_02_29_442.jpg;0
C:\Users\Tune and Tones\Documents\traindata\IMG\center_2026_08_02_20_02_29_523.jpg;0
C:\Users\Tune and Tones\Documents\traindata\IMG\center_2026_08_02_20_02_29_604.jpg;0
C:\Users\Tune and Tones\Documents\traindata\IMG\center_2026_08_02_20_02_29_689.jpg;0
C:\Users\Tune and Tones\Documents\traindata\IMG\center_2026_08_02_20_02_29_770.jpg;0
C:\Users\Tune and Tones\Documents\traindata\IMG\center_2026_08_02_20_02_29_852.jpg;0
C:\Users\Tune and Tones\Documents\traindata\IMG\center_2026_08_02_20_02_29_935.jpg;0
C:\Users\Tune and Tones\Documents\traindata\IMG\center_2026_08_02_20_02_30_020.jpg;0
C:\Users\Tune and Tones\Documents\traindata\IMG\center_2026_08_02_20_02_30_100.jpg;0
C:\Users\Tune and Tones\Documents\traindata\IMG\center_2026_08_02_20_02_30_184.jpg;0
C:\Users\Tune and Tones\Documents\traindata\IMG\center_2026_08_02_20_02_30_269.jpg;0
C:\Users\Tune and Tones\Documents\traindata\IMG\center_2026_08_02_20_02_30_356.jpg;0
C:\Users\Tune and Tones\Documents\traindata\IMG\center_2026_08_02_20_02_30_430.jpg;0
C:\Users\Tune and Tones\Documents\traindata\IMG\center_2026_08_02_20_02_30_515.jpg;0.2
C:\Users\Tune and Tones\Documents\traindata\IMG\center_2026_08_02_20_02_30_597.jpg;0.4
C:\Users\Tune and Tones\Documents\traindata\IMG\center_2026_08_02_20_02_30_682.jpg;0
C:\Users\Tune and Tones\Documents\traindata\IMG\center_2026_08_02_20_02_30_771.jpg;0
C:\Users\Tune and Tones\Documents\traindata\IMG\center_2026_08_02_20_02_30_857.jpg;0
C:\Users\Tune and Tones\Documents\traindata\IMG\center_2026_08_02_20_02_30_939.jpg;0
C:\Users\Tune and Tones\Documents\traindata\IMG\center_2026_08_02_20_02_31_026.jpg;0
C:\Users\Tune and Tones\Documents\traindata\IMG\center_2026_08_02_20_02_31_110.jpg;0
C:\Users\Tune and Tones\Documents\traindata\IMG\center_2026_08_02_20_02_31_195.jpg;0
C:\Users\Tune and Tones\Documents\traindata\IMG\center_2026_08_02_20_02_31_282.jpg;0
C:\Users\Tune and Tones\Documents\traindata\IMG\center_2026_08_02_20_02_31_366.jpg;0
C:\Users\Tune and Tones\Documents\traindata\IMG\center_2026_08_02_20_02_31_450.jpg;0
C:\Users\Tune and Tones\Documents\traindata\IMG\center_2026_08_02_20_02_31_535.jpg;0
C:\Users\Tune and Tones\Documents\traindata\IMG\center_2026_08_02_20_02_31_620.jpg;0.2
C:\Users\Tune and Tones\Documents\traindata\IMG\center_2026_08_02_20_02_31_704.jpg;0.4
C:\Users\Tune and Tones\Documents\traindata\IMG\center_2026_08_02_20_02_31_791.jpg;0
C:\Users\Tune and Tones\Documents\traindata\IMG\center_2026_08_02_20_02_31_877.jpg;0
C:\Users\Tune and Tones\Documents\traindata\IMG\center_2026_08_02_20_02_31_967.jpg;0
C:\Users\Tune and Tones\Documents\traindata\IMG\center_2026_08_02_20_02_32_052.jpg;0
C:\Users\Tune and Tones\Documents\traindata\IMG\center_2026_08_02_20_02_32_141.jpg;0
C:\Users\Tune and Tones\Documents\traindata\IMG\center_2026_08_02_20_02_32_232.jpg;0
C:\Users\Tune and Tones\Documents\traindata\IMG\center_2026_08_02_20_02_32_320.jpg;0
C:\Users\Tune and Tones\Documents\traindata\IMG\center_2026_08_02_20_02_32_411.jpg;0
C:\Users\Tune and Tones\Documents\traindata\IMG\center_2026_08_02_20_02_32_499.jpg;0
C:\Users\Tune and Tones\Documents\traindata\IMG\center_2026_08_02_20_02_32_596.jpg;0
C:\Users\Tune and Tones\Documents\traindata\IMG\center_2026_08_02_20_02_32_686.jpg;0
C:\Users\Tune and Tones\Documents\traindata\IMG\center_2026_08_02_20_02_32_773.jpg;0
C:\Users\Tune and Tones\Documents\traindata\IMG\center_2026_08_02_20_02_32_869.jpg;0
C:\Users\Tune and Tones\Documents\traindata\IMG\center_2026_08_02_20_02_32_959.jpg;0
C:\Users\Tune and Tones\Documents\traindata\IMG\center_2026_08_02_20_02_33_052.jpg;0
C:\Users\Tune and Tones\Documents\traindata\IMG\center_2026_08_02_20_02_33_140.jpg;0
C:\Users\Tune and Tones\Documents\traindata\IMG\center_2026_08_02_20_02_33_232.jpg;0
C:\Users\Tune and Tones\Documents\traindata\IMG\center_2026_08_02_20_02_33_320.jpg;0
C:\Users\Tune and Tones\Documents\traindata\IMG\center_2026_08_02_20_02_33_415.jpg;0
C:\Users\Tune and Tones\Documents\traindata\IMG\center_2026_08_02_20_02_33_507.jpg;0.2
C:\Users\Tune and Tones\Documents\traindata\IMG\center_2026_08_02_20_02_33_601.jpg;0.45
C:\Users\Tune and Tones\Documents\traindata\IMG\center_2026_08_02_20_02_33_699.jpg;0
C:\Users\Tune and Tones\Documents\traindata\IMG\center_2026_08_02_20_02_33_790.jpg;0
C:\Users\Tune and Tones\Documents\traindata\IMG\center_2026_08_02_20_02_33_887.jpg;0
C:\Users\Tune and Tones\Documents\traindata\IMG\center_2026_08_02_20_02_33_978.jpg;0
C:\Users\Tune and Tones\Documents\traindata\IMG\center_2026_08_02_20_02_34_073.jpg;0
C:\Users\Tune and Tones\Documents\traindata\IMG\center_2026_08_02_20_02_34_169.jpg;0
C:\Users\Tune and Tones\Documents\traindata\IMG\center_2026_08_02_20_02_34_266.jpg;0
C:\Users\Tune and Tones\Documents\traindata\IMG\center_2026_08_02_20_02_34_364.jpg;0
C:\Users\Tune and Tones\Documents\traindata\IMG\center_2026_08_02_20_02_34_462.jpg;0
C:\Users\Tune and Tones\Documents\traindata\IMG\center_2026_08_02_20_02_34_563.jpg;0
C:\Users\Tune and Tones\Documents\traindata\IMG\center_2026_08_02_20_02_34_660.jpg;0
C:\Users\Tune and Tones\Documents\traindata\IMG\center_2026_08_02_20_02_34_761.jpg;0
C:\Users\Tune and Tones\Documents\traindata\IMG\center_2026_08_02_20_02_34_863.jpg;0
C:\Users\Tune and Tones\Documents\traindata\IMG\center_2026_08_02_20_02_34_959.jpg;0
C:\Users\Tune and Tones\Documents\traindata\IMG\center_2026_08_02_20_02_35_059.jpg;0
C:\Users\Tune and Tones\Documents\traindata\IMG\center_2026_08_02_20_02_35_161.jpg;0
C:\Users\Tune and Tones\Documents\traindata\IMG\center_2026_08_02_20_02_35_258.jpg;0
C:\Users\Tune and Tones\Documents\traindata\IMG\center_2026_08_02_20_02_35_357.jpg;0
C:\Users\Tune and Tones\Documents\traindata\IMG\center_2026_08_02_20_02_35_455.jpg;0
C:\Users\Tune and Tones\Documents\traindata\IMG\center_2026_08_02_20_02_35_545.jpg;0
C:\Users\Tune and Tones\Documents\traindata\IMG\center_2026_08_02_20_02_35_644.jpg;0.25
C:\Users\Tune and Tones\Documents\traindata\IMG\center_2026_08_02_20_02_35_739.jpg;0
C:\Users\Tune and Tones\Documents\traindata\IMG\center_2026_08_02_20_02_35_835.jpg;0
C:\Users\Tune and Tones\Documents\traindata\IMG\center_2026_08_02_20_02_35_928.jpg;0
C:\Users\Tune and Tones\Documents\traindata\IMG\center_2026_08_02_20_02_36_026.jpg;0
C:\Users\Tune and Tones\Documents\traindata\IMG\center_2026_08_02_20_02_36_123.jpg;0
C:\Users\Tune and Tones\Documents\traindata\IMG\center_2026_08_02_20_02_36_217.jpg;0
C:\Users\Tune and Tones\Documents\traindata\IMG\center_2026_08_02_20_02_36_310.jpg;0
C:\Users\Tune and Tones\Documents\traindata\IMG\center_2026_08_02_20_02_36_397.jpg;0.2
C:\Users\Tune and Tones\Documents\traindata\IMG\center_2026_08_02_20_02_36_498.jpg;0.45
C:\Users\Tune and Tones\Documents\traindata\IMG\center_2026_08_02_20_02_36_593.jpg;0.7
C:\Users\Tune and Tones\Documents\traindata\IMG\center_2026_08_02_20_02_36_688.jpg;0.9500002
C:\Users\Tune and Tones\Documents\traindata\IMG\center_2026_08_02_20_02_36_781.jpg;0
C:\Users\Tune and Tones\Documents\traindata\IMG\center_2026_08_02_20_02_36_892.jpg;0
C:\Users\Tune and Tones\Documents\traindata\IMG\center_2026_08_02_20_02_36_990.jpg;0
C:\Users\Tune and Tones\Documents\traindata\IMG\center_2026_08_02_20_02_37_087.jpg;0
C:\Users\Tune and Tones\Documents\traindata\IMG\center_2026_08_02_20_02_37_191.jpg;0
C:\Users\Tune and Tones\Documents\traindata\IMG\center_2026_08_02_20_02_37_290.jpg;0
C:\Users\Tune and Tones\Documents\traindata\IMG\center_2026_08_02_20_02_37_393.jpg;0
C:\Users\Tune and Tones\Documents\traindata\IMG\center_2026_08_02_20_02_37_501.jpg;-0.25
C:\Users\Tune and Tones\Documents\traindata\IMG\center_2026_08_02_20_02_37_602.jpg;-0.5000001
C:\Users\Tune and Tones\Documents\traindata\IMG\center_2026_08_02_20_02_37_701.jpg;0
C:\Users\Tune and Tones\Documents\traindata\IMG\center_2026_08_02_20_02_37_804.jpg;0
C:\Users\Tune and Tones\Documents\traindata\IMG\center_2026_08_02_20_02_37_909.jpg;0
C:\Users\Tune and Tones\Documents\traindata\IMG\center_2026_08_02_20_02_38_010.jpg;0
C:\Users\Tune and Tones\Documents\traindata\IMG\center_2026_08_02_20_02_38_113.jpg;0
C:\Users\Tune and Tones\Documents\traindata\IMG\center_2026_08_02_20_02_38_216.jpg;0
C:\Users\Tune and Tones\Documents\traindata\IMG\center_2026_08_02_20_02_38_317.jpg;0
C:\Users\Tune and Tones\Documents\traindata\IMG\center_2026_08_02_20_02_38_423.jpg;0
C:\Users\Tune and Tones\Documents\traindata\IMG\center_2026_08_02_20_02_38_529.jpg;0
C:\Users\Tune and Tones\Documents\traindata\IMG\center_2026_08_02_20_02_38_633.jpg;0
C:\Users\Tune and Tones\Documents\traindata\IMG\center_2026_08_02_20_02_38_740.jpg;0
C:\Users\Tune and Tones\Documents\traindata\IMG\center_2026_08_02_20_02_38_849.jpg;0
C:\Users\Tune and Tones\Documents\traindata\IMG\center_2026_08_02_20_02_38_953.jpg;0
C:\Users\Tune and Tones\Documents\traindata\IMG\center_2026_08_02_20_02_39_066.jpg;0
C:\Users\Tune and Tones\Documents\traindata\IMG\center_2026_08_02_20_02_39_172.jpg;0
C:\Users\Tune and Tones\Documents\traindata\IMG\center_2026_08_02_20_02_39_279.jpg;0
C:\Users\Tune and Tones\Documents\traindata\IMG\center_2026_08_02_20_02_39_389.jpg;0.3
C:\Users\Tune and Tones\Documents\traindata\IMG\center_2026_08_02_20_02_39_494.jpg;0.5500001
C:\Users\Tune and Tones\Documents\traindata\IMG\center_2026_08_02_20_02_39_603.jpg;0.8000001
C:\Users\Tune and Tones\Documents\traindata\IMG\center_2026_08_02_20_02_39_716.jpg;0
C:\Users\Tune and Tones\Documents\traindata\IMG\center_2026_08_02_20_02_39_822.jpg;0
C:\Users\Tune and Tones\Documents\traindata\IMG\center_2026_08_02_20_02_39_937.jpg;0
C:\Users\Tune and Tones\Documents\traindata\IMG\center_2026_08_02_20_02_40_047.jpg;0
C:\Users\Tune and Tones\Documents\traindata\IMG\center_2026_08_02_20_02_40_159.jpg;0.25
C:\Users\Tune and Tones\Documents\traindata\IMG\center_2026_08_02_20_02_40_273.jpg;0.5500001
C:\Users\Tune and Tones\Documents\traindata\IMG\center_2026_08_02_20_02_40_387.jpg;0
C:\Users\Tune and Tones\Documents\traindata\IMG\center_2026_08_02_20_02_40_497.jpg;0
C:\Users\Tune and Tones\Documents\traindata\IMG\center_2026_08_02_20_02_40_608.jpg;0
C:\Users\Tune and Tones\Documents\traindata\IMG\center_2026_08_02_20_02_40_726.jpg;0
C:\Users\Tune and Tones\Documents\traindata\IMG\center_2026_08_02_20_02_40_833.jpg;0.3
C:\Users\Tune and Tones\Documents\traindata\IMG\center_2026_08_02_20_02_40_944.jpg;0.5500001
C:\Users\Tune and Tones\Documents\traindata\IMG\center_2026_08_02_20_02_41_067.jpg;0.8500001
C:\Users\Tune and Tones\Documents\traindata\IMG\center_2026_08_02_20_02_41_173.jpg;0
C:\Users\Tune and Tones\Documents\traindata\IMG\center_2026_08_02_20_02_41_294.jpg;0
C:\Users\Tune and Tones\Documents\traindata\IMG\center_2026_08_02_20_02_41_405.jpg;0
C:\Users\Tune and Tones\Documents\traindata\IMG\center_2026_08_02_20_02_41_524.jpg;0.3
C:\Users\Tune and Tones\Documents\traindata\IMG\center_2026_08_02_20_02_41_633.jpg;0.6000001
C:\Users\Tune and Tones\Documents\traindata\IMG\center_2026_08_02_20_02_41_743.jpg;0
C:\Users\Tune and Tones\Documents\traindata\IMG\center_2026_08_02_20_02_41_849.jpg;0
C:\Users\Tune and Tones\Documents\traindata\IMG\center_2026_08_02_20_02_41_947.jpg;-0.25
C:\Users\Tune and Tones\Documents\traindata\IMG\center_2026_08_02_20_02_42_063.jpg;0
C:\Users\Tune and Tones\Documents\traindata\IMG\center_2026_08_02_20_02_42_167.jpg;0
C:\Users\Tune and Tones\Documents\traindata\IMG\center_2026_08_02_20_02_42_270.jpg;0
C:\Users\Tune and Tones\Documents\traindata\IMG\center_2026_08_02_20_02_42_377.jpg;0
C:\Users\Tune and Tones\Documents\traindata\IMG\center_2026_08_02_20_02_42_482.jpg;0
C:\Users\Tune and Tones\Documents\traindata\IMG\center_2026_08_02_20_02_42_590.jpg;0
C:\Users\Tune and Tones\Documents\traindata\IMG\center_2026_08_02_20_02_42_691.jpg;0
C:\Users\Tune and Tones\Documents\traindata\IMG\center_2026_08_02_20_02_42_802.jpg;0
C:\Users\Tune and Tones\Documents\traindata\IMG\center_2026_08_02_20_02_42_907.jpg;0
C:\Users\Tune and Tones\Documents\traindata\IMG\center_2026_08_02_20_02_43_015.jpg;0
C:\Users\Tune and Tones\Documents\traindata\IMG\center_2026_08_02_20_02_43_125.jpg;0
C:\Users\Tune and Tones\Documents\traindata\IMG\center_2026_08_02_20_02_43_232.jpg;0
C:\Users\Tune and Tones\Documents\traindata\IMG\center_2026_08_02_20_02_43_338.jpg;0
C:\Users\Tune and Tones\Documents\traindata\IMG\center_2026_08_02_20_02_43_444.jpg;0.25
C:\Users\Tune and Tones\Documents\traindata\IMG\center_2026_08_02_20_02_43_549.jpg;0.5000001
C:\Users\Tune and Tones\Documents\traindata\IMG\center_2026_08_02_20_02_43_652.jpg;0
C:\Users\Tune and Tones\Documents\traindata\IMG\center_2026_08_02_20_02_43_743.jpg;0
C:\Users\Tune and Tones\Documents\traindata\IMG\center_2026_08_02_20_02_43_849.jpg;0
C:\Users\Tune and Tones\Documents\traindata\IMG\center_2026_08_02_20_02_43_953.jpg;0
C:\Users\Tune and Tones\Documents\traindata\IMG\center_2026_08_02_20_02_44_054.jpg;0
C:\Users\Tune and Tones\Documents\traindata\IMG\center_2026_08_02_20_02_44_162.jpg;0
C:\Users\Tune and Tones\Documents\traindata\IMG\center_2026_08_02_20_02_44_266.jpg;0
C:\Users\Tune and Tones\Documents\traindata\IMG\center_2026_08_02_20_02_44_373.jpg;0
C:\Users\Tune and Tones\Documents\traindata\IMG\center_2026_08_02_20_02_44_468.jpg;0
C:\Users\Tune and Tones\Documents\traindata\IMG\center_2026_08_02_20_02_44_576.jpg;0.25
C:\Users\Tune and Tones\Documents\traindata\IMG\center_2026_08_02_20_02_44_676.jpg;0.5000001
C:\Users\Tune and Tones\Documents\traindata\IMG\center_2026_08_02_20_02_44_781.jpg;0.7500002
C:\Users\Tune and Tones\Documents\traindata\IMG\center_2026_08_02_20_02_44_883.jpg;0
C:\Users\Tune and Tones\Documents\traindata\IMG\center_2026_08_02_20_02_44_984.jpg;0
C:\Users\Tune and Tones\Documents\traindata\IMG\center_2026_08_02_20_02_45_084.jpg;0
C:\Users\Tune and Tones\Documents\traindata\IMG\center_2026_08_02_20_02_45_185.jpg;0
C:\Users\Tune and Tones\Documents\traindata\IMG\center_2026_08_02_20_02_45_284.jpg;0
C:\Users\Tune and Tones\Documents\traindata\IMG\center_2026_08_02_20_02_45_379.jpg;0
C:\Users\Tune and Tones\Documents\traindata\IMG\center_2026_08_02_20_02_45_481.jpg;0
C:\Users\Tune and Tones\Documents\traindata\IMG\center_2026_08_02_20_02_45_577.jpg;0
C:\Users\Tune and Tones\Documents\traindata\IMG\center_2026_08_02_20_02_45_675.jpg;0
C:\Users\Tune and Tones\Documents\traindata\IMG\center_2026_08_02_20_02_45_774.jpg;0.25
C:\Users\Tune and Tones\Documents\traindata\IMG\center_2026_08_02_20_02_45_870.jpg;0.5000001
C:\Users\Tune and Tones\Documents\traindata\IMG\center_2026_08_02_20_02_45_968.jpg;0.7500002
C:\Users\Tune and Tones\Documents\traindata\IMG\center_2026_08_02_20_02_46_065.jpg;0
C:\Users\Tune and Tones\Documents\traindata\IMG\center_2026_08_02_20_02_46_159.jpg;0
C:\Users\Tune and Tones\Documents\traindata\IMG\center_2026_08_02_20_02_46_257.jpg;0
C:\Users\Tune and Tones\Documents\traindata\IMG\center_2026_08_02_20_02_46_346.jpg;0
C:\Users\Tune and Tones\Documents\traindata\IMG\center_2026_08_02_20_02_46_434.jpg;0
C:\Users\Tune and Tones\Documents\traindata\IMG\center_2026_08_02_20_02_46_525.jpg;0
C:\Users\Tune and Tones\Documents\traindata\IMG\center_2026_08_02_20_02_46_620.jpg;0
C:\Users\Tune and Tones\Documents\traindata\IMG\center_2026_08_02_20_02_46_701.jpg;0
C:\Users\Tune and Tones\Documents\traindata\IMG\center_2026_08_02_20_02_46_789.jpg;0
C:\Users\Tune and Tones\Documents\traindata\IMG\center_2026_08_02_20_02_46_880.jpg;0
C:\Users\Tune and Tones\Documents\traindata\IMG\center_2026_08_02_20_02_46_972.jpg;0
C:\Users\Tune and Tones\Documents\traindata\IMG\center_2026_08_02_20_02_47_058.jpg;0
C:\Users\Tune and Tones\Documents\traindata\IMG\center_2026_08_02_20_02_47_141.jpg;0
C:\Users\Tune and Tones\Documents\traindata\IMG\center_2026_08_02_20_02_47_236.jpg;0
C:\Users\Tune and Tones\Documents\traindata\IMG\center_2026_08_02_20_02_47_317.jpg;0
C:\Users\Tune and Tones\Documents\traindata\IMG\center_2026_08_02_20_02_47_405.jpg;0
C:\Users\Tune and Tones\Documents\traindata\IMG\center_2026_08_02_20_02_47_493.jpg;0
C:\Users\Tune and Tones\Documents\traindata\IMG\center_2026_08_02_20_02_47_581.jpg;0
C:\Users\Tune and Tones\Documents\traindata\IMG\center_2026_08_02_20_02_47_676.jpg;0
C:\Users\Tune and Tones\Documents\traindata\IMG\center_2026_08_02_20_02_47_755.jpg;0
C:\Users\Tune and Tones\Documents\traindata\IMG\center_2026_08_02_20_02_47_842.jpg;0
C:\Users\Tune and Tones\Documents\traindata\IMG\center_2026_08_02_20_02_47_931.jpg;0
C:\Users\Tune and Tones\Documents\traindata\IMG\center_2026_08_02_20_02_48_014.jpg;0
C:\Users\Tune and Tones\Documents\traindata\IMG\center_2026_08_02_20_02_48_109.jpg;0
C:\Users\Tune and Tones\Documents\traindata\IMG\center_2026_08_02_20_02_48_186.jpg;0
C:\Users\Tune and Tones\Documents\traindata\IMG\center_2026_08_02_20_02_48_264.jpg;0
C:\Users\Tune and Tones\Documents\traindata\IMG\center_2026_08_02_20_02_48_350.jpg;0
C:\Users\Tune and Tones\Documents\traindata\IMG\center_2026_08_02_20_02_48_437.jpg;0
C:\Users\Tune and Tones\Documents\traindata\IMG\center_2026_08_02_20_02_48_524.jpg;0
C:\Users\Tune and Tones\Documents\traindata\IMG\center_2026_08_02_20_02_48_610.jpg;0
C:\Users\Tune and Tones\Documents\traindata\IMG\center_2026_08_02_20_02_48_696.jpg;0
C:\Users\Tune and Tones\Documents\traindata\IMG\center_2026_08_02_20_02_48_781.jpg;0
C:\Users\Tune and Tones\Documents\traindata\IMG\center_2026_08_02_20_02_48_871.jpg;0
C:\Users\Tune and Tones\Documents\traindata\IMG\center_2026_08_02_20_02_48_953.jpg;0
C:\Users\Tune and Tones\Documents\traindata\IMG\center_2026_08_02_20_02_49_036.jpg;0
C:\Users\Tune and Tones\Documents\traindata\IMG\center_2026_08_02_20_02_49_124.jpg;0
C:\Users\Tune and Tones\Documents\traindata\IMG\center_2026_08_02_20_02_49_213.jpg;0
C:\Users\Tune and Tones\Documents\traindata\IMG\center_2026_08_02_20_02_49_296.jpg;0
C:\Users\Tune and Tones\Documents\traindata\IMG\center_2026_08_02_20_02_49_380.jpg;0
C:\Users\Tune and Tones\Documents\traindata\IMG\center_2026_08_02_20_02_49_464.jpg;0
C:\Users\Tune and Tones\Documents\traindata\IMG\center_2026_08_02_20_02_49_550.jpg;0.25
C:\Users\Tune and Tones\Documents\traindata\IMG\center_2026_08_02_20_02_49_641.jpg;0.45
C:\Users\Tune and Tones\Documents\traindata\IMG\center_2026_08_02_20_02_49_721.jpg;0.6500001
C:\Users\Tune and Tones\Documents\traindata\IMG\center_2026_08_02_20_02_49_811.jpg;0
C:\Users\Tune and Tones\Documents\traindata\IMG\center_2026_08_02_20_02_49_896.jpg;0
C:\Users\Tune and Tones\Documents\traindata\IMG\center_2026_08_02_20_02_49_980.jpg;0
C:\Users\Tune and Tones\Documents\traindata\IMG\center_2026_08_02_20_02_50_062.jpg;0
C:\Users\Tune and Tones\Documents\traindata\IMG\center_2026_08_02_20_02_50_146.jpg;0
C:\Users\Tune and Tones\Documents\traindata\IMG\center_2026_08_02_20_02_50_226.jpg;0
C:\Users\Tune and Tones\Documents\traindata\IMG\center_2026_08_02_20_02_50_309.jpg;0
C:\Users\Tune and Tones\Documents\traindata\IMG\center_2026_08_02_20_02_50_387.jpg;0
C:\Users\Tune and Tones\Documents\traindata\IMG\center_2026_08_02_20_02_50_467.jpg;0
C:\Users\Tune and Tones\Documents\traindata\IMG\center_2026_08_02_20_02_50_545.jpg;0
C:\Users\Tune and Tones\Documents\traindata\IMG\center_2026_08_02_20_02_50_625.jpg;0
C:\Users\Tune and Tones\Documents\traindata\IMG\center_2026_08_02_20_02_50_701.jpg;0
C:\Users\Tune and Tones\Documents\traindata\IMG\center_2026_08_02_20_02_50_783.jpg;0
C:\Users\Tune and Tones\Documents\traindata\IMG\center_2026_08_02_20_02_50_867.jpg;0
C:\Users\Tune and Tones\Documents\traindata\IMG\center_2026_08_02_20_02_50_947.jpg;0
C:\Users\Tune and Tones\Documents\traindata\IMG\center_2026_08_02_20_02_51_023.jpg;0
C:\Users\Tune and Tones\Documents\traindata\IMG\center_2026_08_02_20_02_51_104.jpg;0
C:\Users\Tune and Tones\Documents\traindata\IMG\center_2026_08_02_20_02_51_184.jpg;0
C:\Users\Tune and Tones\Documents\traindata\IMG\center_2026_08_02_20_02_51_262.jpg;0
C:\Users\Tune and Tones\Documents\traindata\IMG\center_2026_08_02_20_02_51_346.jpg;0
C:\Users\Tune and Tones\Documents\traindata\IMG\center_2026_08_02_20_02_51_431.jpg;0
C:\Users\Tune and Tones\Documents\traindata\IMG\center_2026_08_02_20_02_51_507.jpg;0
C:\Users\Tune and Tones\Documents\traindata\IMG\center_2026_08_02_20_02_51_586.jpg;0
C:\Users\Tune and Tones\Documents\traindata\IMG\center_2026_08_02_20_02_51_662.jpg;0
C:\Users\Tune and Tones\Documents\traindata\IMG\center_2026_08_02_20_02_51_743.jpg;0
C:\Users\Tune and Tones\Documents\traindata\IMG\center_2026_08_02_20_02_51_815.jpg;0
C:\Users\Tune and Tones\Documents\traindata\IMG\center_2026_08_02_20_02_51_895.jpg;0
C:\Users\Tune and Tones\Documents\traindata\IMG\center_2026_08_02_20_02_51_977.jpg;0
C:\Users\Tune and Tones\Documents\traindata\IMG\center_2026_08_02_20_02_52_052.jpg;0
C:\Users\Tune and Tones\Documents\traindata\IMG\center_2026_08_02_20_02_52_132.jpg;0
C:\Users\Tune and Tones\Documents\traindata\IMG\center_2026_08_02_20_02_52_212.jpg;0
C:\Users\Tune and Tones\Documents\traindata\IMG\center_2026_08_02_20_02_52_287.jpg;0
C:\Users\Tune and Tones\Documents\traindata\IMG\center_2026_08_02_20_02_52_367.jpg;0
C:\Users\Tune and Tones\Documents\traindata\IMG\center_2026_08_02_20_02_52_448.jpg;0
C:\Users\Tune and Tones\Documents\traindata\IMG\center_2026_08_02_20_02_52_529.jpg;0
C:\Users\Tune and Tones\Documents\traindata\IMG\center_2026_08_02_20_02_52_603.jpg;0
C:\Users\Tune and Tones\Documents\traindata\IMG\center_2026_08_02_20_02_52_689.jpg;0
C:\Users\Tune and Tones\Documents\traindata\IMG\center_2026_08_02_20_02_52_766.jpg;0.15
C:\Users\Tune and Tones\Documents\traindata\IMG\center_2026_08_02_20_02_52_845.jpg;0.35
C:\Users\Tune and Tones\Documents\traindata\IMG\center_2026_08_02_20_02_52_927.jpg;0.5500001
C:\Users\Tune and Tones\Documents\traindata\IMG\center_2026_08_02_20_02_53_005.jpg;0
C:\Users\Tune and Tones\Documents\traindata\IMG\center_2026_08_02_20_02_53_088.jpg;0
C:\Users\Tune and Tones\Documents\traindata\IMG\center_2026_08_02_20_02_53_167.jpg;0
C:\Users\Tune and Tones\Documents\traindata\IMG\center_2026_08_02_20_02_53_247.jpg;0
C:\Users\Tune and Tones\Documents\traindata\IMG\center_2026_08_02_20_02_53_324.jpg;0
C:\Users\Tune and Tones\Documents\traindata\IMG\center_2026_08_02_20_02_53_400.jpg;0
C:\Users\Tune and Tones\Documents\traindata\IMG\center_2026_08_02_20_02_53_484.jpg;0
C:\Users\Tune and Tones\Documents\traindata\IMG\center_2026_08_02_20_02_53_564.jpg;0
C:\Users\Tune and Tones\Documents\traindata\IMG\center_2026_08_02_20_02_53_638.jpg;0
C:\Users\Tune and Tones\Documents\traindata\IMG\center_2026_08_02_20_02_53_719.jpg;-0.2
C:\Users\Tune and Tones\Documents\traindata\IMG\center_2026_08_02_20_02_53_797.jpg;-0.4
C:\Users\Tune and Tones\Documents\traindata\IMG\center_2026_08_02_20_02_53_876.jpg;-0.6000001
C:\Users\Tune and Tones\Documents\traindata\IMG\center_2026_08_02_20_02_53_952.jpg;0
C:\Users\Tune and Tones\Documents\traindata\IMG\center_2026_08_02_20_02_54_035.jpg;0
C:\Users\Tune and Tones\Documents\traindata\IMG\center_2026_08_02_20_02_54_108.jpg;0
C:\Users\Tune and Tones\Documents\traindata\IMG\center_2026_08_02_20_02_54_191.jpg;0
C:\Users\Tune and Tones\Documents\traindata\IMG\center_2026_08_02_20_02_54_262.jpg;0
C:\Users\Tune and Tones\Documents\traindata\IMG\center_2026_08_02_20_02_54_344.jpg;0
C:\Users\Tune and Tones\Documents\traindata\IMG\center_2026_08_02_20_02_54_418.jpg;0
C:\Users\Tune and Tones\Documents\traindata\IMG\center_2026_08_02_20_02_54_497.jpg;0
C:\Users\Tune and Tones\Documents\traindata\IMG\center_2026_08_02_20_02_54_576.jpg;0.2
C:\Users\Tune and Tones\Documents\traindata\IMG\center_2026_08_02_20_02_54_647.jpg;0.4
C:\Users\Tune and Tones\Documents\traindata\IMG\center_2026_08_02_20_02_54_723.jpg;0.5500001
C:\Users\Tune and Tones\Documents\traindata\IMG\center_2026_08_02_20_02_54_801.jpg;0
C:\Users\Tune and Tones\Documents\traindata\IMG\center_2026_08_02_20_02_54_879.jpg;0
C:\Users\Tune and Tones\Documents\traindata\IMG\center_2026_08_02_20_02_54_959.jpg;0
C:\Users\Tune and Tones\Documents\traindata\IMG\center_2026_08_02_20_02_55_037.jpg;0
C:\Users\Tune and Tones\Documents\traindata\IMG\center_2026_08_02_20_02_55_115.jpg;0
C:\Users\Tune and Tones\Documents\traindata\IMG\center_2026_08_02_20_02_55_188.jpg;0
C:\Users\Tune and Tones\Documents\traindata\IMG\center_2026_08_02_20_02_55_265.jpg;0
C:\Users\Tune and Tones\Documents\traindata\IMG\center_2026_08_02_20_02_55_339.jpg;0
C:\Users\Tune and Tones\Documents\traindata\IMG\center_2026_08_02_20_02_55_412.jpg;0
C:\Users\Tune and Tones\Documents\traindata\IMG\center_2026_08_02_20_02_55_491.jpg;0
C:\Users\Tune and Tones\Documents\traindata\IMG\center_2026_08_02_20_02_55_564.jpg;0
C:\Users\Tune and Tones\Documents\traindata\IMG\center_2026_08_02_20_02_55_636.jpg;0
C:\Users\Tune and Tones\Documents\traindata\IMG\center_2026_08_02_20_02_55_712.jpg;0
C:\Users\Tune and Tones\Documents\traindata\IMG\center_2026_08_02_20_02_55_788.jpg;0
C:\Users\Tune and Tones\Documents\traindata\IMG\center_2026_08_02_20_02_55_858.jpg;0
C:\Users\Tune and Tones\Documents\traindata\IMG\center_2026_08_02_20_02_55_931.jpg;0
C:\Users\Tune and Tones\Documents\traindata\IMG\center_2026_08_02_20_02_56_010.jpg;0.2
C:\Users\Tune and Tones\Documents\traindata\IMG\center_2026_08_02_20_02_56_083.jpg;0.35
C:\Users\Tune and Tones\Documents\traindata\IMG\center_2026_08_02_20_02_56_161.jpg;0
C:\Users\Tune and Tones\Documents\traindata\IMG\center_2026_08_02_20_02_56_233.jpg;0
C:\Users\Tune and Tones\Documents\traindata\IMG\center_2026_08_02_20_02_56_312.jpg;0
C:\Users\Tune and Tones\Documents\traindata\IMG\center_2026_08_02_20_02_56_383.jpg;0
C:\Users\Tune and Tones\Documents\traindata\IMG\center_2026_08_02_20_02_56_462.jpg;0
C:\Users\Tune and Tones\Documents\traindata\IMG\center_2026_08_02_20_02_56_535.jpg;0
C:\Users\Tune and Tones\Documents\traindata\IMG\center_2026_08_02_20_02_56_610.jpg;0
C:\Users\Tune and Tones\Documents\traindata\IMG\center_2026_08_02_20_02_56_685.jpg;0
C:\Users\Tune and Tones\Documents\traindata\IMG\center_2026_08_02_20_02_56_762.jpg;0
C:\Users\Tune and Tones\Documents\traindata\IMG\center_2026_08_02_20_02_56_838.jpg;0
C:\Users\Tune and Tones\Documents\traindata\IMG\center_2026_08_02_20_02_56_913.jpg;0
C:\Users\Tune and Tones\Documents\traindata\IMG\center_2026_08_02_20_02_56_985.jpg;0
C:\Users\Tune and Tones\Documents\traindata\IMG\center_2026_08_02_20_02_57_064.jpg;0
C:\Users\Tune and Tones\Documents\traindata\IMG\center_2026_08_02_20_02_57_137.jpg;0
C:\Users\Tune and Tones\Documents\traindata\IMG\center_2026_08_02_20_02_57_218.jpg;0
C:\Users\Tune and Tones\Documents\traindata\IMG\center_2026_08_02_20_02_57_290.jpg;0
C:\Users\Tune and Tones\Documents\traindata\IMG\center_2026_08_02_20_02_57_368.jpg;0
C:\Users\Tune and Tones\Documents\traindata\IMG\center_2026_08_02_20_02_57_440.jpg;0
C:\Users\Tune and Tones\Documents\traindata\IMG\center_2026_08_02_20_02_57_514.jpg;0
C:\Users\Tune and Tones\Documents\traindata\IMG\center_2026_08_02_20_02_57_588.jpg;0
C:\Users\Tune and Tones\Documents\traindata\IMG\center_2026_08_02_20_02_57_663.jpg;0
C:\Users\Tune and Tones\Documents\traindata\IMG\center_2026_08_02_20_02_57_738.jpg;0.2
C:\Users\Tune and Tones\Documents\traindata\IMG\center_2026_08_02_20_02_57_814.jpg;0.4
C:\Users\Tune and Tones\Documents\traindata\IMG\center_2026_08_02_20_02_57_890.jpg;0
C:\Users\Tune and Tones\Documents\traindata\IMG\center_2026_08_02_20_02_57_962.jpg;0
C:\Users\Tune and Tones\Documents\traindata\IMG\center_2026_08_02_20_02_58_035.jpg;0
C:\Users\Tune and Tones\Documents\traindata\IMG\center_2026_08_02_20_02_58_112.jpg;0
C:\Users\Tune and Tones\Documents\traindata\IMG\center_2026_08_02_20_02_58_187.jpg;0
C:\Users\Tune and Tones\Documents\traindata\IMG\center_2026_08_02_20_02_58_264.jpg;0
C:\Users\Tune and Tones\Documents\traindata\IMG\center_2026_08_02_20_02_58_336.jpg;0
C:\Users\Tune and Tones\Documents\traindata\IMG\center_2026_08_02_20_02_58_414.jpg;0
C:\Users\Tune and Tones\Documents\traindata\IMG\center_2026_08_02_20_02_58_488.jpg;0
C:\Users\Tune and Tones\Documents\traindata\IMG\center_2026_08_02_20_02_58_557.jpg;0
C:\Users\Tune and Tones\Documents\traindata\IMG\center_2026_08_02_20_02_58_629.jpg;0
C:\Users\Tune and Tones\Documents\traindata\IMG\center_2026_08_02_20_02_58_707.jpg;0
C:\Users\Tune and Tones\Documents\traindata\IMG\center_2026_08_02_20_02_58_780.jpg;0
C:\Users\Tune and Tones\Documents\traindata\IMG\center_2026_08_02_20_02_58_855.jpg;0
C:\Users\Tune and Tones\Documents\traindata\IMG\center_2026_08_02_20_02_58_921.jpg;0
C:\Users\Tune and Tones\Documents\traindata\IMG\center_2026_08_02_20_02_58_994.jpg;0
C:\Users\Tune and Tones\Documents\traindata\IMG\center_2026_08_02_20_02_59_065.jpg;0
C:\Users\Tune and Tones\Documents\traindata\IMG\center_2026_08_02_20_02_59_135.jpg;0
C:\Users\Tune and Tones\Documents\traindata\IMG\center_2026_08_02_20_02_59_212.jpg;0
C:\Users\Tune and Tones\Documents\traindata\IMG\center_2026_08_02_20_02_59_280.jpg;0
C:\Users\Tune and Tones\Documents\traindata\IMG\center_2026_08_02_20_02_59_355.jpg;0
C:\Users\Tune and Tones\Documents\traindata\IMG\center_2026_08_02_20_02_59_429.jpg;0
C:\Users\Tune and Tones\Documents\traindata\IMG\center_2026_08_02_20_02_59_570.jpg;0
C:\Users\Tune and Tones\Documents\traindata\IMG\center_2026_08_02_20_02_59_640.jpg;0
C:\Users\Tune and Tones\Documents\traindata\IMG\center_2026_08_02_20_02_59_714.jpg;0
C:\Users\Tune and Tones\Documents\traindata\IMG\center_2026_08_02_20_02_59_786.jpg;0
C:\Users\Tune and Tones\Documents\traindata\IMG\center_2026_08_02_20_02_59_859.jpg;0
C:\Users\Tune and Tones\Documents\traindata\IMG\center_2026_08_02_20_02_59_939.jpg;0
C:\Users\Tune and Tones\Documents\traindata\IMG\center_2026_08_02_20_03_00_012.jpg;0
C:\Users\Tune and Tones\Documents\traindata\IMG\center_2026_08_02_20_03_00_082.jpg;0
C:\Users\Tune and Tones\Documents\traindata\IMG\center_2026_08_02_20_03_00_156.jpg;0
C:\Users\Tune and Tones\Documents\traindata\IMG\center_2026_08_02_20_03_00_227.jpg;0
C:\Users\Tune and Tones\Documents\traindata\IMG\center_2026_08_02_20_03_00_301.jpg;0
C:\Users\Tune and Tones\Documents\traindata\IMG\center_2026_08_02_20_03_00_377.jpg;0
C:\Users\Tune and Tones\Documents\traindata\IMG\center_2026_08_02_20_03_00_450.jpg;0
C:\Users\Tune and Tones\Documents\traindata\IMG\center_2026_08_02_20_03_00_521.jpg;0
C:\Users\Tune and Tones\Documents\traindata\IMG\center_2026_08_02_20_03_00_599.jpg;0
C:\Users\Tune and Tones\Documents\traindata\IMG\center_2026_08_02_20_03_00_672.jpg;0
C:\Users\Tune and Tones\Documents\traindata\IMG\center_2026_08_02_20_03_00_745.jpg;0
C:\Users\Tune and Tones\Documents\traindata\IMG\center_2026_08_02_20_03_00_819.jpg;0
C:\Users\Tune and Tones\Documents\traindata\IMG\center_2026_08_02_20_03_00_898.jpg;0
C:\Users\Tune and Tones\Documents\traindata\IMG\center_2026_08_02_20_03_00_971.jpg;0
C:\Users\Tune and Tones\Documents\traindata\IMG\center_2026_08_02_20_03_01_048.jpg;0
C:\Users\Tune and Tones\Documents\traindata\IMG\center_2026_08_02_20_03_01_125.jpg;0
C:\Users\Tune and Tones\Documents\traindata\IMG\center_2026_08_02_20_03_01_200.jpg;0
C:\Users\Tune and Tones\Documents\traindata\IMG\center_2026_08_02_20_03_01_272.jpg;0
C:\Users\Tune and Tones\Documents\traindata\IMG\center_2026_08_02_20_03_01_352.jpg;0
C:\Users\Tune and Tones\Documents\traindata\IMG\center_2026_08_02_20_03_01_422.jpg;0
C:\Users\Tune and Tones\Documents\traindata\IMG\center_2026_08_02_20_03_01_504.jpg;0
C:\Users\Tune and Tones\Documents\traindata\IMG\center_2026_08_02_20_03_01_578.jpg;0.2
C:\Users\Tune and Tones\Documents\traindata\IMG\center_2026_08_02_20_03_01_655.jpg;0
C:\Users\Tune and Tones\Documents\traindata\IMG\center_2026_08_02_20_03_01_730.jpg;0
C:\Users\Tune and Tones\Documents\traindata\IMG\center_2026_08_02_20_03_01_803.jpg;0
C:\Users\Tune and Tones\Documents\traindata\IMG\center_2026_08_02_20_03_01_883.jpg;0
C:\Users\Tune and Tones\Documents\traindata\IMG\center_2026_08_02_20_03_01_954.jpg;0
C:\Users\Tune and Tones\Documents\traindata\IMG\center_2026_08_02_20_03_02_033.jpg;0
C:\Users\Tune and Tones\Documents\traindata\IMG\center_2026_08_02_20_03_02_109.jpg;0
C:\Users\Tune and Tones\Documents\traindata\IMG\center_2026_08_02_20_03_02_187.jpg;0
C:\Users\Tune and Tones\Documents\traindata\IMG\center_2026_08_02_20_03_02_259.jpg;0
C:\Users\Tune and Tones\Documents\traindata\IMG\center_2026_08_02_20_03_02_336.jpg;0.2
C:\Users\Tune and Tones\Documents\traindata\IMG\center_2026_08_02_20_03_02_409.jpg;0.4
C:\Users\Tune and Tones\Documents\traindata\IMG\center_2026_08_02_20_03_02_488.jpg;0
C:\Users\Tune and Tones\Documents\traindata\IMG\center_2026_08_02_20_03_02_564.jpg;0
C:\Users\Tune and Tones\Documents\traindata\IMG\center_2026_08_02_20_03_02_637.jpg;0
C:\Users\Tune and Tones\Documents\traindata\IMG\center_2026_08_02_20_03_02_720.jpg;0
C:\Users\Tune and Tones\Documents\traindata\IMG\center_2026_08_02_20_03_02_792.jpg;0
C:\Users\Tune and Tones\Documents\traindata\IMG\center_2026_08_02_20_03_02_868.jpg;0
C:\Users\Tune and Tones\Documents\traindata\IMG\center_2026_08_02_20_03_02_944.jpg;0
C:\Users\Tune and Tones\Documents\traindata\IMG\center_2026_08_02_20_03_03_021.jpg;0
C:\Users\Tune and Tones\Documents\traindata\IMG\center_2026_08_02_20_03_03_095.jpg;0
C:\Users\Tune and Tones\Documents\traindata\IMG\center_2026_08_02_20_03_03_173.jpg;0
C:\Users\Tune and Tones\Documents\traindata\IMG\center_2026_08_02_20_03_03_251.jpg;0
C:\Users\Tune and Tones\Documents\traindata\IMG\center_2026_08_02_20_03_03_326.jpg;0
C:\Users\Tune and Tones\Documents\traindata\IMG\center_2026_08_02_20_03_03_406.jpg;0.2
C:\Users\Tune and Tones\Documents\traindata\IMG\center_2026_08_02_20_03_03_479.jpg;0.35
C:\Users\Tune and Tones\Documents\traindata\IMG\center_2026_08_02_20_03_03_554.jpg;0
C:\Users\Tune and Tones\Documents\traindata\IMG\center_2026_08_02_20_03_03_631.jpg;0
C:\Users\Tune and Tones\Documents\traindata\IMG\center_2026_08_02_20_03_03_711.jpg;0
C:\Users\Tune and Tones\Documents\traindata\IMG\center_2026_08_02_20_03_03_790.jpg;0
C:\Users\Tune and Tones\Documents\traindata\IMG\center_2026_08_02_20_03_03_864.jpg;0
C:\Users\Tune and Tones\Documents\traindata\IMG\center_2026_08_02_20_03_03_942.jpg;0
C:\Users\Tune and Tones\Documents\traindata\IMG\center_2026_08_02_20_03_04_013.jpg;0
C:\Users\Tune and Tones\Documents\traindata\IMG\center_2026_08_02_20_03_04_094.jpg;0
C:\Users\Tune and Tones\Documents\traindata\IMG\center_2026_08_02_20_03_04_171.jpg;0
C:\Users\Tune and Tones\Documents\traindata\IMG\center_2026_08_02_20_03_04_252.jpg;0.2
C:\Users\Tune and Tones\Documents\traindata\IMG\center_2026_08_02_20_03_04_329.jpg;0.4
C:\Users\Tune and Tones\Documents\traindata\IMG\center_2026_08_02_20_03_04_408.jpg;0
C:\Users\Tune and Tones\Documents\traindata\IMG\center_2026_08_02_20_03_04_486.jpg;0
C:\Users\Tune and Tones\Documents\traindata\IMG\center_2026_08_02_20_03_04_563.jpg;0
C:\Users\Tune and Tones\Documents\traindata\IMG\center_2026_08_02_20_03_04_641.jpg;0
C:\Users\Tune and Tones\Documents\traindata\IMG\center_2026_08_02_20_03_04_716.jpg;0
C:\Users\Tune and Tones\Documents\traindata\IMG\center_2026_08_02_20_03_04_795.jpg;0
C:\Users\Tune and Tones\Documents\traindata\IMG\center_2026_08_02_20_03_04_877.jpg;0
C:\Users\Tune and Tones\Documents\traindata\IMG\center_2026_08_02_20_03_04_955.jpg;0
C:\Users\Tune and Tones\Documents\traindata\IMG\center_2026_08_02_20_03_05_033.jpg;0
C:\Users\Tune and Tones\Documents\traindata\IMG\center_2026_08_02_20_03_05_112.jpg;0
C:\Users\Tune and Tones\Documents\traindata\IMG\center_2026_08_02_20_03_05_190.jpg;0
C:\Users\Tune and Tones\Documents\traindata\IMG\center_2026_08_02_20_03_05_272.jpg;0
C:\Users\Tune and Tones\Documents\traindata\IMG\center_2026_08_02_20_03_05_347.jpg;0
C:\Users\Tune and Tones\Documents\traindata\IMG\center_2026_08_02_20_03_05_423.jpg;0
C:\Users\Tune and Tones\Documents\traindata\IMG\center_2026_08_02_20_03_05_504.jpg;0
C:\Users\Tune and Tones\Documents\traindata\IMG\center_2026_08_02_20_03_05_581.jpg;0
C:\Users\Tune and Tones\Documents\traindata\IMG\center_2026_08_02_20_03_05_658.jpg;0
C:\Users\Tune and Tones\Documents\traindata\IMG\center_2026_08_02_20_03_05_737.jpg;0
C:\Users\Tune and Tones\Documents\traindata\IMG\center_2026_08_02_20_03_05_819.jpg;0
C:\Users\Tune and Tones\Documents\traindata\IMG\center_2026_08_02_20_03_05_895.jpg;0
C:\Users\Tune and Tones\Documents\traindata\IMG\center_2026_08_02_20_03_05_979.jpg;0
C:\Users\Tune and Tones\Documents\traindata\IMG\center_2026_08_02_20_03_06_058.jpg;0
C:\Users\Tune and Tones\Documents\traindata\IMG\center_2026_08_02_20_03_06_130.jpg;0
C:\Users\Tune and Tones\Documents\traindata\IMG\center_2026_08_02_20_03_06_216.jpg;0
C:\Users\Tune and Tones\Documents\traindata\IMG\center_2026_08_02_20_03_06_293.jpg;0
C:\Users\Tune and Tones\Documents\traindata\IMG\center_2026_08_02_20_03_06_378.jpg;0
C:\Users\Tune and Tones\Documents\traindata\IMG\center_2026_08_02_20_03_06_453.jpg;0
C:\Users\Tune and Tones\Documents\traindata\IMG\center_2026_08_02_20_03_06_538.jpg;0
C:\Users\Tune and Tones\Documents\traindata\IMG\center_2026_08_02_20_03_06_613.jpg;0
C:\Users\Tune and Tones\Documents\traindata\IMG\center_2026_08_02_20_03_06_697.jpg;0
C:\Users\Tune and Tones\Documents\traindata\IMG\center_2026_08_02_20_03_06_775.jpg;0
C:\Users\Tune and Tones\Documents\traindata\IMG\center_2026_08_02_20_03_06_858.jpg;0
C:\Users\Tune and Tones\Documents\traindata\IMG\center_2026_08_02_20_03_06_940.jpg;0
C:\Users\Tune and Tones\Documents\traindata\IMG\center_2026_08_02_20_03_07_021.jpg;0
C:\Users\Tune and Tones\Documents\traindata\IMG\center_2026_08_02_20_03_07_104.jpg;0
C:\Users\Tune and Tones\Documents\traindata\IMG\center_2026_08_02_20_03_07_182.jpg;0
C:\Users\Tune and Tones\Documents\traindata\IMG\center_2026_08_02_20_03_07_270.jpg;0
C:\Users\Tune and Tones\Documents\traindata\IMG\center_2026_08_02_20_03_07_348.jpg;0
C:\Users\Tune and Tones\Documents\traindata\IMG\center_2026_08_02_20_03_07_435.jpg;0
C:\Users\Tune and Tones\Documents\traindata\IMG\center_2026_08_02_20_03_07_514.jpg;0
C:\Users\Tune and Tones\Documents\traindata\IMG\center_2026_08_02_20_03_07_594.jpg;0
C:\Users\Tune and Tones\Documents\traindata\IMG\center_2026_08_02_20_03_07_680.jpg;0
C:\Users\Tune and Tones\Documents\traindata\IMG\center_2026_08_02_20_03_07_762.jpg;0
C:\Users\Tune and Tones\Documents\traindata\IMG\center_2026_08_02_20_03_07_852.jpg;0.25
C:\Users\Tune and Tones\Documents\traindata\IMG\center_2026_08_02_20_03_07_934.jpg;0.45
C:\Users\Tune and Tones\Documents\traindata\IMG\center_2026_08_02_20_03_08_017.jpg;0
C:\Users\Tune and Tones\Documents\traindata\IMG\center_2026_08_02_20_03_08_098.jpg;0
C:\Users\Tune and Tones\Documents\traindata\IMG\center_2026_08_02_20_03_08_185.jpg;0
C:\Users\Tune and Tones\Documents\traindata\IMG\center_2026_08_02_20_03_08_276.jpg;0
C:\Users\Tune and Tones\Documents\traindata\IMG\center_2026_08_02_20_03_08_351.jpg;0
C:\Users\Tune and Tones\Documents\traindata\IMG\center_2026_08_02_20_03_08_441.jpg;0
C:\Users\Tune and Tones\Documents\traindata\IMG\center_2026_08_02_20_03_08_527.jpg;0
C:\Users\Tune and Tones\Documents\traindata\IMG\center_2026_08_02_20_03_08_607.jpg;0
C:\Users\Tune and Tones\Documents\traindata\IMG\center_2026_08_02_20_03_08_692.jpg;0
C:\Users\Tune and Tones\Documents\traindata\IMG\center_2026_08_02_20_03_08_776.jpg;0
C:\Users\Tune and Tones\Documents\traindata\IMG\center_2026_08_02_20_03_08_863.jpg;0
C:\Users\Tune and Tones\Documents\traindata\IMG\center_2026_08_02_20_03_08_953.jpg;0
C:\Users\Tune and Tones\Documents\traindata\IMG\center_2026_08_02_20_03_09_037.jpg;0
C:\Users\Tune and Tones\Documents\traindata\IMG\center_2026_08_02_20_03_09_120.jpg;0
C:\Users\Tune and Tones\Documents\traindata\IMG\center_2026_08_02_20_03_09_205.jpg;0
C:\Users\Tune and Tones\Documents\traindata\IMG\center_2026_08_02_20_03_09_292.jpg;0
C:\Users\Tune and Tones\Documents\traindata\IMG\center_2026_08_02_20_03_09_381.jpg;0
C:\Users\Tune and Tones\Documents\traindata\IMG\center_2026_08_02_20_03_09_467.jpg;0
C:\Users\Tune and Tones\Documents\traindata\IMG\center_2026_08_02_20_03_09_551.jpg;0
C:\Users\Tune and Tones\Documents\traindata\IMG\center_2026_08_02_20_03_09_634.jpg;0
C:\Users\Tune and Tones\Documents\traindata\IMG\center_2026_08_02_20_03_09_720.jpg;0
C:\Users\Tune and Tones\Documents\traindata\IMG\center_2026_08_02_20_03_09_803.jpg;0
C:\Users\Tune and Tones\Documents\traindata\IMG\center_2026_08_02_20_03_09_888.jpg;0
C:\Users\Tune and Tones\Documents\traindata\IMG\center_2026_08_02_20_03_09_977.jpg;0
C:\Users\Tune and Tones\Documents\traindata\IMG\center_2026_08_02_20_03_10_065.jpg;0
C:\Users\Tune and Tones\Documents\traindata\IMG\center_2026_08_02_20_03_10_153.jpg;0
C:\Users\Tune and Tones\Documents\traindata\IMG\center_2026_08_02_20_03_10_242.jpg;0
C:\Users\Tune and Tones\Documents\traindata\IMG\center_2026_08_02_20_03_10_328.jpg;0
C:\Users\Tune and Tones\Documents\traindata\IMG\center_2026_08_02_20_03_10_417.jpg;0.2
C:\Users\Tune and Tones\Documents\traindata\IMG\center_2026_08_02_20_03_10_501.jpg;0.4
C:\Users\Tune and Tones\Documents\traindata\IMG\center_2026_08_02_20_03_10_588.jpg;0.6500001
C:\Users\Tune and Tones\Documents\traindata\IMG\center_2026_08_02_20_03_10_675.jpg;0
C:\Users\Tune and Tones\Documents\traindata\IMG\center_2026_08_02_20_03_10_759.jpg;0
C:\Users\Tune and Tones\Documents\traindata\IMG\center_2026_08_02_20_03_10_853.jpg;0
C:\Users\Tune and Tones\Documents\traindata\IMG\center_2026_08_02_20_03_10_934.jpg;0
C:\Users\Tune and Tones\Documents\traindata\IMG\center_2026_08_02_20_03_11_020.jpg;0
C:\Users\Tune and Tones\Documents\traindata\IMG\center_2026_08_02_20_03_11_106.jpg;0
C:\Users\Tune and Tones\Documents\traindata\IMG\center_2026_08_02_20_03_11_187.jpg;0
C:\Users\Tune and Tones\Documents\traindata\IMG\center_2026_08_02_20_03_11_270.jpg;0
C:\Users\Tune and Tones\Documents\traindata\IMG\center_2026_08_02_20_03_11_353.jpg;0
C:\Users\Tune and Tones\Documents\traindata\IMG\center_2026_08_02_20_03_11_439.jpg;0
C:\Users\Tune and Tones\Documents\traindata\IMG\center_2026_08_02_20_03_11_527.jpg;0
C:\Users\Tune and Tones\Documents\traindata\IMG\center_2026_08_02_20_03_11_611.jpg;0.25
C:\Users\Tune and Tones\Documents\traindata\IMG\center_2026_08_02_20_03_11_691.jpg;0.45
C:\Users\Tune and Tones\Documents\traindata\IMG\center_2026_08_02_20_03_11_775.jpg;0.6500001
C:\Users\Tune and Tones\Documents\traindata\IMG\center_2026_08_02_20_03_11_862.jpg;0
C:\Users\Tune and Tones\Documents\traindata\IMG\center_2026_08_02_20_03_11_952.jpg;0
C:\Users\Tune and Tones\Documents\traindata\IMG\center_2026_08_02_20_03_12_030.jpg;0
C:\Users\Tune and Tones\Documents\traindata\IMG\center_2026_08_02_20_03_12_118.jpg;0
C:\Users\Tune and Tones\Documents\traindata\IMG\center_2026_08_02_20_03_12_208.jpg;0
C:\Users\Tune and Tones\Documents\traindata\IMG\center_2026_08_02_20_03_12_289.jpg;0
C:\Users\Tune and Tones\Documents\traindata\IMG\center_2026_08_02_20_03_12_375.jpg;0
C:\Users\Tune and Tones\Documents\traindata\IMG\center_2026_08_02_20_03_12_463.jpg;0
C:\Users\Tune and Tones\Documents\traindata\IMG\center_2026_08_02_20_03_12_551.jpg;0
C:\Users\Tune and Tones\Documents\traindata\IMG\center_2026_08_02_20_03_12_636.jpg;0
C:\Users\Tune and Tones\Documents\traindata\IMG\center_2026_08_02_20_03_12_728.jpg;0
C:\Users\Tune and Tones\Documents\traindata\IMG\center_2026_08_02_20_03_12_815.jpg;0
C:\Users\Tune and Tones\Documents\traindata\IMG\center_2026_08_02_20_03_12_897.jpg;0
C:\Users\Tune and Tones\Documents\traindata\IMG\center_2026_08_02_20_03_12_981.jpg;0
C:\Users\Tune and Tones\Documents\traindata\IMG\center_2026_08_02_20_03_13_076.jpg;0
C:\Users\Tune and Tones\Documents\traindata\IMG\center_2026_08_02_20_03_13_164.jpg;0
C:\Users\Tune and Tones\Documents\traindata\IMG\center_2026_08_02_20_03_13_247.jpg;0
C:\Users\Tune and Tones\Documents\traindata\IMG\center_2026_08_02_20_03_13_341.jpg;0
C:\Users\Tune and Tones\Documents\traindata\IMG\center_2026_08_02_20_03_13_421.jpg;0
C:\Users\Tune and Tones\Documents\traindata\IMG\center_2026_08_02_20_03_13_509.jpg;0
C:\Users\Tune and Tones\Documents\traindata\IMG\center_2026_08_02_20_03_13_603.jpg;0
C:\Users\Tune and Tones\Documents\traindata\IMG\center_2026_08_02_20_03_13_685.jpg;0
C:\Users\Tune and Tones\Documents\traindata\IMG\center_2026_08_02_20_03_13_776.jpg;0
C:\Users\Tune and Tones\Documents\traindata\IMG\center_2026_08_02_20_03_13_863.jpg;0
C:\Users\Tune and Tones\Documents\traindata\IMG\center_2026_08_02_20_03_13_950.jpg;0
C:\Users\Tune and Tones\Documents\traindata\IMG\center_2026_08_02_20_03_14_033.jpg;0
C:\Users\Tune and Tones\Documents\traindata\IMG\center_2026_08_02_20_03_14_122.jpg;0
C:\Users\Tune and Tones\Documents\traindata\IMG\center_2026_08_02_20_03_14_210.jpg;0
C:\Users\Tune and Tones\Documents\traindata\IMG\center_2026_08_02_20_03_14_294.jpg;0.2
C:\Users\Tune and Tones\Documents\traindata\IMG\center_2026_08_02_20_03_14_380.jpg;0.4
C:\Users\Tune and Tones\Documents\traindata\IMG\center_2026_08_02_20_03_14_470.jpg;0
C:\Users\Tune and Tones\Documents\traindata\IMG\center_2026_08_02_20_03_14_557.jpg;0
C:\Users\Tune and Tones\Documents\traindata\IMG\center_2026_08_02_20_03_14_645.jpg;0
C:\Users\Tune and Tones\Documents\traindata\IMG\center_2026_08_02_20_03_14_729.jpg;0
C:\Users\Tune and Tones\Documents\traindata\IMG\center_2026_08_02_20_03_14_817.jpg;0
C:\Users\Tune and Tones\Documents\traindata\IMG\center_2026_08_02_20_03_14_906.jpg;0
C:\Users\Tune and Tones\Documents\traindata\IMG\center_2026_08_02_20_03_14_995.jpg;0
C:\Users\Tune and Tones\Documents\traindata\IMG\center_2026_08_02_20_03_15_085.jpg;0
C:\Users\Tune and Tones\Documents\traindata\IMG\center_2026_08_02_20_03_15_174.jpg;0.25
C:\Users\Tune and Tones\Documents\traindata\IMG\center_2026_08_02_20_03_15_263.jpg;0.45
C:\Users\Tune and Tones\Documents\traindata\IMG\center_2026_08_02_20_03_15_357.jpg;0.7
C:\Users\Tune and Tones\Documents\traindata\IMG\center_2026_08_02_20_03_15_442.jpg;0.9000002
C:\Users\Tune and Tones\Documents\traindata\IMG\center_2026_08_02_20_03_15_533.jpg;0
C:\Users\Tune and Tones\Documents\traindata\IMG\center_2026_08_02_20_03_15_623.jpg;0
C:\Users\Tune and Tones\Documents\traindata\IMG\center_2026_08_02_20_03_15_711.jpg;0
C:\Users\Tune and Tones\Documents\traindata\IMG\center_2026_08_02_20_03_15_803.jpg;0
C:\Users\Tune and Tones\Documents\traindata\IMG\center_2026_08_02_20_03_15_886.jpg;0
C:\Users\Tune and Tones\Documents\traindata\IMG\center_2026_08_02_20_03_15_973.jpg;0
C:\Users\Tune and Tones\Documents\traindata\IMG\center_2026_08_02_20_03_16_059.jpg;0
C:\Users\Tune and Tones\Documents\traindata\IMG\center_2026_08_02_20_03_16_142.jpg;0
C:\Users\Tune and Tones\Documents\traindata\IMG\center_2026_08_02_20_03_16_225.jpg;0
C:\Users\Tune and Tones\Documents\traindata\IMG\center_2026_08_02_20_03_16_311.jpg;0
C:\Users\Tune and Tones\Documents\traindata\IMG\center_2026_08_02_20_03_16_395.jpg;0
C:\Users\Tune and Tones\Documents\traindata\IMG\center_2026_08_02_20_03_16_481.jpg;0
C:\Users\Tune and Tones\Documents\traindata\IMG\center_2026_08_02_20_03_16_561.jpg;0
C:\Users\Tune and Tones\Documents\traindata\IMG\center_2026_08_02_20_03_16_646.jpg;0
C:\Users\Tune and Tones\Documents\traindata\IMG\center_2026_08_02_20_03_16_725.jpg;0.2
C:\Users\Tune and Tones\Documents\traindata\IMG\center_2026_08_02_20_03_16_813.jpg;0.45
C:\Users\Tune and Tones\Documents\traindata\IMG\center_2026_08_02_20_03_16_900.jpg;0.6500001
C:\Users\Tune and Tones\Documents\traindata\IMG\center_2026_08_02_20_03_16_981.jpg;0
C:\Users\Tune and Tones\Documents\traindata\IMG\center_2026_08_02_20_03_17_066.jpg;0
C:\Users\Tune and Tones\Documents\traindata\IMG\center_2026_08_02_20_03_17_159.jpg;0
C:\Users\Tune and Tones\Documents\traindata\IMG\center_2026_08_02_20_03_17_246.jpg;0
C:\Users\Tune and Tones\Documents\traindata\IMG\center_2026_08_02_20_03_17_336.jpg;0
C:\Users\Tune and Tones\Documents\traindata\IMG\center_2026_08_02_20_03_17_424.jpg;0
C:\Users\Tune and Tones\Documents\traindata\IMG\center_2026_08_02_20_03_17_503.jpg;0
C:\Users\Tune and Tones\Documents\traindata\IMG\center_2026_08_02_20_03_17_592.jpg;0
C:\Users\Tune and Tones\Documents\traindata\IMG\center_2026_08_02_20_03_17_673.jpg;0
C:\Users\Tune and Tones\Documents\traindata\IMG\center_2026_08_02_20_03_17_755.jpg;0
C:\Users\Tune and Tones\Documents\traindata\IMG\center_2026_08_02_20_03_17_848.jpg;0
C:\Users\Tune and Tones\Documents\traindata\IMG\center_2026_08_02_20_03_17_922.jpg;0
C:\Users\Tune and Tones\Documents\traindata\IMG\center_2026_08_02_20_03_18_001.jpg;0
C:\Users\Tune and Tones\Documents\traindata\IMG\center_2026_08_02_20_03_18_084.jpg;0
C:\Users\Tune and Tones\Documents\traindata\IMG\center_2026_08_02_20_03_18_168.jpg;0
C:\Users\Tune and Tones\Documents\traindata\IMG\center_2026_08_02_20_03_18_251.jpg;0
C:\Users\Tune and Tones\Documents\traindata\IMG\center_2026_08_02_20_03_18_339.jpg;0
C:\Users\Tune and Tones\Documents\traindata\IMG\center_2026_08_02_20_03_18_432.jpg;0
C:\Users\Tune and Tones\Documents\traindata\IMG\center_2026_08_02_20_03_18_517.jpg;0
C:\Users\Tune and Tones\Documents\traindata\IMG\center_2026_08_02_20_03_18_597.jpg;0.2
C:\Users\Tune and Tones\Documents\traindata\IMG\center_2026_08_02_20_03_18_679.jpg;0.4
C:\Users\Tune and Tones\Documents\traindata\IMG\center_2026_08_02_20_03_18_764.jpg;0.6000001
C:\Users\Tune and Tones\Documents\traindata\IMG\center_2026_08_02_20_03_18_852.jpg;0.8500001
C:\Users\Tune and Tones\Documents\traindata\IMG\center_2026_08_02_20_03_18_946.jpg;0
C:\Users\Tune and Tones\Documents\traindata\IMG\center_2026_08_02_20_03_19_048.jpg;0
C:\Users\Tune and Tones\Documents\traindata\IMG\center_2026_08_02_20_03_19_136.jpg;0
C:\Users\Tune and Tones\Documents\traindata\IMG\center_2026_08_02_20_03_19_225.jpg;0
C:\Users\Tune and Tones\Documents\traindata\IMG\center_2026_08_02_20_03_19_312.jpg;0
C:\Users\Tune and Tones\Documents\traindata\IMG\center_2026_08_02_20_03_19_402.jpg;0
C:\Users\Tune and Tones\Documents\traindata\IMG\center_2026_08_02_20_03_19_491.jpg;0
C:\Users\Tune and Tones\Documents\traindata\IMG\center_2026_08_02_20_03_19_576.jpg;0
C:\Users\Tune and Tones\Documents\traindata\IMG\center_2026_08_02_20_03_19_665.jpg;0
C:\Users\Tune and Tones\Documents\traindata\IMG\center_2026_08_02_20_03_19_755.jpg;0
C:\Users\Tune and Tones\Documents\traindata\IMG\center_2026_08_02_20_03_19_834.jpg;0
C:\Users\Tune and Tones\Documents\traindata\IMG\center_2026_08_02_20_03_19_924.jpg;0.2
C:\Users\Tune and Tones\Documents\traindata\IMG\center_2026_08_02_20_03_20_015.jpg;0.45
C:\Users\Tune and Tones\Documents\traindata\IMG\center_2026_08_02_20_03_20_104.jpg;0.6500001
C:\Users\Tune and Tones\Documents\traindata\IMG\center_2026_08_02_20_03_20_183.jpg;0.8500001
C:\Users\Tune and Tones\Documents\traindata\IMG\center_2026_08_02_20_03_20_272.jpg;1
C:\Users\Tune and Tones\Documents\traindata\IMG\center_2026_08_02_20_03_20_358.jpg;0
C:\Users\Tune and Tones\Documents\traindata\IMG\center_2026_08_02_20_03_20_441.jpg;0
C:\Users\Tune and Tones\Documents\traindata\IMG\center_2026_08_02_20_03_20_534.jpg;0
C:\Users\Tune and Tones\Documents\traindata\IMG\center_2026_08_02_20_03_20_609.jpg;0
C:\Users\Tune and Tones\Documents\traindata\IMG\center_2026_08_02_20_03_20_690.jpg;0
C:\Users\Tune and Tones\Documents\traindata\IMG\center_2026_08_02_20_03_20_772.jpg;0
C:\Users\Tune and Tones\Documents\traindata\IMG\center_2026_08_02_20_03_20_855.jpg;0
C:\Users\Tune and Tones\Documents\traindata\IMG\center_2026_08_02_20_03_20_939.jpg;0
C:\Users\Tune and Tones\Documents\traindata\IMG\center_2026_08_02_20_03_21_020.jpg;0
C:\Users\Tune and Tones\Documents\traindata\IMG\center_2026_08_02_20_03_21_100.jpg;0
C:\Users\Tune and Tones\Documents\traindata\IMG\center_2026_08_02_20_03_21_183.jpg;0
C:\Users\Tune and Tones\Documents\traindata\IMG\center_2026_08_02_20_03_21_275.jpg;0
C:\Users\Tune and Tones\Documents\traindata\IMG\center_2026_08_02_20_03_21_349.jpg;0
C:\Users\Tune and Tones\Documents\traindata\IMG\center_2026_08_02_20_03_21_432.jpg;0
C:\Users\Tune and Tones\Documents\traindata\IMG\center_2026_08_02_20_03_21_515.jpg;0
C:\Users\Tune and Tones\Documents\traindata\IMG\center_2026_08_02_20_03_21_598.jpg;0
C:\Users\Tune and Tones\Documents\traindata\IMG\center_2026_08_02_20_03_21_681.jpg;0
C:\Users\Tune and Tones\Documents\traindata\IMG\center_2026_08_02_20_03_21_763.jpg;0.2
C:\Users\Tune and Tones\Documents\traindata\IMG\center_2026_08_02_20_03_21_844.jpg;0.4
C:\Users\Tune and Tones\Documents\traindata\IMG\center_2026_08_02_20_03_21_923.jpg;0.6000001
C:\Users\Tune and Tones\Documents\traindata\IMG\center_2026_08_02_20_03_22_006.jpg;0.8000001
C:\Users\Tune and Tones\Documents\traindata\IMG\center_2026_08_02_20_03_22_090.jpg;0
C:\Users\Tune and Tones\Documents\traindata\IMG\center_2026_08_02_20_03_22_168.jpg;0
C:\Users\Tune and Tones\Documents\traindata\IMG\center_2026_08_02_20_03_22_253.jpg;0
C:\Users\Tune and Tones\Documents\traindata\IMG\center_2026_08_02_20_03_22_339.jpg;0
C:\Users\Tune and Tones\Documents\traindata\IMG\center_2026_08_02_20_03_22_420.jpg;0
C:\Users\Tune and Tones\Documents\traindata\IMG\center_2026_08_02_20_03_22_503.jpg;0.2
C:\Users\Tune and Tones\Documents\traindata\IMG\center_2026_08_02_20_03_22_582.jpg;0.4
C:\Users\Tune and Tones\Documents\traindata\IMG\center_2026_08_02_20_03_22_663.jpg;0.6000001
C:\Users\Tune and Tones\Documents\traindata\IMG\center_2026_08_02_20_03_22_749.jpg;0.8500001
C:\Users\Tune and Tones\Documents\traindata\IMG\center_2026_08_02_20_03_22_830.jpg;1
C:\Users\Tune and Tones\Documents\traindata\IMG\center_2026_08_02_20_03_22_911.jpg;0
C:\Users\Tune and Tones\Documents\traindata\IMG\center_2026_08_02_20_03_22_995.jpg;0
C:\Users\Tune and Tones\Documents\traindata\IMG\center_2026_08_02_20_03_23_077.jpg;0
C:\Users\Tune and Tones\Documents\traindata\IMG\center_2026_08_02_20_03_23_161.jpg;0
C:\Users\Tune and Tones\Documents\traindata\IMG\center_2026_08_02_20_03_23_247.jpg;0
C:\Users\Tune and Tones\Documents\traindata\IMG\center_2026_08_02_20_03_23_326.jpg;0
C:\Users\Tune and Tones\Documents\traindata\IMG\center_2026_08_02_20_03_23_412.jpg;0
C:\Users\Tune and Tones\Documents\traindata\IMG\center_2026_08_02_20_03_23_492.jpg;0
C:\Users\Tune and Tones\Documents\traindata\IMG\center_2026_08_02_20_03_23_570.jpg;0
C:\Users\Tune and Tones\Documents\traindata\IMG\center_2026_08_02_20_03_23_652.jpg;0.2
C:\Users\Tune and Tones\Documents\traindata\IMG\center_2026_08_02_20_03_23_729.jpg;0.4
C:\Users\Tune and Tones\Documents\traindata\IMG\center_2026_08_02_20_03_23_816.jpg;0
C:\Users\Tune and Tones\Documents\traindata\IMG\center_2026_08_02_20_03_23_892.jpg;0
C:\Users\Tune and Tones\Documents\traindata\IMG\center_2026_08_02_20_03_23_976.jpg;0
C:\Users\Tune and Tones\Documents\traindata\IMG\center_2026_08_02_20_03_24_056.jpg;0
C:\Users\Tune and Tones\Documents\traindata\IMG\center_2026_08_02_20_03_24_135.jpg;0
C:\Users\Tune and Tones\Documents\traindata\IMG\center_2026_08_02_20_03_24_218.jpg;0
C:\Users\Tune and Tones\Documents\traindata\IMG\center_2026_08_02_20_03_24_295.jpg;0
C:\Users\Tune and Tones\Documents\traindata\IMG\center_2026_08_02_20_03_24_376.jpg;0
C:\Users\Tune and Tones\Documents\traindata\IMG\center_2026_08_02_20_03_24_456.jpg;0.2
C:\Users\Tune and Tones\Documents\traindata\IMG\center_2026_08_02_20_03_24_536.jpg;0.4
C:\Users\Tune and Tones\Documents\traindata\IMG\center_2026_08_02_20_03_24_616.jpg;0.6000001
C:\Users\Tune and Tones\Documents\traindata\IMG\center_2026_08_02_20_03_24_699.jpg;0.8000001
C:\Users\Tune and Tones\Documents\traindata\IMG\center_2026_08_02_20_03_24_772.jpg;0
C:\Users\Tune and Tones\Documents\traindata\IMG\center_2026_08_02_20_03_24_853.jpg;0
C:\Users\Tune and Tones\Documents\traindata\IMG\center_2026_08_02_20_03_24_937.jpg;0
C:\Users\Tune and Tones\Documents\traindata\IMG\center_2026_08_02_20_03_25_017.jpg;0
C:\Users\Tune and Tones\Documents\traindata\IMG\center_2026_08_02_20_03_25_092.jpg;0
C:\Users\Tune and Tones\Documents\traindata\IMG\center_2026_08_02_20_03_25_171.jpg;0
C:\Users\Tune and Tones\Documents\traindata\IMG\center_2026_08_02_20_03_25_252.jpg;0
C:\Users\Tune and Tones\Documents\traindata\IMG\center_2026_08_02_20_03_25_326.jpg;-0.15
C:\Users\Tune and Tones\Documents\traindata\IMG\center_2026_08_02_20_03_25_406.jpg;-0.35
C:\Users\Tune and Tones\Documents\traindata\IMG\center_2026_08_02_20_03_25_484.jpg;-0.5500001
C:\Users\Tune and Tones\Documents\traindata\IMG\center_2026_08_02_20_03_25_566.jpg;0
C:\Users\Tune and Tones\Documents\traindata\IMG\center_2026_08_02_20_03_25_643.jpg;0
C:\Users\Tune and Tones\Documents\traindata\IMG\center_2026_08_02_20_03_25_728.jpg;0
C:\Users\Tune and Tones\Documents\traindata\IMG\center_2026_08_02_20_03_25_805.jpg;0
C:\Users\Tune and Tones\Documents\traindata\IMG\center_2026_08_02_20_03_25_883.jpg;0
C:\Users\Tune and Tones\Documents\traindata\IMG\center_2026_08_02_20_03_25_961.jpg;0
C:\Users\Tune and Tones\Documents\traindata\IMG\center_2026_08_02_20_03_26_042.jpg;0
C:\Users\Tune and Tones\Documents\traindata\IMG\center_2026_08_02_20_03_26_127.jpg;0
C:\Users\Tune and Tones\Documents\traindata\IMG\center_2026_08_02_20_03_26_202.jpg;0
C:\Users\Tune and Tones\Documents\traindata\IMG\center_2026_08_02_20_03_26_285.jpg;0
C:\Users\Tune and Tones\Documents\traindata\IMG\center_2026_08_02_20_03_26_357.jpg;-0.2
C:\Users\Tune and Tones\Documents\traindata\IMG\center_2026_08_02_20_03_26_437.jpg;0
C:\Users\Tune and Tones\Documents\traindata\IMG\center_2026_08_02_20_03_26_520.jpg;0
C:\Users\Tune and Tones\Documents\traindata\IMG\center_2026_08_02_20_03_26_598.jpg;0
C:\Users\Tune and Tones\Documents\traindata\IMG\center_2026_08_02_20_03_26_680.jpg;0
C:\Users\Tune and Tones\Documents\traindata\IMG\center_2026_08_02_20_03_26_761.jpg;0
C:\Users\Tune and Tones\Documents\traindata\IMG\center_2026_08_02_20_03_26_844.jpg;0
C:\Users\Tune and Tones\Documents\traindata\IMG\center_2026_08_02_20_03_26_929.jpg;0
C:\Users\Tune and Tones\Documents\traindata\IMG\center_2026_08_02_20_03_27_005.jpg;0
C:\Users\Tune and Tones\Documents\traindata\IMG\center_2026_08_02_20_03_27_088.jpg;0
C:\Users\Tune and Tones\Documents\traindata\IMG\center_2026_08_02_20_03_27_170.jpg;0
C:\Users\Tune and Tones\Documents\traindata\IMG\center_2026_08_02_20_03_27_258.jpg;0
C:\Users\Tune and Tones\Documents\traindata\IMG\center_2026_08_02_20_03_27_336.jpg;0
C:\Users\Tune and Tones\Documents\traindata\IMG\center_2026_08_02_20_03_27_418.jpg;0
C:\Users\Tune and Tones\Documents\traindata\IMG\center_2026_08_02_20_03_27_497.jpg;0
C:\Users\Tune and Tones\Documents\traindata\IMG\center_2026_08_02_20_03_27_580.jpg;0
C:\Users\Tune and Tones\Documents\traindata\IMG\center_2026_08_02_20_03_27_663.jpg;0
C:\Users\Tune and Tones\Documents\traindata\IMG\center_2026_08_02_20_03_27_742.jpg;0
C:\Users\Tune and Tones\Documents\traindata\IMG\center_2026_08_02_20_03_27_830.jpg;0
C:\Users\Tune and Tones\Documents\traindata\IMG\center_2026_08_02_20_03_27_907.jpg;0
C:\Users\Tune and Tones\Documents\traindata\IMG\center_2026_08_02_20_03_27_991.jpg;0
C:\Users\Tune and Tones\Documents\traindata\IMG\center_2026_08_02_20_03_28_072.jpg;0
C:\Users\Tune and Tones\Documents\traindata\IMG\center_2026_08_02_20_03_28_150.jpg;0
C:\Users\Tune and Tones\Documents\traindata\IMG\center_2026_08_02_20_03_28_233.jpg;0
C:\Users\Tune and Tones\Documents\traindata\IMG\center_2026_08_02_20_03_28_316.jpg;0
C:\Users\Tune and Tones\Documents\traindata\IMG\center_2026_08_02_20_03_28_402.jpg;0
C:\Users\Tune and Tones\Documents\traindata\IMG\center_2026_08_02_20_03_28_469.jpg;0
C:\Users\Tune and Tones\Documents\traindata\IMG\center_2026_08_02_20_03_28_553.jpg;0
C:\Users\Tune and Tones\Documents\traindata\IMG\center_2026_08_02_20_03_28_644.jpg;0
C:\Users\Tune and Tones\Documents\traindata\IMG\center_2026_08_02_20_03_28_725.jpg;0
C:\Users\Tune and Tones\Documents\traindata\IMG\center_2026_08_02_20_03_28_794.jpg;0
C:\Users\Tune and Tones\Documents\traindata\IMG\center_2026_08_02_20_03_28_886.jpg;0
C:\Users\Tune and Tones\Documents\traindata\IMG\center_2026_08_02_20_03_28_962.jpg;0
C:\Users\Tune and Tones\Documents\traindata\IMG\center_2026_08_02_20_03_29_037.jpg;0
C:\Users\Tune and Tones\Documents\traindata\IMG\center_2026_08_02_20_03_29_116.jpg;-0.2
C:\Users\Tune and Tones\Documents\traindata\IMG\center_2026_08_02_20_03_29_195.jpg;-0.4
C:\Users\Tune and Tones\Documents\traindata\IMG\center_2026_08_02_20_03_29_271.jpg;-0.6000001
C:\Users\Tune and Tones\Documents\traindata\IMG\center_2026_08_02_20_03_29_354.jpg;0
C:\Users\Tune and Tones\Documents\traindata\IMG\center_2026_08_02_20_03_29_446.jpg;0
C:\Users\Tune and Tones\Documents\traindata\IMG\center_2026_08_02_20_03_29_524.jpg;0
C:\Users\Tune and Tones\Documents\traindata\IMG\center_2026_08_02_20_03_29_604.jpg;0
C:\Users\Tune and Tones\Documents\traindata\IMG\center_2026_08_02_20_03_29_689.jpg;0
C:\Users\Tune and Tones\Documents\traindata\IMG\center_2026_08_02_20_03_29_772.jpg;0
C:\Users\Tune and Tones\Documents\traindata\IMG\center_2026_08_02_20_03_29_860.jpg;0
C:\Users\Tune and Tones\Documents\traindata\IMG\center_2026_08_02_20_03_29_934.jpg;0
C:\Users\Tune and Tones\Documents\traindata\IMG\center_2026_08_02_20_03_30_013.jpg;0
C:\Users\Tune and Tones\Documents\traindata\IMG\center_2026_08_02_20_03_30_094.jpg;0
C:\Users\Tune and Tones\Documents\traindata\IMG\center_2026_08_02_20_03_30_179.jpg;-0.2
C:\Users\Tune and Tones\Documents\traindata\IMG\center_2026_08_02_20_03_30_255.jpg;0
C:\Users\Tune and Tones\Documents\traindata\IMG\center_2026_08_02_20_03_30_336.jpg;0
C:\Users\Tune and Tones\Documents\traindata\IMG\center_2026_08_02_20_03_30_416.jpg;0
C:\Users\Tune and Tones\Documents\traindata\IMG\center_2026_08_02_20_03_30_499.jpg;0
C:\Users\Tune and Tones\Documents\traindata\IMG\center_2026_08_02_20_03_30_580.jpg;0
C:\Users\Tune and Tones\Documents\traindata\IMG\center_2026_08_02_20_03_30_655.jpg;0
C:\Users\Tune and Tones\Documents\traindata\IMG\center_2026_08_02_20_03_30_732.jpg;0
C:\Users\Tune and Tones\Documents\traindata\IMG\center_2026_08_02_20_03_30_810.jpg;-0.2
C:\Users\Tune and Tones\Documents\traindata\IMG\center_2026_08_02_20_03_30_892.jpg;-0.4
C:\Users\Tune and Tones\Documents\traindata\IMG\center_2026_08_02_20_03_30_969.jpg;-0.6000001
C:\Users\Tune and Tones\Documents\traindata\IMG\center_2026_08_02_20_03_31_044.jpg;-0.7500002
C:\Users\Tune and Tones\Documents\traindata\IMG\center_2026_08_02_20_03_31_121.jpg;0
C:\Users\Tune and Tones\Documents\traindata\IMG\center_2026_08_02_20_03_31_199.jpg;0
C:\Users\Tune and Tones\Documents\traindata\IMG\center_2026_08_02_20_03_31_274.jpg;0
C:\Users\Tune and Tones\Documents\traindata\IMG\center_2026_08_02_20_03_31_357.jpg;0
C:\Users\Tune and Tones\Documents\traindata\IMG\center_2026_08_02_20_03_31_429.jpg;0
C:\Users\Tune and Tones\Documents\traindata\IMG\center_2026_08_02_20_03_31_506.jpg;-0.2
C:\Users\Tune and Tones\Documents\traindata\IMG\center_2026_08_02_20_03_31_583.jpg;-0.35
C:\Users\Tune and Tones\Documents\traindata\IMG\center_2026_08_02_20_03_31_661.jpg;-0.5500001
C:\Users\Tune and Tones\Documents\traindata\IMG\center_2026_08_02_20_03_31_731.jpg;-0.7500002
C:\Users\Tune and Tones\Documents\traindata\IMG\center_2026_08_02_20_03_31_811.jpg;-0.9500002
C:\Users\Tune and Tones\Documents\traindata\IMG\center_2026_08_02_20_03_31_882.jpg;-1
C:\Users\Tune and Tones\Documents\traindata\IMG\center_2026_08_02_20_03_31_955.jpg;-1
C:\Users\Tune and Tones\Documents\traindata\IMG\center_2026_08_02_20_03_32_038.jpg;-1
C:\Users\Tune and Tones\Documents\traindata\IMG\center_2026_08_02_20_03_32_112.jpg;-1
C:\Users\Tune and Tones\Documents\traindata\IMG\center_2026_08_02_20_03_32_202.jpg;-1
C:\Users\Tune and Tones\Documents\traindata\IMG\center_2026_08_02_20_03_32_287.jpg;0
C:\Users\Tune and Tones\Documents\traindata\IMG\center_2026_08_02_20_03_32_369.jpg;0
C:\Users\Tune and Tones\Documents\traindata\IMG\center_2026_08_02_20_03_32_453.jpg;0
C:\Users\Tune and Tones\Documents\traindata\IMG\center_2026_08_02_20_03_32_537.jpg;0
C:\Users\Tune and Tones\Documents\traindata\IMG\center_2026_08_02_20_03_32_619.jpg;0
C:\Users\Tune and Tones\Documents\traindata\IMG\center_2026_08_02_20_03_32_698.jpg;0
C:\Users\Tune and Tones\Documents\traindata\IMG\center_2026_08_02_20_03_32_779.jpg;0
C:\Users\Tune and Tones\Documents\traindata\IMG\center_2026_08_02_20_03_32_860.jpg;0.2
C:\Users\Tune and Tones\Documents\traindata\IMG\center_2026_08_02_20_03_32_939.jpg;0.4
C:\Users\Tune and Tones\Documents\traindata\IMG\center_2026_08_02_20_03_33_023.jpg;0.6000001
C:\Users\Tune and Tones\Documents\traindata\IMG\center_2026_08_02_20_03_33_104.jpg;0
C:\Users\Tune and Tones\Documents\traindata\IMG\center_2026_08_02_20_03_33_188.jpg;0
C:\Users\Tune and Tones\Documents\traindata\IMG\center_2026_08_02_20_03_33_268.jpg;0
C:\Users\Tune and Tones\Documents\traindata\IMG\center_2026_08_02_20_03_33_351.jpg;0
C:\Users\Tune and Tones\Documents\traindata\IMG\center_2026_08_02_20_03_33_436.jpg;0
C:\Users\Tune and Tones\Documents\traindata\IMG\center_2026_08_02_20_03_33_511.jpg;0
C:\Users\Tune and Tones\Documents\traindata\IMG\center_2026_08_02_20_03_33_597.jpg;0
C:\Users\Tune and Tones\Documents\traindata\IMG\center_2026_08_02_20_03_33_669.jpg;0
C:\Users\Tune and Tones\Documents\traindata\IMG\center_2026_08_02_20_03_33_750.jpg;0
C:\Users\Tune and Tones\Documents\traindata\IMG\center_2026_08_02_20_03_33_835.jpg;0
C:\Users\Tune and Tones\Documents\traindata\IMG\center_2026_08_02_20_03_33_911.jpg;0
C:\Users\Tune and Tones\Documents\traindata\IMG\center_2026_08_02_20_03_33_989.jpg;0
C:\Users\Tune and Tones\Documents\traindata\IMG\center_2026_08_02_20_03_34_068.jpg;0
C:\Users\Tune and Tones\Documents\traindata\IMG\center_2026_08_02_20_03_34_151.jpg;0
C:\Users\Tune and Tones\Documents\traindata\IMG\center_2026_08_02_20_03_34_236.jpg;0
C:\Users\Tune and Tones\Documents\traindata\IMG\center_2026_08_02_20_03_34_319.jpg;0
C:\Users\Tune and Tones\Documents\traindata\IMG\center_2026_08_02_20_03_34_398.jpg;0
C:\Users\Tune and Tones\Documents\traindata\IMG\center_2026_08_02_20_03_34_484.jpg;0
C:\Users\Tune and Tones\Documents\traindata\IMG\center_2026_08_02_20_03_34_566.jpg;0
C:\Users\Tune and Tones\Documents\traindata\IMG\center_2026_08_02_20_03_34_648.jpg;0
C:\Users\Tune and Tones\Documents\traindata\IMG\center_2026_08_02_20_03_34_733.jpg;0
C:\Users\Tune and Tones\Documents\traindata\IMG\center_2026_08_02_20_03_34_821.jpg;0
C:\Users\Tune and Tones\Documents\traindata\IMG\center_2026_08_02_20_03_34_904.jpg;-0.2
C:\Users\Tune and Tones\Documents\traindata\IMG\center_2026_08_02_20_03_34_991.jpg;0
C:\Users\Tune and Tones\Documents\traindata\IMG\center_2026_08_02_20_03_35_076.jpg;0
C:\Users\Tune and Tones\Documents\traindata\IMG\center_2026_08_02_20_03_35_162.jpg;0
C:\Users\Tune and Tones\Documents\traindata\IMG\center_2026_08_02_20_03_35_250.jpg;0
C:\Users\Tune and Tones\Documents\traindata\IMG\center_2026_08_02_20_03_35_333.jpg;0
C:\Users\Tune and Tones\Documents\traindata\IMG\center_2026_08_02_20_03_35_422.jpg;0
C:\Users\Tune and Tones\Documents\traindata\IMG\center_2026_08_02_20_03_35_517.jpg;0
C:\Users\Tune and Tones\Documents\traindata\IMG\center_2026_08_02_20_03_35_600.jpg;0
C:\Users\Tune and Tones\Documents\traindata\IMG\center_2026_08_02_20_03_35_681.jpg;0
C:\Users\Tune and Tones\Documents\traindata\IMG\center_2026_08_02_20_03_35_778.jpg;0
C:\Users\Tune and Tones\Documents\traindata\IMG\center_2026_08_02_20_03_35_861.jpg;0
C:\Users\Tune and Tones\Documents\traindata\IMG\center_2026_08_02_20_03_35_946.jpg;-0.25
C:\Users\Tune and Tones\Documents\traindata\IMG\center_2026_08_02_20_03_36_034.jpg;0
C:\Users\Tune and Tones\Documents\traindata\IMG\center_2026_08_02_20_03_36_127.jpg;0
C:\Users\Tune and Tones\Documents\traindata\IMG\center_2026_08_02_20_03_36_213.jpg;0
C:\Users\Tune and Tones\Documents\traindata\IMG\center_2026_08_02_20_03_36_305.jpg;0
C:\Users\Tune and Tones\Documents\traindata\IMG\center_2026_08_02_20_03_36_402.jpg;0
C:\Users\Tune and Tones\Documents\traindata\IMG\center_2026_08_02_20_03_36_491.jpg;0
C:\Users\Tune and Tones\Documents\traindata\IMG\center_2026_08_02_20_03_36_581.jpg;0
C:\Users\Tune and Tones\Documents\traindata\IMG\center_2026_08_02_20_03_36_672.jpg;-0.25
C:\Users\Tune and Tones\Documents\traindata\IMG\center_2026_08_02_20_03_36_766.jpg;-0.45
C:\Users\Tune and Tones\Documents\traindata\IMG\center_2026_08_02_20_03_36_866.jpg;0
C:\Users\Tune and Tones\Documents\traindata\IMG\center_2026_08_02_20_03_36_965.jpg;0
C:\Users\Tune and Tones\Documents\traindata\IMG\center_2026_08_02_20_03_37_060.jpg;0
C:\Users\Tune and Tones\Documents\traindata\IMG\center_2026_08_02_20_03_37_162.jpg;0
C:\Users\Tune and Tones\Documents\traindata\IMG\center_2026_08_02_20_03_37_259.jpg;0
C:\Users\Tune and Tones\Documents\traindata\IMG\center_2026_08_02_20_03_37_353.jpg;0
C:\Users\Tune and Tones\Documents\traindata\IMG\center_2026_08_02_20_03_37_454.jpg;0
C:\Users\Tune and Tones\Documents\traindata\IMG\center_2026_08_02_20_03_37_555.jpg;0
C:\Users\Tune and Tones\Documents\traindata\IMG\center_2026_08_02_20_03_37_657.jpg;0
C:\Users\Tune and Tones\Documents\traindata\IMG\center_2026_08_02_20_03_37_760.jpg;0
C:\Users\Tune and Tones\Documents\traindata\IMG\center_2026_08_02_20_03_37_858.jpg;0
C:\Users\Tune and Tones\Documents\traindata\IMG\center_2026_08_02_20_03_37_954.jpg;0
C:\Users\Tune and Tones\Documents\traindata\IMG\center_2026_08_02_20_03_38_059.jpg;0
C:\Users\Tune and Tones\Documents\traindata\IMG\center_2026_08_02_20_03_38_150.jpg;0.25
C:\Users\Tune and Tones\Documents\traindata\IMG\center_2026_08_02_20_03_38_248.jpg;0.5000001
C:\Users\Tune and Tones\Documents\traindata\IMG\center_2026_08_02_20_03_38_340.jpg;0.7
C:\Users\Tune and Tones\Documents\traindata\IMG\center_2026_08_02_20_03_38_434.jpg;0
C:\Users\Tune and Tones\Documents\traindata\IMG\center_2026_08_02_20_03_38_530.jpg;0
C:\Users\Tune and Tones\Documents\traindata\IMG\center_2026_08_02_20_03_38_623.jpg;0
C:\Users\Tune and Tones\Documents\traindata\IMG\center_2026_08_02_20_03_38_716.jpg;0
C:\Users\Tune and Tones\Documents\traindata\IMG\center_2026_08_02_20_03_38_809.jpg;0
C:\Users\Tune and Tones\Documents\traindata\IMG\center_2026_08_02_20_03_38_905.jpg;0
C:\Users\Tune and Tones\Documents\traindata\IMG\center_2026_08_02_20_03_39_009.jpg;0
C:\Users\Tune and Tones\Documents\traindata\IMG\center_2026_08_02_20_03_39_109.jpg;0
C:\Users\Tune and Tones\Documents\traindata\IMG\center_2026_08_02_20_03_39_208.jpg;0
C:\Users\Tune and Tones\Documents\traindata\IMG\center_2026_08_02_20_03_39_311.jpg;0.25
C:\Users\Tune and Tones\Documents\traindata\IMG\center_2026_08_02_20_03_39_416.jpg;0.5000001
C:\Users\Tune and Tones\Documents\traindata\IMG\center_2026_08_02_20_03_39_519.jpg;0.7500002
C:\Users\Tune and Tones\Documents\traindata\IMG\center_2026_08_02_20_03_39_618.jpg;0
C:\Users\Tune and Tones\Documents\traindata\IMG\center_2026_08_02_20_03_39_722.jpg;0
C:\Users\Tune and Tones\Documents\traindata\IMG\center_2026_08_02_20_03_39_824.jpg;0
C:\Users\Tune and Tones\Documents\traindata\IMG\center_2026_08_02_20_03_39_927.jpg;0
C:\Users\Tune and Tones\Documents\traindata\IMG\center_2026_08_02_20_03_40_027.jpg;0
C:\Users\Tune and Tones\Documents\traindata\IMG\center_2026_08_02_20_03_40_122.jpg;0
C:\Users\Tune and Tones\Documents\traindata\IMG\center_2026_08_02_20_03_40_215.jpg;0
C:\Users\Tune and Tones\Documents\traindata\IMG\center_2026_08_02_20_03_40_308.jpg;0
C:\Users\Tune and Tones\Documents\traindata\IMG\center_2026_08_02_20_03_40_398.jpg;0
C:\Users\Tune and Tones\Documents\traindata\IMG\center_2026_08_02_20_03_40_487.jpg;0
C:\Users\Tune and Tones\Documents\traindata\IMG\center_2026_08_02_20_03_40_579.jpg;0
C:\Users\Tune and Tones\Documents\traindata\IMG\center_2026_08_02_20_03_40_669.jpg;0.25
C:\Users\Tune and Tones\Documents\traindata\IMG\center_2026_08_02_20_03_40_761.jpg;0.45
C:\Users\Tune and Tones\Documents\traindata\IMG\center_2026_08_02_20_03_40_847.jpg;0.7
C:\Users\Tune and Tones\Documents\traindata\IMG\center_2026_08_02_20_03_40_939.jpg;0.9000002
C:\Users\Tune and Tones\Documents\traindata\IMG\center_2026_08_02_20_03_41_031.jpg;0
C:\Users\Tune and Tones\Documents\traindata\IMG\center_2026_08_02_20_03_41_121.jpg;0
C:\Users\Tune and Tones\Documents\traindata\IMG\center_2026_08_02_20_03_41_209.jpg;0
C:\Users\Tune and Tones\Documents\traindata\IMG\center_2026_08_02_20_03_41_299.jpg;0
C:\Users\Tune and Tones\Documents\traindata\IMG\center_2026_08_02_20_03_41_393.jpg;0.25
C:\Users\Tune and Tones\Documents\traindata\IMG\center_2026_08_02_20_03_41_483.jpg;0.45
C:\Users\Tune and Tones\Documents\traindata\IMG\center_2026_08_02_20_03_41_573.jpg;0.7
C:\Users\Tune and Tones\Documents\traindata\IMG\center_2026_08_02_20_03_41_662.jpg;0.9000002
C:\Users\Tune and Tones\Documents\traindata\IMG\center_2026_08_02_20_03_41_755.jpg;0
C:\Users\Tune and Tones\Documents\traindata\IMG\center_2026_08_02_20_03_41_845.jpg;0
C:\Users\Tune and Tones\Documents\traindata\IMG\center_2026_08_02_20_03_41_939.jpg;0
C:\Users\Tune and Tones\Documents\traindata\IMG\center_2026_08_02_20_03_42_026.jpg;0
C:\Users\Tune and Tones\Documents\traindata\IMG\center_2026_08_02_20_03_42_119.jpg;0.2
C:\Users\Tune and Tones\Documents\traindata\IMG\center_2026_08_02_20_03_42_212.jpg;0.45
C:\Users\Tune and Tones\Documents\traindata\IMG\center_2026_08_02_20_03_42_295.jpg;0.6500001
C:\Users\Tune and Tones\Documents\traindata\IMG\center_2026_08_02_20_03_42_384.jpg;0.8500001
C:\Users\Tune and Tones\Documents\traindata\IMG\center_2026_08_02_20_03_42_473.jpg;0
C:\Users\Tune and Tones\Documents\traindata\IMG\center_2026_08_02_20_03_42_564.jpg;0
C:\Users\Tune and Tones\Documents\traindata\IMG\center_2026_08_02_20_03_42_654.jpg;0
C:\Users\Tune and Tones\Documents\traindata\IMG\center_2026_08_02_20_03_42_740.jpg;0
C:\Users\Tune and Tones\Documents\traindata\IMG\center_2026_08_02_20_03_42_837.jpg;0
C:\Users\Tune and Tones\Documents\traindata\IMG\center_2026_08_02_20_03_42_925.jpg;0
C:\Users\Tune and Tones\Documents\traindata\IMG\center_2026_08_02_20_03_43_012.jpg;0.25
C:\Users\Tune and Tones\Documents\traindata\IMG\center_2026_08_02_20_03_43_095.jpg;0
C:\Users\Tune and Tones\Documents\traindata\IMG\center_2026_08_02_20_03_43_183.jpg;0
C:\Users\Tune and Tones\Documents\traindata\IMG\center_2026_08_02_20_03_43_270.jpg;0
C:\Users\Tune and Tones\Documents\traindata\IMG\center_2026_08_02_20_03_43_364.jpg;0
C:\Users\Tune and Tones\Documents\traindata\IMG\center_2026_08_02_20_03_43_451.jpg;0
C:\Users\Tune and Tones\Documents\traindata\IMG\center_2026_08_02_20_03_43_538.jpg;0
C:\Users\Tune and Tones\Documents\traindata\IMG\center_2026_08_02_20_03_43_620.jpg;0
C:\Users\Tune and Tones\Documents\traindata\IMG\center_2026_08_02_20_03_43_705.jpg;0.2
C:\Users\Tune and Tones\Documents\traindata\IMG\center_2026_08_02_20_03_43_793.jpg;0.45
C:\Users\Tune and Tones\Documents\traindata\IMG\center_2026_08_02_20_03_43_881.jpg;0.6500001
C:\Users\Tune and Tones\Documents\traindata\IMG\center_2026_08_02_20_03_43_968.jpg;0
C:\Users\Tune and Tones\Documents\traindata\IMG\center_2026_08_02_20_03_44_050.jpg;0
C:\Users\Tune and Tones\Documents\traindata\IMG\center_2026_08_02_20_03_44_137.jpg;0
C:\Users\Tune and Tones\Documents\traindata\IMG\center_2026_08_02_20_03_44_226.jpg;0
C:\Users\Tune and Tones\Documents\traindata\IMG\center_2026_08_02_20_03_44_316.jpg;0
C:\Users\Tune and Tones\Documents\traindata\IMG\center_2026_08_02_20_03_44_402.jpg;0.2
C:\Users\Tune and Tones\Documents\traindata\IMG\center_2026_08_02_20_03_44_487.jpg;0.4
C:\Users\Tune and Tones\Documents\traindata\IMG\center_2026_08_02_20_03_44_572.jpg;0.6500001
C:\Users\Tune and Tones\Documents\traindata\IMG\center_2026_08_02_20_03_44_648.jpg;0
C:\Users\Tune and Tones\Documents\traindata\IMG\center_2026_08_02_20_03_44_738.jpg;0
C:\Users\Tune and Tones\Documents\traindata\IMG\center_2026_08_02_20_03_44_824.jpg;0
C:\Users\Tune and Tones\Documents\traindata\IMG\center_2026_08_02_20_03_44_909.jpg;0
C:\Users\Tune and Tones\Documents\traindata\IMG\center_2026_08_02_20_03_44_993.jpg;0
C:\Users\Tune and Tones\Documents\traindata\IMG\center_2026_08_02_20_03_45_084.jpg;0
C:\Users\Tune and Tones\Documents\traindata\IMG\center_2026_08_02_20_03_45_169.jpg;0
C:\Users\Tune and Tones\Documents\traindata\IMG\center_2026_08_02_20_03_45_252.jpg;0
C:\Users\Tune and Tones\Documents\traindata\IMG\center_2026_08_02_20_03_45_338.jpg;0
C:\Users\Tune and Tones\Documents\traindata\IMG\center_2026_08_02_20_03_45_421.jpg;0
C:\Users\Tune and Tones\Documents\traindata\IMG\center_2026_08_02_20_03_45_507.jpg;0
C:\Users\Tune and Tones\Documents\traindata\IMG\center_2026_08_02_20_03_45_592.jpg;0
C:\Users\Tune and Tones\Documents\traindata\IMG\center_2026_08_02_20_03_45_672.jpg;0
C:\Users\Tune and Tones\Documents\traindata\IMG\center_2026_08_02_20_03_45_761.jpg;0.2
C:\Users\Tune and Tones\Documents\traindata\IMG\center_2026_08_02_20_03_45_840.jpg;0.4
C:\Users\Tune and Tones\Documents\traindata\IMG\center_2026_08_02_20_03_45_921.jpg;0
C:\Users\Tune and Tones\Documents\traindata\IMG\center_2026_08_02_20_03_46_003.jpg;0
C:\Users\Tune and Tones\Documents\traindata\IMG\center_2026_08_02_20_03_46_081.jpg;0
C:\Users\Tune and Tones\Documents\traindata\IMG\center_2026_08_02_20_03_46_162.jpg;0
C:\Users\Tune and Tones\Documents\traindata\IMG\center_2026_08_02_20_03_46_245.jpg;0
C:\Users\Tune and Tones\Documents\traindata\IMG\center_2026_08_02_20_03_46_321.jpg;0
C:\Users\Tune and Tones\Documents\traindata\IMG\center_2026_08_02_20_03_46_396.jpg;0
C:\Users\Tune and Tones\Documents\traindata\IMG\center_2026_08_02_20_03_46_475.jpg;0
C:\Users\Tune and Tones\Documents\traindata\IMG\center_2026_08_02_20_03_46_557.jpg;0
C:\Users\Tune and Tones\Documents\traindata\IMG\center_2026_08_02_20_03_46_632.jpg;0
C:\Users\Tune and Tones\Documents\traindata\IMG\center_2026_08_02_20_03_46_709.jpg;0
C:\Users\Tune and Tones\Documents\traindata\IMG\center_2026_08_02_20_03_46_792.jpg;0
C:\Users\Tune and Tones\Documents\traindata\IMG\center_2026_08_02_20_03_46_864.jpg;0
C:\Users\Tune and Tones\Documents\traindata\IMG\center_2026_08_02_20_03_46_940.jpg;0
C:\Users\Tune and Tones\Documents\traindata\IMG\center_2026_08_02_20_03_47_018.jpg;0
C:\Users\Tune and Tones\Documents\traindata\IMG\center_2026_08_02_20_03_47_090.jpg;0
C:\Users\Tune and Tones\Documents\traindata\IMG\center_2026_08_02_20_03_47_168.jpg;0
C:\Users\Tune and Tones\Documents\traindata\IMG\center_2026_08_02_20_03_47_243.jpg;0
C:\Users\Tune and Tones\Documents\traindata\IMG\center_2026_08_02_20_03_47_321.jpg;0
C:\Users\Tune and Tones\Documents\traindata\IMG\center_2026_08_02_20_03_47_399.jpg;0
C:\Users\Tune and Tones\Documents\traindata\IMG\center_2026_08_02_20_03_47_480.jpg;0
C:\Users\Tune and Tones\Documents\traindata\IMG\center_2026_08_02_20_03_47_557.jpg;0
C:\Users\Tune and Tones\Documents\traindata\IMG\center_2026_08_02_20_03_47_644.jpg;0
C:\Users\Tune and Tones\Documents\traindata\IMG\center_2026_08_02_20_03_47_714.jpg;0
C:\Users\Tune and Tones\Documents\traindata\IMG\center_2026_08_02_20_03_47_793.jpg;0
C:\Users\Tune and Tones\Documents\traindata\IMG\center_2026_08_02_20_03_47_869.jpg;0
C:\Users\Tune and Tones\Documents\traindata\IMG\center_2026_08_02_20_03_47_945.jpg;0